id,label,path,duration,sample_rate,channels,split
id_v8rz06e6rv31.wav,mbili,data/raw/id_v8rz06e6rv31.wav,3.584,16000,1,test
id_vmbwicdpfn68.wav,tatu,data/raw/id_vmbwicdpfn68.wav,3.6,16000,1,val
id_injlouhxg1hg.wav,ndio,data/raw/id_injlouhxg1hg.wav,2.56,16000,1,train
id_gdq23p6xgzya.wav,nne,data/raw/id_gdq23p6xgzya.wav,3.04,16000,1,val
id_lpstklz51zpz.wav,nane,data/raw/id_lpstklz51zpz.wav,3.12,16000,1,val
id_xdmrc926jjzo.wav,hapana,data/raw/id_xdmrc926jjzo.wav,5.76,16000,1,train
id_yi4rczw93cmy.wav,nne,data/raw/id_yi4rczw93cmy.wav,5.248,16000,1,train
id_vagr998f6v11.wav,nane,data/raw/id_vagr998f6v11.wav,4.48,16000,1,val
id_2crn2mrqxico.wav,mbili,data/raw/id_2crn2mrqxico.wav,4.16,16000,1,train
id_rj977o1rxrue.wav,nne,data/raw/id_rj977o1rxrue.wav,6.4,16000,1,train
id_umbuepm9uafo.wav,sita,data/raw/id_umbuepm9uafo.wav,4.16,16000,1,train
id_9gkg1o4pjle1.wav,tatu,data/raw/id_9gkg1o4pjle1.wav,3.12,16000,1,train
id_qoa7f8xeu9a6.wav,mbili,data/raw/id_qoa7f8xeu9a6.wav,3.12,16000,1,train
id_i4h4403hmxza.wav,nne,data/raw/id_i4h4403hmxza.wav,6.64,16000,1,train
id_dsfplbpe1rki.wav,tisa,data/raw/id_dsfplbpe1rki.wav,3.44,16000,1,train
id_jr15effb0pir.wav,tisa,data/raw/id_jr15effb0pir.wav,8.448,16000,1,train
id_3njxhyz4ieuh.wav,tatu,data/raw/id_3njxhyz4ieuh.wav,3.84,16000,1,train
id_l9bm3ad5oe0l.wav,sita,data/raw/id_l9bm3ad5oe0l.wav,4.4,16000,1,train
id_twhce0u5wcg0.wav,hapana,data/raw/id_twhce0u5wcg0.wav,6.08,16000,1,test
id_9fwf3aocioyf.wav,sita,data/raw/id_9fwf3aocioyf.wav,6.16,16000,1,train
id_9cyou9zspfz0.wav,tisa,data/raw/id_9cyou9zspfz0.wav,3.84,16000,1,train
id_5cb9ftsyyili.wav,tatu,data/raw/id_5cb9ftsyyili.wav,4.0,16000,1,train
id_24cr50pvhf8o.wav,mbili,data/raw/id_24cr50pvhf8o.wav,4.48,16000,1,train
id_5oqh9t3kjd6p.wav,ndio,data/raw/id_5oqh9t3kjd6p.wav,3.44,16000,1,train
id_3komqnffiaet.wav,moja,data/raw/id_3komqnffiaet.wav,3.44,16000,1,test
id_41cthw41sj0v.wav,mbili,data/raw/id_41cthw41sj0v.wav,3.44,16000,1,train
id_lbhxpmz7zdxl.wav,nane,data/raw/id_lbhxpmz7zdxl.wav,4.16,16000,1,test
id_onab1gn9vyfo.wav,sita,data/raw/id_onab1gn9vyfo.wav,3.52,16000,1,train
id_giv6yxiwwxsw.wav,nane,data/raw/id_giv6yxiwwxsw.wav,2.72,16000,1,test
id_w52t2zkrpgc5.wav,saba,data/raw/id_w52t2zkrpgc5.wav,3.92,16000,1,val
id_jko03l8gm73t.wav,nane,data/raw/id_jko03l8gm73t.wav,3.44,16000,1,val
id_m4ff7onw3fms.wav,mbili,data/raw/id_m4ff7onw3fms.wav,3.68,16000,1,train
id_wg69s96v2760.wav,mbili,data/raw/id_wg69s96v2760.wav,3.52,16000,1,train
id_may1gsj7sxac.wav,sita,data/raw/id_may1gsj7sxac.wav,4.88,16000,1,val
id_dd31f3us2s09.wav,ndio,data/raw/id_dd31f3us2s09.wav,7.2,16000,1,test
id_1ueypqi5r0rz.wav,nne,data/raw/id_1ueypqi5r0rz.wav,5.44,16000,1,train
id_q84q2q7bq4bw.wav,saba,data/raw/id_q84q2q7bq4bw.wav,2.72,16000,1,train
id_v5fdxzbzn6ub.wav,saba,data/raw/id_v5fdxzbzn6ub.wav,3.76,16000,1,val
id_6udcu00kwjsd.wav,moja,data/raw/id_6udcu00kwjsd.wav,5.68,16000,1,train
id_8jht0664lv0p.wav,nane,data/raw/id_8jht0664lv0p.wav,4.56,16000,1,train
id_8a21f8glkb0e.wav,tano,data/raw/id_8a21f8glkb0e.wav,3.12,16000,1,test
id_13i0bo3bohuf.wav,tisa,data/raw/id_13i0bo3bohuf.wav,4.56,16000,1,train
id_so1c9vym5lo2.wav,tisa,data/raw/id_so1c9vym5lo2.wav,4.56,16000,1,train
id_v5jidecrj9zb.wav,tano,data/raw/id_v5jidecrj9zb.wav,3.968,16000,1,val
id_6lnhwl1tseen.wav,tano,data/raw/id_6lnhwl1tseen.wav,4.48,16000,1,train
id_hmdodllrirqj.wav,nane,data/raw/id_hmdodllrirqj.wav,4.0,16000,1,train
id_t8ey9zv3pa4f.wav,tisa,data/raw/id_t8ey9zv3pa4f.wav,4.32,16000,1,train
id_9fh4blwgddx8.wav,moja,data/raw/id_9fh4blwgddx8.wav,4.32,16000,1,train
id_v0h1esms6sgt.wav,tano,data/raw/id_v0h1esms6sgt.wav,3.36,16000,1,train
id_lfcurhbchbeb.wav,ndio,data/raw/id_lfcurhbchbeb.wav,4.8,16000,1,train
id_345mh52fjket.wav,saba,data/raw/id_345mh52fjket.wav,3.84,16000,1,train
id_e4qje03mbvp8.wav,hapana,data/raw/id_e4qje03mbvp8.wav,3.44,16000,1,train
id_on0ucruv0rqt.wav,nane,data/raw/id_on0ucruv0rqt.wav,3.84,16000,1,train
id_3ys2g1uk50gb.wav,kumi,data/raw/id_3ys2g1uk50gb.wav,4.352,16000,1,train
id_8gjngqln3d3i.wav,moja,data/raw/id_8gjngqln3d3i.wav,4.96,16000,1,train
id_6wkd8x8kb6y5.wav,tisa,data/raw/id_6wkd8x8kb6y5.wav,4.16,16000,1,train
id_hirkpckdk7b2.wav,saba,data/raw/id_hirkpckdk7b2.wav,7.76,16000,1,train
id_pjjo0i3k6os0.wav,kumi,data/raw/id_pjjo0i3k6os0.wav,5.504,16000,1,train
id_7byz1le3s8tn.wav,saba,data/raw/id_7byz1le3s8tn.wav,6.4,16000,1,train
id_45x8sv07uxhw.wav,mbili,data/raw/id_45x8sv07uxhw.wav,5.248,16000,1,train
id_sc6zsndp9k36.wav,saba,data/raw/id_sc6zsndp9k36.wav,4.48,16000,1,train
id_ttax9f0kpx0d.wav,ndio,data/raw/id_ttax9f0kpx0d.wav,3.68,16000,1,train
id_mj461jnd11rn.wav,mbili,data/raw/id_mj461jnd11rn.wav,3.28,16000,1,train
id_pp2axmpwh7e0.wav,tisa,data/raw/id_pp2axmpwh7e0.wav,3.04,16000,1,val
id_1fn5d1sy5hoy.wav,sita,data/raw/id_1fn5d1sy5hoy.wav,4.48,16000,1,train
id_crt6lnkcg3wn.wav,kumi,data/raw/id_crt6lnkcg3wn.wav,3.84,16000,1,train
id_eahwk1zr1pun.wav,nane,data/raw/id_eahwk1zr1pun.wav,4.24,16000,1,train
id_db6irdplascn.wav,ndio,data/raw/id_db6irdplascn.wav,3.28,16000,1,train
id_m8fqgasaalrx.wav,tisa,data/raw/id_m8fqgasaalrx.wav,4.4,16000,1,val
id_ir9slbq1gr16.wav,saba,data/raw/id_ir9slbq1gr16.wav,5.04,16000,1,test
id_95h02wke6ruj.wav,ndio,data/raw/id_95h02wke6ruj.wav,5.12,16000,1,test
id_v89zt7l3kfme.wav,kumi,data/raw/id_v89zt7l3kfme.wav,4.48,16000,1,train
id_hvh9coydoxx9.wav,ndio,data/raw/id_hvh9coydoxx9.wav,5.12,16000,1,train
id_g2wbrwq80ro7.wav,tisa,data/raw/id_g2wbrwq80ro7.wav,6.4,16000,1,test
id_1ju7bqqkby5n.wav,sita,data/raw/id_1ju7bqqkby5n.wav,3.712,16000,1,train
id_m1z78clx7dn5.wav,ndio,data/raw/id_m1z78clx7dn5.wav,4.56,16000,1,test
id_15k8lkc7x9vj.wav,hapana,data/raw/id_15k8lkc7x9vj.wav,3.52,16000,1,val
id_piba0aw4b8e5.wav,ndio,data/raw/id_piba0aw4b8e5.wav,5.2,16000,1,train
id_sdmmoy0lo2r6.wav,ndio,data/raw/id_sdmmoy0lo2r6.wav,3.92,16000,1,train
id_byp380m199nh.wav,moja,data/raw/id_byp380m199nh.wav,4.24,16000,1,train
id_hst0uacjhv0z.wav,nne,data/raw/id_hst0uacjhv0z.wav,3.6,16000,1,train
id_9hem52dsvmdh.wav,mbili,data/raw/id_9hem52dsvmdh.wav,3.84,16000,1,train
id_s4s3nzlnnblh.wav,kumi,data/raw/id_s4s3nzlnnblh.wav,4.64,16000,1,test
id_8iotg6c3yrvz.wav,tisa,data/raw/id_8iotg6c3yrvz.wav,3.92,16000,1,train
id_wcku35q7x7hx.wav,tano,data/raw/id_wcku35q7x7hx.wav,3.68,16000,1,train
id_4lyffxy4mtxg.wav,nne,data/raw/id_4lyffxy4mtxg.wav,3.76,16000,1,val
id_ikqrhb9zku8j.wav,tano,data/raw/id_ikqrhb9zku8j.wav,6.64,16000,1,train
id_wlqsrpjcgyo8.wav,mbili,data/raw/id_wlqsrpjcgyo8.wav,5.76,16000,1,train
id_y0gczq07xd87.wav,nne,data/raw/id_y0gczq07xd87.wav,3.28,16000,1,train
id_75627mkeqas9.wav,sita,data/raw/id_75627mkeqas9.wav,3.44,16000,1,test
id_2uuqs2pwdcrg.wav,sita,data/raw/id_2uuqs2pwdcrg.wav,3.28,16000,1,train
id_6090xr24pzrl.wav,nane,data/raw/id_6090xr24pzrl.wav,5.44,16000,1,train
id_54ryxrykpgmk.wav,sita,data/raw/id_54ryxrykpgmk.wav,4.88,16000,1,train
id_eqzok6yvg8rd.wav,nane,data/raw/id_eqzok6yvg8rd.wav,4.48,16000,1,train
id_wlu4pd772elr.wav,moja,data/raw/id_wlu4pd772elr.wav,4.96,16000,1,val
id_ob68wxulbssc.wav,kumi,data/raw/id_ob68wxulbssc.wav,8.72,16000,1,train
id_zlfcanji96h7.wav,tano,data/raw/id_zlfcanji96h7.wav,3.36,16000,1,val
id_58488x5vhql6.wav,kumi,data/raw/id_58488x5vhql6.wav,6.88,16000,1,train
id_7kxef83vcn3c.wav,ndio,data/raw/id_7kxef83vcn3c.wav,4.56,16000,1,test
id_6uhocblb2f13.wav,kumi,data/raw/id_6uhocblb2f13.wav,4.08,16000,1,val
id_uh8wrfd6an09.wav,kumi,data/raw/id_uh8wrfd6an09.wav,5.04,16000,1,train
id_9an73fv3g83d.wav,moja,data/raw/id_9an73fv3g83d.wav,4.0,16000,1,val
id_sos1t3kcvvmf.wav,mbili,data/raw/id_sos1t3kcvvmf.wav,4.4,16000,1,train
id_t7zrm8kgebn2.wav,hapana,data/raw/id_t7zrm8kgebn2.wav,3.52,16000,1,val
id_bln3iqc57vrx.wav,ndio,data/raw/id_bln3iqc57vrx.wav,3.36,16000,1,train
id_3v9vnj4ey1ks.wav,tisa,data/raw/id_3v9vnj4ey1ks.wav,4.72,16000,1,val
id_qyqj1jczxiji.wav,saba,data/raw/id_qyqj1jczxiji.wav,4.96,16000,1,train
id_q9rm5mg4jrbe.wav,saba,data/raw/id_q9rm5mg4jrbe.wav,4.8,16000,1,test
id_gjoxavdjb938.wav,tano,data/raw/id_gjoxavdjb938.wav,4.72,16000,1,test
id_z2tnre574wjd.wav,nne,data/raw/id_z2tnre574wjd.wav,4.72,16000,1,test
id_1hqdop8jr077.wav,tano,data/raw/id_1hqdop8jr077.wav,4.24,16000,1,train
id_dekjzvqx2muu.wav,sita,data/raw/id_dekjzvqx2muu.wav,5.6,16000,1,train
id_74hva2szczp1.wav,mbili,data/raw/id_74hva2szczp1.wav,4.4,16000,1,train
id_kpqbnogotvbl.wav,mbili,data/raw/id_kpqbnogotvbl.wav,9.36,16000,1,val
id_ok38mayxywam.wav,ndio,data/raw/id_ok38mayxywam.wav,5.248,16000,1,test
id_gcxevd7mkmyk.wav,tatu,data/raw/id_gcxevd7mkmyk.wav,4.608,16000,1,train
id_6x44g3xxfxqn.wav,kumi,data/raw/id_6x44g3xxfxqn.wav,3.76,16000,1,train
id_o92a5wvy2dto.wav,sita,data/raw/id_o92a5wvy2dto.wav,5.84,16000,1,train
id_frj8pren0uqv.wav,kumi,data/raw/id_frj8pren0uqv.wav,3.84,16000,1,val
id_jud80yru7ozc.wav,kumi,data/raw/id_jud80yru7ozc.wav,3.76,16000,1,val
id_01v7ycmw6imm.wav,tano,data/raw/id_01v7ycmw6imm.wav,3.52,16000,1,train
id_pwmqp1td6k8w.wav,nane,data/raw/id_pwmqp1td6k8w.wav,8.448,16000,1,train
id_90cs3gcrbvdm.wav,nane,data/raw/id_90cs3gcrbvdm.wav,5.52,16000,1,val
id_lgr966u3pebb.wav,tisa,data/raw/id_lgr966u3pebb.wav,5.2,16000,1,train
id_rr1qabm1x27p.wav,tatu,data/raw/id_rr1qabm1x27p.wav,4.48,16000,1,train
id_ox5wkhuv0kzj.wav,tisa,data/raw/id_ox5wkhuv0kzj.wav,4.352,16000,1,train
id_9rub0857b757.wav,saba,data/raw/id_9rub0857b757.wav,4.56,16000,1,test
id_vcmfmh6bmz55.wav,mbili,data/raw/id_vcmfmh6bmz55.wav,6.48,16000,1,train
id_qjau1yqiw50z.wav,moja,data/raw/id_qjau1yqiw50z.wav,4.24,16000,1,train
id_0q98zb6cicse.wav,ndio,data/raw/id_0q98zb6cicse.wav,4.4,16000,1,train
id_tqioixaz6zap.wav,saba,data/raw/id_tqioixaz6zap.wav,4.608,16000,1,train
id_3vnmo4woeq3o.wav,tano,data/raw/id_3vnmo4woeq3o.wav,5.04,16000,1,train
id_vt5z9rq4oy5o.wav,sita,data/raw/id_vt5z9rq4oy5o.wav,6.08,16000,1,train
id_ny3yaiw9k30b.wav,saba,data/raw/id_ny3yaiw9k30b.wav,4.48,16000,1,train
id_ljdlz01pnbbh.wav,saba,data/raw/id_ljdlz01pnbbh.wav,4.24,16000,1,train
id_8vrsyogndaqu.wav,moja,data/raw/id_8vrsyogndaqu.wav,4.224,16000,1,train
id_jdyxgqi86r7x.wav,tano,data/raw/id_jdyxgqi86r7x.wav,4.16,16000,1,val
id_1maaphk2zo6r.wav,tatu,data/raw/id_1maaphk2zo6r.wav,4.08,16000,1,train
id_gkzjupd1gsr7.wav,mbili,data/raw/id_gkzjupd1gsr7.wav,6.56,16000,1,train
id_muq4ob47z6st.wav,tisa,data/raw/id_muq4ob47z6st.wav,4.736,16000,1,train
id_dxeoia0bfpg7.wav,tano,data/raw/id_dxeoia0bfpg7.wav,5.52,16000,1,train
id_ycpc7jwr5lpo.wav,kumi,data/raw/id_ycpc7jwr5lpo.wav,5.04,16000,1,train
id_gbthfnt4w0ty.wav,saba,data/raw/id_gbthfnt4w0ty.wav,4.4,16000,1,train
id_pwkm53rvdcs8.wav,tisa,data/raw/id_pwkm53rvdcs8.wav,4.224,16000,1,train
id_te7oyrse2zin.wav,ndio,data/raw/id_te7oyrse2zin.wav,3.36,16000,1,train
id_lrf0h0g1mj25.wav,mbili,data/raw/id_lrf0h0g1mj25.wav,3.52,16000,1,train
id_015rhcvf0g0y.wav,mbili,data/raw/id_015rhcvf0g0y.wav,3.68,16000,1,train
id_mpkun7ncjpq5.wav,ndio,data/raw/id_mpkun7ncjpq5.wav,4.48,16000,1,train
id_xhfms7h6fgbt.wav,ndio,data/raw/id_xhfms7h6fgbt.wav,4.32,16000,1,train
id_gjma0aokd92t.wav,sita,data/raw/id_gjma0aokd92t.wav,4.0,16000,1,train
id_56m81volv0bp.wav,tatu,data/raw/id_56m81volv0bp.wav,4.16,16000,1,train
id_s0l2eqc0e522.wav,nane,data/raw/id_s0l2eqc0e522.wav,5.92,16000,1,train
id_y0l7vc5uhs8x.wav,kumi,data/raw/id_y0l7vc5uhs8x.wav,5.12,16000,1,train
id_q9q0wovsxcum.wav,tano,data/raw/id_q9q0wovsxcum.wav,5.504,16000,1,train
id_syfemfprvnb6.wav,tano,data/raw/id_syfemfprvnb6.wav,4.72,16000,1,train
id_05okk5z91k29.wav,kumi,data/raw/id_05okk5z91k29.wav,3.68,16000,1,train
id_jkb7ol8fhe2g.wav,tano,data/raw/id_jkb7ol8fhe2g.wav,3.6,16000,1,train
id_5fz73bcfhvhi.wav,sita,data/raw/id_5fz73bcfhvhi.wav,4.0,16000,1,train
id_i9k0a3o4w7db.wav,kumi,data/raw/id_i9k0a3o4w7db.wav,3.76,16000,1,train
id_0g5sc48b7r8w.wav,saba,data/raw/id_0g5sc48b7r8w.wav,4.608,16000,1,train
id_e8ul9vf9y9p9.wav,sita,data/raw/id_e8ul9vf9y9p9.wav,62.08,16000,1,train
id_clwgq3est1zy.wav,mbili,data/raw/id_clwgq3est1zy.wav,7.68,16000,1,train
id_1kssnhj05g5f.wav,saba,data/raw/id_1kssnhj05g5f.wav,3.92,16000,1,test
id_f26rd0c7qh5l.wav,nne,data/raw/id_f26rd0c7qh5l.wav,3.12,16000,1,test
id_lfvm75i7hxjc.wav,nane,data/raw/id_lfvm75i7hxjc.wav,3.2,16000,1,test
id_drcdgho36xw4.wav,saba,data/raw/id_drcdgho36xw4.wav,4.16,16000,1,train
id_9492e87ffbmc.wav,ndio,data/raw/id_9492e87ffbmc.wav,3.84,16000,1,train
id_zm930btj4pw0.wav,kumi,data/raw/id_zm930btj4pw0.wav,4.48,16000,1,val
id_pccow9n7eze1.wav,tatu,data/raw/id_pccow9n7eze1.wav,4.08,16000,1,train
id_s6cm9xfaxt1v.wav,mbili,data/raw/id_s6cm9xfaxt1v.wav,3.6,16000,1,val
id_1foec7rnfn3q.wav,nne,data/raw/id_1foec7rnfn3q.wav,3.84,16000,1,test
id_ode62ax9rxm7.wav,kumi,data/raw/id_ode62ax9rxm7.wav,4.16,16000,1,train
id_w4rcv3550arz.wav,hapana,data/raw/id_w4rcv3550arz.wav,5.68,16000,1,train
id_5hp81dg8be5s.wav,mbili,data/raw/id_5hp81dg8be5s.wav,4.08,16000,1,train
id_bhq93sbm8xah.wav,kumi,data/raw/id_bhq93sbm8xah.wav,3.44,16000,1,train
id_ylru3nde99bu.wav,tisa,data/raw/id_ylru3nde99bu.wav,3.92,16000,1,test
id_hzelabwwanej.wav,nane,data/raw/id_hzelabwwanej.wav,3.2,16000,1,test
id_dv7yhamgq0wo.wav,tatu,data/raw/id_dv7yhamgq0wo.wav,3.92,16000,1,test
id_otyapezu5vzc.wav,moja,data/raw/id_otyapezu5vzc.wav,3.44,16000,1,val
id_r7ue4qd24ylr.wav,mbili,data/raw/id_r7ue4qd24ylr.wav,3.712,16000,1,train
id_akrt06xniwwt.wav,nne,data/raw/id_akrt06xniwwt.wav,3.84,16000,1,train
id_vo9nfsx311w2.wav,nne,data/raw/id_vo9nfsx311w2.wav,3.76,16000,1,train
id_fele9uv6zxj8.wav,nane,data/raw/id_fele9uv6zxj8.wav,3.04,16000,1,train
id_b13a0tpphg4g.wav,saba,data/raw/id_b13a0tpphg4g.wav,3.6,16000,1,val
id_5gs9hjwf0nlc.wav,tisa,data/raw/id_5gs9hjwf0nlc.wav,4.4,16000,1,train
id_bb66y0viihas.wav,nane,data/raw/id_bb66y0viihas.wav,4.48,16000,1,train
id_5azm8ertofsk.wav,hapana,data/raw/id_5azm8ertofsk.wav,3.84,16000,1,train
id_bx475p64gffj.wav,tatu,data/raw/id_bx475p64gffj.wav,4.72,16000,1,train
id_cb68wjhspcfw.wav,moja,data/raw/id_cb68wjhspcfw.wav,4.56,16000,1,test
id_yo837plt1gmv.wav,ndio,data/raw/id_yo837plt1gmv.wav,3.84,16000,1,train
id_tgiav3vin4vn.wav,sita,data/raw/id_tgiav3vin4vn.wav,12.96,16000,1,train
id_tt5gemihii8n.wav,mbili,data/raw/id_tt5gemihii8n.wav,6.88,16000,1,test
id_uhr1078s9cro.wav,sita,data/raw/id_uhr1078s9cro.wav,4.32,16000,1,train
id_e7ztggp8fxo1.wav,mbili,data/raw/id_e7ztggp8fxo1.wav,4.16,16000,1,train
id_9a1akumeinco.wav,nne,data/raw/id_9a1akumeinco.wav,4.8,16000,1,train
id_f44ovneaoaqi.wav,moja,data/raw/id_f44ovneaoaqi.wav,2.64,16000,1,val
id_2m3doy7pq5l7.wav,kumi,data/raw/id_2m3doy7pq5l7.wav,5.52,16000,1,test
id_j3uh8xdpwgm1.wav,tisa,data/raw/id_j3uh8xdpwgm1.wav,3.6,16000,1,train
id_s0m1m50njt88.wav,ndio,data/raw/id_s0m1m50njt88.wav,4.0,16000,1,train
id_4aozzgfhs6og.wav,hapana,data/raw/id_4aozzgfhs6og.wav,5.28,16000,1,train
id_ytan54us1bg1.wav,tano,data/raw/id_ytan54us1bg1.wav,6.24,16000,1,test
id_pk7poaz80pyu.wav,nane,data/raw/id_pk7poaz80pyu.wav,6.48,16000,1,train
id_bsnarmple4cd.wav,saba,data/raw/id_bsnarmple4cd.wav,3.44,16000,1,train
id_8mg7qdm9qdox.wav,ndio,data/raw/id_8mg7qdm9qdox.wav,3.04,16000,1,test
id_8kcyhec4kfvb.wav,moja,data/raw/id_8kcyhec4kfvb.wav,5.6,16000,1,train
id_iqglqsjaogo0.wav,tano,data/raw/id_iqglqsjaogo0.wav,3.84,16000,1,train
id_yqnrxkvuoirc.wav,tisa,data/raw/id_yqnrxkvuoirc.wav,4.16,16000,1,train
id_h6dyvojfegv6.wav,hapana,data/raw/id_h6dyvojfegv6.wav,4.4,16000,1,train
id_xxct1hhne0p0.wav,ndio,data/raw/id_xxct1hhne0p0.wav,4.0,16000,1,train
id_uoxfh9q2v0fk.wav,nne,data/raw/id_uoxfh9q2v0fk.wav,3.44,16000,1,train
id_dcp33feobjf6.wav,nane,data/raw/id_dcp33feobjf6.wav,3.52,16000,1,val
id_2ei1g4i35afh.wav,hapana,data/raw/id_2ei1g4i35afh.wav,4.88,16000,1,train
id_oi5ddptg1ckt.wav,moja,data/raw/id_oi5ddptg1ckt.wav,3.68,16000,1,train
id_ohsr7rwo6b7x.wav,ndio,data/raw/id_ohsr7rwo6b7x.wav,3.36,16000,1,train
id_vk7rcglyfm35.wav,mbili,data/raw/id_vk7rcglyfm35.wav,4.8,16000,1,val
id_9m9azhmysge8.wav,hapana,data/raw/id_9m9azhmysge8.wav,3.76,16000,1,val
id_wez0d5p7o7nw.wav,saba,data/raw/id_wez0d5p7o7nw.wav,5.76,16000,1,train
id_d4aggzm19xp1.wav,nne,data/raw/id_d4aggzm19xp1.wav,4.24,16000,1,val
id_1tpz9rx2d27g.wav,moja,data/raw/id_1tpz9rx2d27g.wav,3.6,16000,1,train
id_6owrqt6wtx5m.wav,sita,data/raw/id_6owrqt6wtx5m.wav,4.88,16000,1,train
id_3nd4wdwtvdyd.wav,mbili,data/raw/id_3nd4wdwtvdyd.wav,4.96,16000,1,train
id_x9fn2dgmlhci.wav,tatu,data/raw/id_x9fn2dgmlhci.wav,3.68,16000,1,train
id_fxywi03j4a6i.wav,moja,data/raw/id_fxywi03j4a6i.wav,3.76,16000,1,train
id_rcxfau5y6jc7.wav,saba,data/raw/id_rcxfau5y6jc7.wav,8.4,16000,1,train
id_g5wlx0re0k3g.wav,saba,data/raw/id_g5wlx0re0k3g.wav,4.0,16000,1,train
id_xf02grhew135.wav,kumi,data/raw/id_xf02grhew135.wav,4.8,16000,1,val
id_q8pawbfbipzz.wav,kumi,data/raw/id_q8pawbfbipzz.wav,3.36,16000,1,train
id_403k3cg33626.wav,nne,data/raw/id_403k3cg33626.wav,3.44,16000,1,train
id_16hjj117dhj3.wav,nne,data/raw/id_16hjj117dhj3.wav,3.712,16000,1,train
id_he5pdekacsqq.wav,kumi,data/raw/id_he5pdekacsqq.wav,4.32,16000,1,train
id_rqb3v3beovf7.wav,ndio,data/raw/id_rqb3v3beovf7.wav,3.44,16000,1,test
id_z9fuax5ks3go.wav,sita,data/raw/id_z9fuax5ks3go.wav,4.32,16000,1,test
id_2hc592b81qap.wav,saba,data/raw/id_2hc592b81qap.wav,3.6,16000,1,train
id_p0xzrytwlh1k.wav,tano,data/raw/id_p0xzrytwlh1k.wav,5.2,16000,1,test
id_x8d7cnlq6vv7.wav,ndio,data/raw/id_x8d7cnlq6vv7.wav,3.68,16000,1,train
id_e6zny2bnoclv.wav,nane,data/raw/id_e6zny2bnoclv.wav,4.24,16000,1,train
id_9h4yvld84c15.wav,moja,data/raw/id_9h4yvld84c15.wav,4.0,16000,1,train
id_tuptx3hjv00w.wav,moja,data/raw/id_tuptx3hjv00w.wav,4.88,16000,1,train
id_wbzqm829h2ir.wav,nane,data/raw/id_wbzqm829h2ir.wav,7.52,16000,1,train
id_uvijab3h4pfp.wav,mbili,data/raw/id_uvijab3h4pfp.wav,3.28,16000,1,train
id_e48h1k2imhcu.wav,sita,data/raw/id_e48h1k2imhcu.wav,4.72,16000,1,train
id_b90xbcdf9dqj.wav,hapana,data/raw/id_b90xbcdf9dqj.wav,4.4,16000,1,train
id_iwl8rzhslz8d.wav,nne,data/raw/id_iwl8rzhslz8d.wav,2.64,16000,1,test
id_ckiqpghhkvfc.wav,sita,data/raw/id_ckiqpghhkvfc.wav,4.64,16000,1,train
id_6kjj6t5dz4s4.wav,hapana,data/raw/id_6kjj6t5dz4s4.wav,2.72,16000,1,train
id_i2xuwmee0vqw.wav,nne,data/raw/id_i2xuwmee0vqw.wav,4.88,16000,1,val
id_ljz9n71f45ec.wav,saba,data/raw/id_ljz9n71f45ec.wav,4.8,16000,1,train
id_fqk0h15nlb40.wav,sita,data/raw/id_fqk0h15nlb40.wav,5.84,16000,1,train
id_ecd39gerr49y.wav,kumi,data/raw/id_ecd39gerr49y.wav,4.72,16000,1,val
id_ymlcr4kf124h.wav,tatu,data/raw/id_ymlcr4kf124h.wav,11.136,16000,1,test
id_pub7jdwi5as0.wav,mbili,data/raw/id_pub7jdwi5as0.wav,4.24,16000,1,train
id_ptfoyzzcqq6w.wav,moja,data/raw/id_ptfoyzzcqq6w.wav,3.44,16000,1,train
id_hd3lumujpdpd.wav,ndio,data/raw/id_hd3lumujpdpd.wav,6.88,16000,1,train
id_mcmfpml75fxs.wav,sita,data/raw/id_mcmfpml75fxs.wav,10.24,16000,1,train
id_jv6j42bjy72h.wav,saba,data/raw/id_jv6j42bjy72h.wav,5.68,16000,1,val
id_w45c80rkvi2h.wav,mbili,data/raw/id_w45c80rkvi2h.wav,3.84,16000,1,train
id_lgt649tjg0gr.wav,moja,data/raw/id_lgt649tjg0gr.wav,4.72,16000,1,val
id_0gap2cnvxldz.wav,hapana,data/raw/id_0gap2cnvxldz.wav,5.28,16000,1,test
id_bn2k6z1gdom4.wav,moja,data/raw/id_bn2k6z1gdom4.wav,4.08,16000,1,train
id_3c93skhlwx4r.wav,nane,data/raw/id_3c93skhlwx4r.wav,4.736,16000,1,train
id_9la5u1m1chsr.wav,saba,data/raw/id_9la5u1m1chsr.wav,5.12,16000,1,val
id_83ejon715fgi.wav,saba,data/raw/id_83ejon715fgi.wav,4.96,16000,1,test
id_q1goc7ccwym3.wav,saba,data/raw/id_q1goc7ccwym3.wav,4.32,16000,1,train
id_u8zgolwmag70.wav,kumi,data/raw/id_u8zgolwmag70.wav,6.64,16000,1,train
id_occvnmu342oh.wav,nne,data/raw/id_occvnmu342oh.wav,5.52,16000,1,train
id_vp44gv1hygmh.wav,saba,data/raw/id_vp44gv1hygmh.wav,4.0,16000,1,train
id_rv49f04idek5.wav,tisa,data/raw/id_rv49f04idek5.wav,7.68,16000,1,train
id_tsumlqgjrphf.wav,moja,data/raw/id_tsumlqgjrphf.wav,8.88,16000,1,train
id_ifdbnlzhtzqo.wav,tisa,data/raw/id_ifdbnlzhtzqo.wav,3.76,16000,1,train
id_ibj5crkxsfwk.wav,moja,data/raw/id_ibj5crkxsfwk.wav,6.24,16000,1,test
id_wf5ue13h9my7.wav,ndio,data/raw/id_wf5ue13h9my7.wav,5.52,16000,1,val
id_ef5nru3qmc8j.wav,hapana,data/raw/id_ef5nru3qmc8j.wav,3.28,16000,1,train
id_9t3i4nc9z2yw.wav,saba,data/raw/id_9t3i4nc9z2yw.wav,5.76,16000,1,train
id_nei5husv4unt.wav,mbili,data/raw/id_nei5husv4unt.wav,4.4,16000,1,test
id_91bmjlbx63wm.wav,kumi,data/raw/id_91bmjlbx63wm.wav,4.08,16000,1,train
id_mawvgiqkg5fu.wav,tano,data/raw/id_mawvgiqkg5fu.wav,4.608,16000,1,val
id_6421zw0t0aq6.wav,tatu,data/raw/id_6421zw0t0aq6.wav,4.24,16000,1,test
id_w5bdg02qe8b5.wav,tano,data/raw/id_w5bdg02qe8b5.wav,3.2,16000,1,train
id_bd7i6m10vkbb.wav,nne,data/raw/id_bd7i6m10vkbb.wav,4.224,16000,1,train
id_hlk2jd7p534s.wav,nne,data/raw/id_hlk2jd7p534s.wav,4.96,16000,1,train
id_fl1nx6m6hz0f.wav,saba,data/raw/id_fl1nx6m6hz0f.wav,3.68,16000,1,train
id_53r0qxsng1dt.wav,saba,data/raw/id_53r0qxsng1dt.wav,4.08,16000,1,train
id_wvylssogi6hf.wav,nne,data/raw/id_wvylssogi6hf.wav,4.72,16000,1,train
id_a2davyfjue9s.wav,tisa,data/raw/id_a2davyfjue9s.wav,3.76,16000,1,train
id_l9a53er9lgfc.wav,nane,data/raw/id_l9a53er9lgfc.wav,4.0,16000,1,train
id_rd39hay6u7le.wav,saba,data/raw/id_rd39hay6u7le.wav,4.736,16000,1,train
id_79f6o7fw3qg6.wav,mbili,data/raw/id_79f6o7fw3qg6.wav,4.8,16000,1,val
id_36yv5tnmda47.wav,hapana,data/raw/id_36yv5tnmda47.wav,3.328,16000,1,train
id_w0mmdjwwj5fm.wav,ndio,data/raw/id_w0mmdjwwj5fm.wav,4.08,16000,1,train
id_6jzoj99e18kx.wav,tisa,data/raw/id_6jzoj99e18kx.wav,4.64,16000,1,train
id_h9y09ew0ur5p.wav,moja,data/raw/id_h9y09ew0ur5p.wav,5.68,16000,1,train
id_7yasp4h37xt0.wav,tatu,data/raw/id_7yasp4h37xt0.wav,3.84,16000,1,train
id_9veklpx04a0w.wav,saba,data/raw/id_9veklpx04a0w.wav,12.288,16000,1,train
id_pmsvitbxfq4x.wav,tano,data/raw/id_pmsvitbxfq4x.wav,3.68,16000,1,train
id_edw0zopujz1g.wav,nane,data/raw/id_edw0zopujz1g.wav,4.72,16000,1,train
id_y3h9r1e5pz0p.wav,tano,data/raw/id_y3h9r1e5pz0p.wav,4.352,16000,1,val
id_mfup5yifi6b5.wav,nane,data/raw/id_mfup5yifi6b5.wav,4.0,16000,1,train
id_te0qxia3npv6.wav,tisa,data/raw/id_te0qxia3npv6.wav,3.28,16000,1,train
id_2jn14xf83r98.wav,hapana,data/raw/id_2jn14xf83r98.wav,3.68,16000,1,train
id_fzjww5hpbusy.wav,sita,data/raw/id_fzjww5hpbusy.wav,3.84,16000,1,train
id_954vvpbvtn4s.wav,moja,data/raw/id_954vvpbvtn4s.wav,4.48,16000,1,train
id_cw566zi9ut9x.wav,sita,data/raw/id_cw566zi9ut9x.wav,5.68,16000,1,test
id_kh4dx5b6vh1k.wav,saba,data/raw/id_kh4dx5b6vh1k.wav,4.8,16000,1,train
id_g9ehlqzxcb9p.wav,mbili,data/raw/id_g9ehlqzxcb9p.wav,6.32,16000,1,val
id_gu09mvqnzv18.wav,nane,data/raw/id_gu09mvqnzv18.wav,4.08,16000,1,train
id_yhab5phwm4kv.wav,sita,data/raw/id_yhab5phwm4kv.wav,8.72,16000,1,train
id_ydxyx1phm70t.wav,nane,data/raw/id_ydxyx1phm70t.wav,4.16,16000,1,train
id_cp7zw1pep2zj.wav,kumi,data/raw/id_cp7zw1pep2zj.wav,16.512,16000,1,train
id_yo0fjz1tsib4.wav,tano,data/raw/id_yo0fjz1tsib4.wav,3.12,16000,1,train
id_ym1bdxr888nr.wav,tatu,data/raw/id_ym1bdxr888nr.wav,4.08,16000,1,test
id_lu72023pt7tw.wav,ndio,data/raw/id_lu72023pt7tw.wav,7.2,16000,1,train
id_0mnfgv0d5pdt.wav,moja,data/raw/id_0mnfgv0d5pdt.wav,3.68,16000,1,train
id_66heh9ihea4l.wav,ndio,data/raw/id_66heh9ihea4l.wav,3.44,16000,1,train
id_43hskuczqt8f.wav,kumi,data/raw/id_43hskuczqt8f.wav,5.36,16000,1,train
id_9hejg0blciu3.wav,nane,data/raw/id_9hejg0blciu3.wav,5.28,16000,1,test
id_c180vq2vofuy.wav,tisa,data/raw/id_c180vq2vofuy.wav,3.6,16000,1,train
id_q78n1x8g08o3.wav,nne,data/raw/id_q78n1x8g08o3.wav,5.36,16000,1,val
id_9a75rmdtjge4.wav,sita,data/raw/id_9a75rmdtjge4.wav,4.4,16000,1,train
id_ixb9ds8r35uo.wav,nane,data/raw/id_ixb9ds8r35uo.wav,4.64,16000,1,val
id_puh6xvv68eo3.wav,hapana,data/raw/id_puh6xvv68eo3.wav,3.52,16000,1,train
id_i26ny0vtfqmx.wav,sita,data/raw/id_i26ny0vtfqmx.wav,4.0,16000,1,train
id_fl5q50ap00zu.wav,sita,data/raw/id_fl5q50ap00zu.wav,4.4,16000,1,train
id_i7bhjngq0udn.wav,moja,data/raw/id_i7bhjngq0udn.wav,4.4,16000,1,train
id_czwf1qyxy71g.wav,moja,data/raw/id_czwf1qyxy71g.wav,3.44,16000,1,train
id_5pe0ig9camtz.wav,nne,data/raw/id_5pe0ig9camtz.wav,3.44,16000,1,test
id_3oz0vfuf7xw6.wav,mbili,data/raw/id_3oz0vfuf7xw6.wav,4.8,16000,1,train
id_o6j7nuvbvl6a.wav,tisa,data/raw/id_o6j7nuvbvl6a.wav,3.84,16000,1,train
id_5fqeifq0m583.wav,tano,data/raw/id_5fqeifq0m583.wav,3.6,16000,1,val
id_05g7is2vj1sh.wav,hapana,data/raw/id_05g7is2vj1sh.wav,4.8,16000,1,val
id_qdtuf1xl3a2z.wav,kumi,data/raw/id_qdtuf1xl3a2z.wav,4.96,16000,1,train
id_p3ica0wyw7cs.wav,sita,data/raw/id_p3ica0wyw7cs.wav,5.04,16000,1,train
id_arn2z1tgxeit.wav,moja,data/raw/id_arn2z1tgxeit.wav,4.56,16000,1,test
id_l73lul19wbev.wav,hapana,data/raw/id_l73lul19wbev.wav,4.88,16000,1,train
id_dhl5kxzw5h4f.wav,nane,data/raw/id_dhl5kxzw5h4f.wav,3.92,16000,1,train
id_rph3s7ugehp9.wav,sita,data/raw/id_rph3s7ugehp9.wav,4.16,16000,1,test
id_816lgrfg6870.wav,tatu,data/raw/id_816lgrfg6870.wav,4.56,16000,1,train
id_3wrw0hik9l07.wav,ndio,data/raw/id_3wrw0hik9l07.wav,4.0,16000,1,train
id_nwfq4z8zcz9r.wav,ndio,data/raw/id_nwfq4z8zcz9r.wav,4.16,16000,1,train
id_r7m2e44fptlo.wav,kumi,data/raw/id_r7m2e44fptlo.wav,3.52,16000,1,val
id_wjt2c3pk86tf.wav,hapana,data/raw/id_wjt2c3pk86tf.wav,2.8,16000,1,test
id_j5uwtvg8j5ei.wav,nane,data/raw/id_j5uwtvg8j5ei.wav,4.08,16000,1,train
id_u7efdu3pf8m0.wav,mbili,data/raw/id_u7efdu3pf8m0.wav,5.52,16000,1,test
id_vfjmaux1unfj.wav,tisa,data/raw/id_vfjmaux1unfj.wav,4.56,16000,1,train
id_9ze5g8403wcs.wav,moja,data/raw/id_9ze5g8403wcs.wav,3.712,16000,1,train
id_tbg1vd2edtvr.wav,tisa,data/raw/id_tbg1vd2edtvr.wav,3.76,16000,1,train
id_tjugwmr0744u.wav,tatu,data/raw/id_tjugwmr0744u.wav,4.0,16000,1,train
id_wnr1cmhl6yv9.wav,nne,data/raw/id_wnr1cmhl6yv9.wav,4.16,16000,1,train
id_y9kg3r1ph6vl.wav,nane,data/raw/id_y9kg3r1ph6vl.wav,4.736,16000,1,train
id_m76fnilzrycc.wav,mbili,data/raw/id_m76fnilzrycc.wav,4.64,16000,1,train
id_cze9fkz5avjz.wav,nne,data/raw/id_cze9fkz5avjz.wav,3.28,16000,1,train
id_ilcnsba13as4.wav,moja,data/raw/id_ilcnsba13as4.wav,3.6,16000,1,train
id_vk8z1hxjrqpl.wav,mbili,data/raw/id_vk8z1hxjrqpl.wav,3.44,16000,1,train
id_t6iq5dxildyj.wav,moja,data/raw/id_t6iq5dxildyj.wav,5.2,16000,1,val
id_e861ybwel9u4.wav,tatu,data/raw/id_e861ybwel9u4.wav,4.0,16000,1,train
id_pefhp826n70s.wav,saba,data/raw/id_pefhp826n70s.wav,3.84,16000,1,val
id_j1x6uhu3n2we.wav,sita,data/raw/id_j1x6uhu3n2we.wav,7.84,16000,1,train
id_s5mosdj9h487.wav,tisa,data/raw/id_s5mosdj9h487.wav,5.52,16000,1,train
id_0jyz56np458l.wav,ndio,data/raw/id_0jyz56np458l.wav,5.12,16000,1,train
id_3sln4kr5edsr.wav,ndio,data/raw/id_3sln4kr5edsr.wav,4.72,16000,1,train
id_5nyf2ux6j4t5.wav,tatu,data/raw/id_5nyf2ux6j4t5.wav,3.968,16000,1,val
id_7oen5v0ao3ny.wav,sita,data/raw/id_7oen5v0ao3ny.wav,3.968,16000,1,val
id_4z4n9sg2cmwl.wav,tisa,data/raw/id_4z4n9sg2cmwl.wav,4.352,16000,1,train
id_814fhho3sn0f.wav,sita,data/raw/id_814fhho3sn0f.wav,4.16,16000,1,val
id_m1yd88qmqlfu.wav,saba,data/raw/id_m1yd88qmqlfu.wav,3.52,16000,1,test
id_56coxbl871c0.wav,kumi,data/raw/id_56coxbl871c0.wav,5.76,16000,1,train
id_f88l231shy8k.wav,kumi,data/raw/id_f88l231shy8k.wav,3.92,16000,1,train
id_l1ht58cf4nxm.wav,nne,data/raw/id_l1ht58cf4nxm.wav,3.76,16000,1,train
id_9dco88ww4u9l.wav,tisa,data/raw/id_9dco88ww4u9l.wav,3.68,16000,1,train
id_d45stns0l9oj.wav,sita,data/raw/id_d45stns0l9oj.wav,4.48,16000,1,train
id_rni1z58czazz.wav,ndio,data/raw/id_rni1z58czazz.wav,4.96,16000,1,train
id_c0r9a35792to.wav,moja,data/raw/id_c0r9a35792to.wav,4.8,16000,1,train
id_jesalmts95r8.wav,tisa,data/raw/id_jesalmts95r8.wav,4.16,16000,1,train
id_4y7dncvvsbo3.wav,tatu,data/raw/id_4y7dncvvsbo3.wav,3.76,16000,1,test
id_jendv356sait.wav,mbili,data/raw/id_jendv356sait.wav,5.44,16000,1,train
id_8fr4njq9pm3n.wav,sita,data/raw/id_8fr4njq9pm3n.wav,6.16,16000,1,train
id_k5hzdycm1w8j.wav,tisa,data/raw/id_k5hzdycm1w8j.wav,3.44,16000,1,test
id_ks828kefydox.wav,sita,data/raw/id_ks828kefydox.wav,4.224,16000,1,train
id_91xb3mfvzw71.wav,saba,data/raw/id_91xb3mfvzw71.wav,4.96,16000,1,train
id_dycws2jxbnaw.wav,hapana,data/raw/id_dycws2jxbnaw.wav,3.52,16000,1,test
id_6bjhars22gjw.wav,tatu,data/raw/id_6bjhars22gjw.wav,4.352,16000,1,test
id_42lrgbcw4b6z.wav,nne,data/raw/id_42lrgbcw4b6z.wav,6.72,16000,1,train
id_r5olf0tucpg0.wav,sita,data/raw/id_r5olf0tucpg0.wav,4.96,16000,1,val
id_oybx7sw06823.wav,mbili,data/raw/id_oybx7sw06823.wav,3.36,16000,1,train
id_06bwknarur5e.wav,nane,data/raw/id_06bwknarur5e.wav,5.2,16000,1,test
id_qz4hcu0umoyh.wav,moja,data/raw/id_qz4hcu0umoyh.wav,4.0,16000,1,train
id_xdpytxi6ok5l.wav,nane,data/raw/id_xdpytxi6ok5l.wav,4.48,16000,1,train
id_h6s4al80nd3y.wav,mbili,data/raw/id_h6s4al80nd3y.wav,4.56,16000,1,test
id_issqtkgf50tl.wav,nane,data/raw/id_issqtkgf50tl.wav,2.64,16000,1,train
id_zyrztnzd2qul.wav,hapana,data/raw/id_zyrztnzd2qul.wav,4.72,16000,1,val
id_asix0cglk0y1.wav,ndio,data/raw/id_asix0cglk0y1.wav,4.72,16000,1,train
id_dqpq10c6c6hm.wav,kumi,data/raw/id_dqpq10c6c6hm.wav,4.56,16000,1,train
id_1ee5v6u6c9lw.wav,tano,data/raw/id_1ee5v6u6c9lw.wav,3.28,16000,1,train
id_3lfht0x3r0j7.wav,nane,data/raw/id_3lfht0x3r0j7.wav,4.4,16000,1,val
id_b2x765r7ybf5.wav,moja,data/raw/id_b2x765r7ybf5.wav,3.84,16000,1,train
id_0azqblnuutdw.wav,hapana,data/raw/id_0azqblnuutdw.wav,3.36,16000,1,train
id_5rgtd8djrdjf.wav,kumi,data/raw/id_5rgtd8djrdjf.wav,4.72,16000,1,train
id_8ed8cx3maikq.wav,tatu,data/raw/id_8ed8cx3maikq.wav,4.736,16000,1,test
id_29iq973dnak1.wav,tatu,data/raw/id_29iq973dnak1.wav,3.44,16000,1,train
id_rbeojr4a0uf7.wav,tatu,data/raw/id_rbeojr4a0uf7.wav,4.64,16000,1,val
id_1ij74vcnen10.wav,kumi,data/raw/id_1ij74vcnen10.wav,4.16,16000,1,train
id_j09p922to3cn.wav,tisa,data/raw/id_j09p922to3cn.wav,4.736,16000,1,val
id_0hc8wdnn31eb.wav,tatu,data/raw/id_0hc8wdnn31eb.wav,4.8,16000,1,train
id_foh6ysweha61.wav,ndio,data/raw/id_foh6ysweha61.wav,3.44,16000,1,train
id_nirrcao72424.wav,mbili,data/raw/id_nirrcao72424.wav,7.36,16000,1,train
id_rb4lbdt9p5u5.wav,nane,data/raw/id_rb4lbdt9p5u5.wav,3.52,16000,1,train
id_hroo1ri8bfv5.wav,nane,data/raw/id_hroo1ri8bfv5.wav,4.64,16000,1,test
id_b6trhsu70slg.wav,saba,data/raw/id_b6trhsu70slg.wav,4.16,16000,1,train
id_kpwferr98xvm.wav,tatu,data/raw/id_kpwferr98xvm.wav,2.8,16000,1,test
id_nfcim4gb6j2i.wav,mbili,data/raw/id_nfcim4gb6j2i.wav,3.84,16000,1,train
id_nayv0kax33pq.wav,hapana,data/raw/id_nayv0kax33pq.wav,9.04,16000,1,val
id_3r10qw08vbbr.wav,hapana,data/raw/id_3r10qw08vbbr.wav,4.32,16000,1,train
id_frsxid5gjsb8.wav,moja,data/raw/id_frsxid5gjsb8.wav,3.52,16000,1,train
id_2x9ki31ohouo.wav,kumi,data/raw/id_2x9ki31ohouo.wav,3.84,16000,1,test
id_3mnqaj2ux725.wav,nane,data/raw/id_3mnqaj2ux725.wav,5.92,16000,1,train
id_giz3tlgpqr4k.wav,tisa,data/raw/id_giz3tlgpqr4k.wav,9.28,16000,1,test
id_i4ct5vw7d8i3.wav,kumi,data/raw/id_i4ct5vw7d8i3.wav,5.376,16000,1,train
id_8lde9l9y724b.wav,saba,data/raw/id_8lde9l9y724b.wav,5.04,16000,1,train
id_wc10x6oi4r6l.wav,mbili,data/raw/id_wc10x6oi4r6l.wav,4.16,16000,1,val
id_bfk9fp7ufjzw.wav,tisa,data/raw/id_bfk9fp7ufjzw.wav,3.28,16000,1,train
id_dzqiug5bh3ga.wav,tatu,data/raw/id_dzqiug5bh3ga.wav,4.224,16000,1,val
id_ysplfm575v5a.wav,hapana,data/raw/id_ysplfm575v5a.wav,11.68,16000,1,val
id_qadk0hle9idg.wav,sita,data/raw/id_qadk0hle9idg.wav,4.48,16000,1,train
id_a2zkgtgmao8f.wav,ndio,data/raw/id_a2zkgtgmao8f.wav,5.68,16000,1,train
id_l00e9q3r0tlm.wav,saba,data/raw/id_l00e9q3r0tlm.wav,3.92,16000,1,train
id_43mlsv2niicw.wav,hapana,data/raw/id_43mlsv2niicw.wav,4.0,16000,1,val
id_23ee9p738uak.wav,tisa,data/raw/id_23ee9p738uak.wav,4.48,16000,1,train
id_dkx6g782c0tp.wav,nne,data/raw/id_dkx6g782c0tp.wav,5.28,16000,1,train
id_9276znj8ldma.wav,sita,data/raw/id_9276znj8ldma.wav,6.08,16000,1,val
id_ei6057zwyga5.wav,saba,data/raw/id_ei6057zwyga5.wav,3.44,16000,1,train
id_s5sfzeb06yrv.wav,tano,data/raw/id_s5sfzeb06yrv.wav,3.968,16000,1,val
id_rzeuxvglk56n.wav,kumi,data/raw/id_rzeuxvglk56n.wav,3.76,16000,1,train
id_znj997p5gj97.wav,mbili,data/raw/id_znj997p5gj97.wav,4.608,16000,1,train
id_p5vb0zpateyu.wav,nane,data/raw/id_p5vb0zpateyu.wav,8.48,16000,1,train
id_rjweuxpntwsk.wav,hapana,data/raw/id_rjweuxpntwsk.wav,5.2,16000,1,train
id_h5974rcsqjoh.wav,sita,data/raw/id_h5974rcsqjoh.wav,5.68,16000,1,test
id_awb61cpzu597.wav,kumi,data/raw/id_awb61cpzu597.wav,4.16,16000,1,train
id_jta143ep5khy.wav,tano,data/raw/id_jta143ep5khy.wav,4.64,16000,1,train
id_ga0d2b6a06an.wav,hapana,data/raw/id_ga0d2b6a06an.wav,3.44,16000,1,val
id_zzcv29ytz8rq.wav,saba,data/raw/id_zzcv29ytz8rq.wav,5.28,16000,1,train
id_cqmqhjphla61.wav,kumi,data/raw/id_cqmqhjphla61.wav,3.44,16000,1,train
id_3esgnjkbzg35.wav,hapana,data/raw/id_3esgnjkbzg35.wav,6.64,16000,1,train
id_fjrk0qgzz3z1.wav,mbili,data/raw/id_fjrk0qgzz3z1.wav,4.88,16000,1,train
id_ryed7929rxjd.wav,ndio,data/raw/id_ryed7929rxjd.wav,4.08,16000,1,train
id_61k1lxirgcov.wav,hapana,data/raw/id_61k1lxirgcov.wav,4.24,16000,1,val
id_57izdga8m2xx.wav,mbili,data/raw/id_57izdga8m2xx.wav,3.44,16000,1,train
id_niumeh5x3fcz.wav,saba,data/raw/id_niumeh5x3fcz.wav,3.04,16000,1,train
id_wtooo8h1x7sb.wav,sita,data/raw/id_wtooo8h1x7sb.wav,5.04,16000,1,train
id_t9wazifl58jw.wav,ndio,data/raw/id_t9wazifl58jw.wav,3.68,16000,1,test
id_m8en5npqnjpa.wav,nne,data/raw/id_m8en5npqnjpa.wav,2.96,16000,1,train
id_1otefnp108jd.wav,saba,data/raw/id_1otefnp108jd.wav,4.08,16000,1,train
id_379vcigcz4s9.wav,mbili,data/raw/id_379vcigcz4s9.wav,4.56,16000,1,train
id_gd5h7t7bvsmp.wav,nne,data/raw/id_gd5h7t7bvsmp.wav,5.12,16000,1,train
id_zptrczm3f962.wav,hapana,data/raw/id_zptrczm3f962.wav,4.24,16000,1,train
id_942ai7i5ggmg.wav,mbili,data/raw/id_942ai7i5ggmg.wav,3.68,16000,1,val
id_9boy3279md48.wav,sita,data/raw/id_9boy3279md48.wav,4.72,16000,1,test
id_bw0sf4ipjtte.wav,tatu,data/raw/id_bw0sf4ipjtte.wav,5.04,16000,1,train
id_u4mhsn66okrk.wav,kumi,data/raw/id_u4mhsn66okrk.wav,4.352,16000,1,train
id_gdsq75tugviw.wav,ndio,data/raw/id_gdsq75tugviw.wav,6.88,16000,1,val
id_gdwvn4v9f7cg.wav,nne,data/raw/id_gdwvn4v9f7cg.wav,5.28,16000,1,train
id_kz9yow4d11lh.wav,tisa,data/raw/id_kz9yow4d11lh.wav,5.44,16000,1,test
id_fi1pmqpe24na.wav,ndio,data/raw/id_fi1pmqpe24na.wav,3.968,16000,1,train
id_2eggz0p188zu.wav,moja,data/raw/id_2eggz0p188zu.wav,4.48,16000,1,val
id_0iqsfj46c9zd.wav,nne,data/raw/id_0iqsfj46c9zd.wav,5.36,16000,1,train
id_2c8zo2ytl8dc.wav,tatu,data/raw/id_2c8zo2ytl8dc.wav,4.32,16000,1,test
id_9z9xnaozdw28.wav,tisa,data/raw/id_9z9xnaozdw28.wav,3.6,16000,1,val
id_h33jm6xcym59.wav,sita,data/raw/id_h33jm6xcym59.wav,4.72,16000,1,train
id_9pza28p8eet3.wav,sita,data/raw/id_9pza28p8eet3.wav,3.92,16000,1,train
id_5kiyfcxneb3t.wav,sita,data/raw/id_5kiyfcxneb3t.wav,3.6,16000,1,train
id_zf5ku6kbcgbu.wav,sita,data/raw/id_zf5ku6kbcgbu.wav,5.12,16000,1,train
id_5qj69902gext.wav,tatu,data/raw/id_5qj69902gext.wav,3.44,16000,1,test
id_fsfd0db509v3.wav,kumi,data/raw/id_fsfd0db509v3.wav,3.28,16000,1,train
id_s02sfvx1qo1d.wav,saba,data/raw/id_s02sfvx1qo1d.wav,3.28,16000,1,train
id_ewy8yecuel5m.wav,hapana,data/raw/id_ewy8yecuel5m.wav,5.84,16000,1,val
id_kjsatd6p7394.wav,nne,data/raw/id_kjsatd6p7394.wav,3.76,16000,1,test
id_09salta40fqu.wav,sita,data/raw/id_09salta40fqu.wav,4.8,16000,1,test
id_lm7y433y5fro.wav,sita,data/raw/id_lm7y433y5fro.wav,4.64,16000,1,train
id_32ljffjeq9hv.wav,saba,data/raw/id_32ljffjeq9hv.wav,4.16,16000,1,train
id_5wt0vrzlrwgh.wav,mbili,data/raw/id_5wt0vrzlrwgh.wav,3.2,16000,1,train
id_s21qmi27sjyr.wav,hapana,data/raw/id_s21qmi27sjyr.wav,5.504,16000,1,test
id_xkfpbo2wo4ma.wav,saba,data/raw/id_xkfpbo2wo4ma.wav,6.784,16000,1,test
id_dto4107nn7uo.wav,moja,data/raw/id_dto4107nn7uo.wav,28.672,16000,1,test
id_1p2hi8wt0qpo.wav,ndio,data/raw/id_1p2hi8wt0qpo.wav,3.68,16000,1,val
id_u6qe47vvnf0n.wav,moja,data/raw/id_u6qe47vvnf0n.wav,6.56,16000,1,val
id_amenj9l3ayyu.wav,tatu,data/raw/id_amenj9l3ayyu.wav,4.24,16000,1,test
id_5t6wkc7o4hi5.wav,nne,data/raw/id_5t6wkc7o4hi5.wav,7.84,16000,1,train
id_gc1gsrlo0m5w.wav,mbili,data/raw/id_gc1gsrlo0m5w.wav,3.84,16000,1,train
id_0rpsvdfvbc18.wav,tatu,data/raw/id_0rpsvdfvbc18.wav,5.12,16000,1,train
id_f9u0m1q7uh1t.wav,hapana,data/raw/id_f9u0m1q7uh1t.wav,4.08,16000,1,val
id_a4bweeb779z3.wav,sita,data/raw/id_a4bweeb779z3.wav,4.88,16000,1,train
id_wo1vquxc2gmu.wav,hapana,data/raw/id_wo1vquxc2gmu.wav,3.76,16000,1,train
id_qgkm1kzcigz7.wav,tatu,data/raw/id_qgkm1kzcigz7.wav,5.28,16000,1,train
id_nr2agzca6wvr.wav,tano,data/raw/id_nr2agzca6wvr.wav,4.56,16000,1,train
id_hmz7xmwoikdc.wav,nne,data/raw/id_hmz7xmwoikdc.wav,4.0,16000,1,train
id_b0090s60q5mo.wav,nane,data/raw/id_b0090s60q5mo.wav,5.2,16000,1,train
id_4bw97g4jnt2r.wav,hapana,data/raw/id_4bw97g4jnt2r.wav,4.16,16000,1,train
id_p4l05fylbeht.wav,kumi,data/raw/id_p4l05fylbeht.wav,4.32,16000,1,val
id_gwiokuy33zhv.wav,nne,data/raw/id_gwiokuy33zhv.wav,6.64,16000,1,val
id_98900curmmwt.wav,saba,data/raw/id_98900curmmwt.wav,5.12,16000,1,train
id_fxrbiyarlwfr.wav,tano,data/raw/id_fxrbiyarlwfr.wav,4.24,16000,1,train
id_9vqxiiue9my0.wav,tano,data/raw/id_9vqxiiue9my0.wav,4.16,16000,1,val
id_4birzk2y5nqm.wav,kumi,data/raw/id_4birzk2y5nqm.wav,3.6,16000,1,train
id_co4hs9s4bw0c.wav,tisa,data/raw/id_co4hs9s4bw0c.wav,3.76,16000,1,train
id_a1x8mlwzetfo.wav,nane,data/raw/id_a1x8mlwzetfo.wav,3.84,16000,1,train
id_dbfyn4wlu3qv.wav,nne,data/raw/id_dbfyn4wlu3qv.wav,2.64,16000,1,train
id_zi44b1tsl0mv.wav,moja,data/raw/id_zi44b1tsl0mv.wav,4.32,16000,1,train
id_otnyptopsdiw.wav,moja,data/raw/id_otnyptopsdiw.wav,6.72,16000,1,train
id_hjxmk8dldnik.wav,tano,data/raw/id_hjxmk8dldnik.wav,4.0,16000,1,train
id_m0e18colnz1i.wav,mbili,data/raw/id_m0e18colnz1i.wav,3.28,16000,1,train
id_wgpj1590jty7.wav,nne,data/raw/id_wgpj1590jty7.wav,3.36,16000,1,train
id_evd7xby7fw8z.wav,nane,data/raw/id_evd7xby7fw8z.wav,2.64,16000,1,val
id_046k2bj5x87z.wav,mbili,data/raw/id_046k2bj5x87z.wav,3.68,16000,1,test
id_d25u6o1j60pv.wav,saba,data/raw/id_d25u6o1j60pv.wav,5.36,16000,1,test
id_nlenwbk65y7r.wav,tano,data/raw/id_nlenwbk65y7r.wav,3.68,16000,1,train
id_3wzazhlrpq5n.wav,tatu,data/raw/id_3wzazhlrpq5n.wav,3.84,16000,1,train
id_vsl52wjsq41j.wav,sita,data/raw/id_vsl52wjsq41j.wav,3.2,16000,1,train
id_tb68okcyj5se.wav,saba,data/raw/id_tb68okcyj5se.wav,4.56,16000,1,train
id_0kqntv93ikec.wav,kumi,data/raw/id_0kqntv93ikec.wav,3.36,16000,1,train
id_9kysooszd258.wav,ndio,data/raw/id_9kysooszd258.wav,4.0,16000,1,train
id_xjggoacrog77.wav,tisa,data/raw/id_xjggoacrog77.wav,3.68,16000,1,train
id_oox89jn1a9zr.wav,ndio,data/raw/id_oox89jn1a9zr.wav,6.88,16000,1,train
id_rov4dfpgzdxq.wav,saba,data/raw/id_rov4dfpgzdxq.wav,4.08,16000,1,val
id_g6hsce7h537v.wav,ndio,data/raw/id_g6hsce7h537v.wav,3.12,16000,1,train
id_vp197e2iq48j.wav,tisa,data/raw/id_vp197e2iq48j.wav,3.36,16000,1,train
id_ojxa8071i1n5.wav,ndio,data/raw/id_ojxa8071i1n5.wav,5.04,16000,1,train
id_pc6mnkqq5mxs.wav,nne,data/raw/id_pc6mnkqq5mxs.wav,3.6,16000,1,train
id_yk3xctzpsbkt.wav,ndio,data/raw/id_yk3xctzpsbkt.wav,4.16,16000,1,train
id_5wo3gxs4lve4.wav,hapana,data/raw/id_5wo3gxs4lve4.wav,4.72,16000,1,train
id_84dub5txii70.wav,tano,data/raw/id_84dub5txii70.wav,3.76,16000,1,train
id_7mnr01di9okg.wav,sita,data/raw/id_7mnr01di9okg.wav,5.6,16000,1,train
id_0sorl8u4tk8o.wav,hapana,data/raw/id_0sorl8u4tk8o.wav,4.48,16000,1,train
id_d2mpp2vbv7nk.wav,tisa,data/raw/id_d2mpp2vbv7nk.wav,4.32,16000,1,test
id_s7n6b45986zb.wav,nne,data/raw/id_s7n6b45986zb.wav,5.12,16000,1,val
id_71i5cqkkhqlj.wav,tatu,data/raw/id_71i5cqkkhqlj.wav,5.36,16000,1,train
id_7rwtj7s4zl7v.wav,sita,data/raw/id_7rwtj7s4zl7v.wav,3.76,16000,1,val
id_y4vdh5mfrwey.wav,nne,data/raw/id_y4vdh5mfrwey.wav,6.8,16000,1,val
id_hojx06ejprq1.wav,saba,data/raw/id_hojx06ejprq1.wav,4.88,16000,1,train
id_heskmq5sn9f6.wav,tano,data/raw/id_heskmq5sn9f6.wav,6.528,16000,1,train
id_zye4lne5dsoa.wav,ndio,data/raw/id_zye4lne5dsoa.wav,4.864,16000,1,val
id_0yn2o7jrnw1r.wav,nne,data/raw/id_0yn2o7jrnw1r.wav,5.44,16000,1,train
id_pltowd7g4tvm.wav,sita,data/raw/id_pltowd7g4tvm.wav,4.88,16000,1,train
id_ctamqssqlgnz.wav,sita,data/raw/id_ctamqssqlgnz.wav,3.68,16000,1,train
id_uz5fxtizfclq.wav,kumi,data/raw/id_uz5fxtizfclq.wav,4.8,16000,1,train
id_f5yzh0otn33t.wav,tatu,data/raw/id_f5yzh0otn33t.wav,7.28,16000,1,train
id_wga77chh1o10.wav,saba,data/raw/id_wga77chh1o10.wav,3.28,16000,1,train
id_pl4olos7kpgj.wav,ndio,data/raw/id_pl4olos7kpgj.wav,3.84,16000,1,train
id_u7yodv7rxvbo.wav,mbili,data/raw/id_u7yodv7rxvbo.wav,3.84,16000,1,train
id_z5eqiru0by7a.wav,kumi,data/raw/id_z5eqiru0by7a.wav,3.04,16000,1,test
id_0sf6b4b7vsrg.wav,tatu,data/raw/id_0sf6b4b7vsrg.wav,4.96,16000,1,val
id_00cn4kcmk98r.wav,moja,data/raw/id_00cn4kcmk98r.wav,4.0,16000,1,train
id_n6vrd3lm3noi.wav,nne,data/raw/id_n6vrd3lm3noi.wav,6.272,16000,1,train
id_nspigpdvm6ts.wav,nane,data/raw/id_nspigpdvm6ts.wav,3.84,16000,1,train
id_sw6fkw0sgymm.wav,moja,data/raw/id_sw6fkw0sgymm.wav,3.44,16000,1,train
id_bhug3onllgti.wav,moja,data/raw/id_bhug3onllgti.wav,5.04,16000,1,val
id_w01nihjvhlbp.wav,moja,data/raw/id_w01nihjvhlbp.wav,5.36,16000,1,train
id_gc9tjh27qmkh.wav,nane,data/raw/id_gc9tjh27qmkh.wav,3.76,16000,1,train
id_pwhgk2wlgz7o.wav,hapana,data/raw/id_pwhgk2wlgz7o.wav,4.56,16000,1,val
id_vau0wkebslsc.wav,tatu,data/raw/id_vau0wkebslsc.wav,4.736,16000,1,train
id_u8adh4pf3n1m.wav,mbili,data/raw/id_u8adh4pf3n1m.wav,4.08,16000,1,test
id_1cs2y9oxnt2h.wav,tisa,data/raw/id_1cs2y9oxnt2h.wav,3.92,16000,1,train
id_xzr6m3xtfs61.wav,tatu,data/raw/id_xzr6m3xtfs61.wav,4.48,16000,1,train
id_y9yx6hxz4jfn.wav,ndio,data/raw/id_y9yx6hxz4jfn.wav,4.992,16000,1,train
id_q4jqug1outk0.wav,tisa,data/raw/id_q4jqug1outk0.wav,4.4,16000,1,train
id_wlqjfqzlc7jk.wav,saba,data/raw/id_wlqjfqzlc7jk.wav,5.52,16000,1,val
id_nls0quhv7yg1.wav,nne,data/raw/id_nls0quhv7yg1.wav,3.84,16000,1,test
id_fgtxguvptih7.wav,saba,data/raw/id_fgtxguvptih7.wav,4.08,16000,1,train
id_ln9340r4eec8.wav,mbili,data/raw/id_ln9340r4eec8.wav,4.16,16000,1,test
id_or9fsoes3222.wav,kumi,data/raw/id_or9fsoes3222.wav,4.16,16000,1,train
id_zabkht2n4a2w.wav,sita,data/raw/id_zabkht2n4a2w.wav,8.48,16000,1,train
id_wl1a6217cpmz.wav,tano,data/raw/id_wl1a6217cpmz.wav,5.12,16000,1,val
id_loj3cao4ouob.wav,mbili,data/raw/id_loj3cao4ouob.wav,4.24,16000,1,train
id_n29pv8mz429g.wav,mbili,data/raw/id_n29pv8mz429g.wav,4.88,16000,1,train
id_auvi9ux6aats.wav,nne,data/raw/id_auvi9ux6aats.wav,4.24,16000,1,val
id_4pu66fizcyax.wav,tatu,data/raw/id_4pu66fizcyax.wav,6.32,16000,1,val
id_ht7nqabyx1fo.wav,ndio,data/raw/id_ht7nqabyx1fo.wav,4.16,16000,1,val
id_ko76wwl6qw5b.wav,moja,data/raw/id_ko76wwl6qw5b.wav,2.72,16000,1,train
id_91vze8m49hcs.wav,tano,data/raw/id_91vze8m49hcs.wav,3.68,16000,1,test
id_v23kn9by3fb7.wav,ndio,data/raw/id_v23kn9by3fb7.wav,3.6,16000,1,train
id_vblalo9yt6kg.wav,tano,data/raw/id_vblalo9yt6kg.wav,4.16,16000,1,val
id_ar60qo60bco2.wav,nne,data/raw/id_ar60qo60bco2.wav,4.0,16000,1,test
id_s6tzfyrrdji4.wav,nne,data/raw/id_s6tzfyrrdji4.wav,4.48,16000,1,test
id_vjza0y38lsuk.wav,kumi,data/raw/id_vjza0y38lsuk.wav,4.56,16000,1,train
id_sp9ejkpo6jsu.wav,ndio,data/raw/id_sp9ejkpo6jsu.wav,4.08,16000,1,test
id_nj39pwaasl9u.wav,tatu,data/raw/id_nj39pwaasl9u.wav,4.4,16000,1,train
id_xff2oqsjji90.wav,sita,data/raw/id_xff2oqsjji90.wav,3.52,16000,1,test
id_6khyytl5tcja.wav,saba,data/raw/id_6khyytl5tcja.wav,3.12,16000,1,train
id_r0z95xxbfbku.wav,saba,data/raw/id_r0z95xxbfbku.wav,3.52,16000,1,val
id_uaiuoie3u6sq.wav,mbili,data/raw/id_uaiuoie3u6sq.wav,5.12,16000,1,train
id_rsyd6inzcj33.wav,moja,data/raw/id_rsyd6inzcj33.wav,4.16,16000,1,train
id_d29nll886520.wav,tano,data/raw/id_d29nll886520.wav,5.76,16000,1,test
id_oxr2xgxjwdof.wav,ndio,data/raw/id_oxr2xgxjwdof.wav,3.52,16000,1,train
id_ahmrg3hf8ulz.wav,tatu,data/raw/id_ahmrg3hf8ulz.wav,4.16,16000,1,val
id_gt45539c55n6.wav,kumi,data/raw/id_gt45539c55n6.wav,3.04,16000,1,val
id_e2sehuac48lq.wav,tisa,data/raw/id_e2sehuac48lq.wav,4.0,16000,1,val
id_itgbd4u4jq1d.wav,tisa,data/raw/id_itgbd4u4jq1d.wav,7.68,16000,1,train
id_eir4zy1xw023.wav,nne,data/raw/id_eir4zy1xw023.wav,3.44,16000,1,train
id_1ql8dauqjt9h.wav,mbili,data/raw/id_1ql8dauqjt9h.wav,5.28,16000,1,train
id_rkwu6ocdbsfw.wav,tisa,data/raw/id_rkwu6ocdbsfw.wav,5.44,16000,1,val
id_mrb5as033w4j.wav,tano,data/raw/id_mrb5as033w4j.wav,3.84,16000,1,train
id_if8t1w94pan7.wav,nne,data/raw/id_if8t1w94pan7.wav,4.0,16000,1,train
id_b7ogapuzjlz7.wav,sita,data/raw/id_b7ogapuzjlz7.wav,4.8,16000,1,test
id_d6k42wlqexub.wav,hapana,data/raw/id_d6k42wlqexub.wav,4.48,16000,1,train
id_jjoerv7cg916.wav,tisa,data/raw/id_jjoerv7cg916.wav,4.24,16000,1,val
id_r2xle0g56kgy.wav,tatu,data/raw/id_r2xle0g56kgy.wav,4.24,16000,1,train
id_vrsc6hlkfik6.wav,kumi,data/raw/id_vrsc6hlkfik6.wav,4.16,16000,1,test
id_c38093r5atk7.wav,sita,data/raw/id_c38093r5atk7.wav,3.6,16000,1,train
id_9pckacd0g3zj.wav,nne,data/raw/id_9pckacd0g3zj.wav,3.04,16000,1,train
id_x82dye5nonxa.wav,sita,data/raw/id_x82dye5nonxa.wav,6.0,16000,1,train
id_j4ep3uymicbg.wav,ndio,data/raw/id_j4ep3uymicbg.wav,3.6,16000,1,train
id_xr5iyzzzanrh.wav,tisa,data/raw/id_xr5iyzzzanrh.wav,4.992,16000,1,train
id_cbhrhkedajb0.wav,ndio,data/raw/id_cbhrhkedajb0.wav,4.224,16000,1,train
id_nnrg7lf4fygf.wav,moja,data/raw/id_nnrg7lf4fygf.wav,3.36,16000,1,val
id_d6h63oa4csuu.wav,moja,data/raw/id_d6h63oa4csuu.wav,4.24,16000,1,train
id_3opl9t97kb8b.wav,nne,data/raw/id_3opl9t97kb8b.wav,4.96,16000,1,train
id_rud6460r35x5.wav,nne,data/raw/id_rud6460r35x5.wav,4.16,16000,1,train
id_wdmv71x28qgb.wav,tatu,data/raw/id_wdmv71x28qgb.wav,4.48,16000,1,train
id_mrd9ilyh9bq9.wav,ndio,data/raw/id_mrd9ilyh9bq9.wav,4.736,16000,1,train
id_e5ze0nyd4xx2.wav,tatu,data/raw/id_e5ze0nyd4xx2.wav,3.584,16000,1,train
id_o5ps9a0gbeaa.wav,moja,data/raw/id_o5ps9a0gbeaa.wav,3.68,16000,1,train
id_idsj0gubpvyr.wav,tisa,data/raw/id_idsj0gubpvyr.wav,3.52,16000,1,train
id_ifj709a7zw00.wav,nne,data/raw/id_ifj709a7zw00.wav,3.36,16000,1,val
id_s414mt0fagfz.wav,nne,data/raw/id_s414mt0fagfz.wav,3.84,16000,1,train
id_x1lqwlty7xe4.wav,ndio,data/raw/id_x1lqwlty7xe4.wav,3.12,16000,1,val
id_g7dbo1ck5lur.wav,tisa,data/raw/id_g7dbo1ck5lur.wav,5.04,16000,1,train
id_ry77kts8apn8.wav,mbili,data/raw/id_ry77kts8apn8.wav,4.24,16000,1,train
id_2k4wo9up6r9n.wav,tano,data/raw/id_2k4wo9up6r9n.wav,6.56,16000,1,test
id_zm9escyq1mx4.wav,nne,data/raw/id_zm9escyq1mx4.wav,3.12,16000,1,train
id_kbja27bq84kq.wav,tatu,data/raw/id_kbja27bq84kq.wav,4.08,16000,1,train
id_f122ze0ts1cd.wav,nane,data/raw/id_f122ze0ts1cd.wav,3.2,16000,1,train
id_hnsywr8cukwq.wav,kumi,data/raw/id_hnsywr8cukwq.wav,4.4,16000,1,val
id_loyt0onxf6dv.wav,kumi,data/raw/id_loyt0onxf6dv.wav,5.36,16000,1,test
id_ghykygteyi33.wav,hapana,data/raw/id_ghykygteyi33.wav,5.2,16000,1,train
id_1q835ieht39j.wav,sita,data/raw/id_1q835ieht39j.wav,6.08,16000,1,train
id_yzhsrfdkl3kl.wav,saba,data/raw/id_yzhsrfdkl3kl.wav,5.44,16000,1,train
id_t18f74l6vmbp.wav,kumi,data/raw/id_t18f74l6vmbp.wav,3.84,16000,1,test
id_5csagw7engwe.wav,tano,data/raw/id_5csagw7engwe.wav,3.968,16000,1,train
id_5ym7luykk2xy.wav,kumi,data/raw/id_5ym7luykk2xy.wav,3.2,16000,1,val
id_7iszpismmext.wav,nne,data/raw/id_7iszpismmext.wav,3.84,16000,1,val
id_isfckkm13lko.wav,kumi,data/raw/id_isfckkm13lko.wav,3.52,16000,1,train
id_wci1tzeka1tu.wav,sita,data/raw/id_wci1tzeka1tu.wav,4.0,16000,1,train
id_fs3xtdik8wjd.wav,saba,data/raw/id_fs3xtdik8wjd.wav,4.64,16000,1,val
id_xec3x2oeoefw.wav,saba,data/raw/id_xec3x2oeoefw.wav,3.36,16000,1,train
id_u889nzpu8857.wav,hapana,data/raw/id_u889nzpu8857.wav,3.68,16000,1,test
id_7t9x52klwwnk.wav,mbili,data/raw/id_7t9x52klwwnk.wav,6.08,16000,1,train
id_qcht2vd1mc75.wav,kumi,data/raw/id_qcht2vd1mc75.wav,3.2,16000,1,train
id_2026cz7qe8rt.wav,kumi,data/raw/id_2026cz7qe8rt.wav,4.8,16000,1,test
id_dkjcji4ofxp6.wav,saba,data/raw/id_dkjcji4ofxp6.wav,3.6,16000,1,val
id_h4v4dpiy7l4y.wav,tano,data/raw/id_h4v4dpiy7l4y.wav,4.56,16000,1,train
id_xxqyzf12fhip.wav,nane,data/raw/id_xxqyzf12fhip.wav,5.76,16000,1,train
id_hzzzpsqwoq3o.wav,kumi,data/raw/id_hzzzpsqwoq3o.wav,3.92,16000,1,train
id_jjb1v315me3z.wav,nne,data/raw/id_jjb1v315me3z.wav,3.36,16000,1,test
id_2ia11palltqy.wav,moja,data/raw/id_2ia11palltqy.wav,3.92,16000,1,test
id_o9o5lt1x1ak5.wav,kumi,data/raw/id_o9o5lt1x1ak5.wav,5.84,16000,1,test
id_solcjuh0w6sn.wav,nane,data/raw/id_solcjuh0w6sn.wav,4.352,16000,1,train
id_ghrgzuhl8mbj.wav,saba,data/raw/id_ghrgzuhl8mbj.wav,4.864,16000,1,train
id_nwe4kmfdp6iv.wav,kumi,data/raw/id_nwe4kmfdp6iv.wav,5.44,16000,1,train
id_zqoy2o0zve6t.wav,nne,data/raw/id_zqoy2o0zve6t.wav,3.36,16000,1,train
id_hqxf01pc53ur.wav,saba,data/raw/id_hqxf01pc53ur.wav,4.8,16000,1,train
id_39eqo7zuhrw5.wav,hapana,data/raw/id_39eqo7zuhrw5.wav,4.16,16000,1,train
id_36t5xwy2dgg2.wav,hapana,data/raw/id_36t5xwy2dgg2.wav,4.48,16000,1,train
id_172scgpa6j7j.wav,moja,data/raw/id_172scgpa6j7j.wav,4.8,16000,1,val
id_3o4tslbwf02d.wav,hapana,data/raw/id_3o4tslbwf02d.wav,4.608,16000,1,val
id_lrduy4kd0l9m.wav,tisa,data/raw/id_lrduy4kd0l9m.wav,5.12,16000,1,train
id_pp4ttrnkdkgf.wav,tano,data/raw/id_pp4ttrnkdkgf.wav,7.04,16000,1,train
id_84ldvfqkl16q.wav,ndio,data/raw/id_84ldvfqkl16q.wav,4.48,16000,1,train
id_qbe85f3t4cav.wav,nane,data/raw/id_qbe85f3t4cav.wav,3.44,16000,1,val
id_nflxbdqlkxqb.wav,saba,data/raw/id_nflxbdqlkxqb.wav,3.968,16000,1,train
id_gasvodh0egsu.wav,tisa,data/raw/id_gasvodh0egsu.wav,3.28,16000,1,test
id_3bjfm0pzhivx.wav,mbili,data/raw/id_3bjfm0pzhivx.wav,3.84,16000,1,train
id_ju5cqfzl8586.wav,tano,data/raw/id_ju5cqfzl8586.wav,5.68,16000,1,test
id_hh0ubh21vg5d.wav,sita,data/raw/id_hh0ubh21vg5d.wav,4.4,16000,1,train
id_khr4zl9x8pek.wav,kumi,data/raw/id_khr4zl9x8pek.wav,7.84,16000,1,train
id_ajss1tkmdd7z.wav,sita,data/raw/id_ajss1tkmdd7z.wav,4.96,16000,1,train
id_2f202evzhjwk.wav,tisa,data/raw/id_2f202evzhjwk.wav,5.92,16000,1,val
id_7kalzf8g2hq5.wav,ndio,data/raw/id_7kalzf8g2hq5.wav,3.28,16000,1,train
id_epor36n7bdh3.wav,mbili,data/raw/id_epor36n7bdh3.wav,4.32,16000,1,train
id_klfy3aux9myg.wav,hapana,data/raw/id_klfy3aux9myg.wav,4.48,16000,1,train
id_mc9o31oe6q7u.wav,tatu,data/raw/id_mc9o31oe6q7u.wav,4.096,16000,1,train
id_6lcykyju2a1f.wav,nane,data/raw/id_6lcykyju2a1f.wav,3.712,16000,1,val
id_0jakfzax43oe.wav,saba,data/raw/id_0jakfzax43oe.wav,3.968,16000,1,train
id_9ak07reekdi3.wav,nne,data/raw/id_9ak07reekdi3.wav,4.72,16000,1,train
id_nxnhmkp8903z.wav,tano,data/raw/id_nxnhmkp8903z.wav,3.6,16000,1,test
id_yjvonez9ka7g.wav,mbili,data/raw/id_yjvonez9ka7g.wav,6.272,16000,1,train
id_ra35013g0wt7.wav,nane,data/raw/id_ra35013g0wt7.wav,4.0,16000,1,train
id_596447eup9oy.wav,nane,data/raw/id_596447eup9oy.wav,5.12,16000,1,train
id_7pof02w7dlbl.wav,nane,data/raw/id_7pof02w7dlbl.wav,3.84,16000,1,train
id_ajws25c9xwdk.wav,tano,data/raw/id_ajws25c9xwdk.wav,3.52,16000,1,train
id_cjz8yq10supd.wav,mbili,data/raw/id_cjz8yq10supd.wav,4.88,16000,1,train
id_o2569sbuxrlu.wav,hapana,data/raw/id_o2569sbuxrlu.wav,15.04,16000,1,test
id_p8w11anz1gir.wav,tisa,data/raw/id_p8w11anz1gir.wav,4.32,16000,1,val
id_v235vddtg1sm.wav,nane,data/raw/id_v235vddtg1sm.wav,3.968,16000,1,val
id_ca1e1rlyiwa5.wav,saba,data/raw/id_ca1e1rlyiwa5.wav,8.576,16000,1,train
id_4nhaqhmpro2d.wav,tisa,data/raw/id_4nhaqhmpro2d.wav,5.04,16000,1,val
id_hgxk47sqmr8w.wav,saba,data/raw/id_hgxk47sqmr8w.wav,5.6,16000,1,train
id_rgtqo0juem25.wav,tano,data/raw/id_rgtqo0juem25.wav,3.76,16000,1,train
id_uaf1xkdkgdjo.wav,tano,data/raw/id_uaf1xkdkgdjo.wav,4.32,16000,1,train
id_f9j91igsst7f.wav,tatu,data/raw/id_f9j91igsst7f.wav,4.64,16000,1,train
id_cjr4iqlhz49g.wav,moja,data/raw/id_cjr4iqlhz49g.wav,4.48,16000,1,train
id_jfsvn2kv57dy.wav,nne,data/raw/id_jfsvn2kv57dy.wav,5.04,16000,1,train
id_02yh4h2au53z.wav,tatu,data/raw/id_02yh4h2au53z.wav,7.424,16000,1,train
id_w01qk78vteti.wav,saba,data/raw/id_w01qk78vteti.wav,6.0,16000,1,train
id_3rk92s4rcgd4.wav,kumi,data/raw/id_3rk92s4rcgd4.wav,5.12,16000,1,test
id_1y15yyn3ymhp.wav,moja,data/raw/id_1y15yyn3ymhp.wav,5.28,16000,1,train
id_maih0d0aw7s2.wav,tisa,data/raw/id_maih0d0aw7s2.wav,4.32,16000,1,train
id_kdigr9fmz5pi.wav,hapana,data/raw/id_kdigr9fmz5pi.wav,4.48,16000,1,test
id_j48unplyz5xk.wav,nane,data/raw/id_j48unplyz5xk.wav,4.8,16000,1,train
id_lk9l4v4n8oto.wav,saba,data/raw/id_lk9l4v4n8oto.wav,4.224,16000,1,train
id_ungdog8wgeaa.wav,tano,data/raw/id_ungdog8wgeaa.wav,7.04,16000,1,train
id_634gu2bx6dx7.wav,nne,data/raw/id_634gu2bx6dx7.wav,5.36,16000,1,train
id_92pd0g53n3c9.wav,sita,data/raw/id_92pd0g53n3c9.wav,5.12,16000,1,test
id_3oj2j7dal77u.wav,tatu,data/raw/id_3oj2j7dal77u.wav,6.0,16000,1,train
id_zbfnf75160ry.wav,tisa,data/raw/id_zbfnf75160ry.wav,4.16,16000,1,train
id_qux9rzi96eeu.wav,kumi,data/raw/id_qux9rzi96eeu.wav,8.4,16000,1,train
id_0wvftak173os.wav,hapana,data/raw/id_0wvftak173os.wav,4.88,16000,1,test
id_597j4jnuuqjy.wav,mbili,data/raw/id_597j4jnuuqjy.wav,3.36,16000,1,train
id_st6776aatgol.wav,tatu,data/raw/id_st6776aatgol.wav,4.64,16000,1,test
id_p2oau0luxhww.wav,ndio,data/raw/id_p2oau0luxhww.wav,4.48,16000,1,val
id_z5idkrwyr29q.wav,tisa,data/raw/id_z5idkrwyr29q.wav,4.56,16000,1,train
id_wztyx3ykba9f.wav,kumi,data/raw/id_wztyx3ykba9f.wav,3.968,16000,1,train
id_u89ydp3i4jw4.wav,tisa,data/raw/id_u89ydp3i4jw4.wav,4.224,16000,1,train
id_xmicfkcwsx3y.wav,saba,data/raw/id_xmicfkcwsx3y.wav,4.88,16000,1,train
id_s56xvoran4l2.wav,saba,data/raw/id_s56xvoran4l2.wav,4.0,16000,1,train
id_6m0z2hx369mx.wav,kumi,data/raw/id_6m0z2hx369mx.wav,6.48,16000,1,train
id_ieo1nynohd9s.wav,moja,data/raw/id_ieo1nynohd9s.wav,5.44,16000,1,test
id_6k2m2e85zkr7.wav,mbili,data/raw/id_6k2m2e85zkr7.wav,3.84,16000,1,test
id_h6bon83fm46q.wav,moja,data/raw/id_h6bon83fm46q.wav,8.4,16000,1,train
id_k18jsiu2wqz4.wav,sita,data/raw/id_k18jsiu2wqz4.wav,4.16,16000,1,val
id_14lz38onupm6.wav,sita,data/raw/id_14lz38onupm6.wav,4.72,16000,1,test
id_iozm8o4cy8l6.wav,sita,data/raw/id_iozm8o4cy8l6.wav,5.12,16000,1,train
id_jyxzwy6hqpz1.wav,hapana,data/raw/id_jyxzwy6hqpz1.wav,5.52,16000,1,train
id_v4hhr7mgflj9.wav,mbili,data/raw/id_v4hhr7mgflj9.wav,4.24,16000,1,val
id_rx7vw6cjk520.wav,ndio,data/raw/id_rx7vw6cjk520.wav,4.16,16000,1,val
id_8ii3xrw5x671.wav,tisa,data/raw/id_8ii3xrw5x671.wav,4.24,16000,1,train
id_ismvn86we6rj.wav,nane,data/raw/id_ismvn86we6rj.wav,5.504,16000,1,val
id_iws4cs9wbc4r.wav,tisa,data/raw/id_iws4cs9wbc4r.wav,6.88,16000,1,train
id_lmh1r56kmqm1.wav,sita,data/raw/id_lmh1r56kmqm1.wav,3.6,16000,1,train
id_qf6siymb8v1s.wav,ndio,data/raw/id_qf6siymb8v1s.wav,3.68,16000,1,val
id_r8pi5tvnjr7y.wav,tano,data/raw/id_r8pi5tvnjr7y.wav,2.72,16000,1,train
id_sgaub2w8qc7m.wav,mbili,data/raw/id_sgaub2w8qc7m.wav,4.24,16000,1,train
id_ty32bi0251ku.wav,tisa,data/raw/id_ty32bi0251ku.wav,4.24,16000,1,train
id_flehbkhti0eg.wav,saba,data/raw/id_flehbkhti0eg.wav,4.96,16000,1,train
id_kmsqrdwia7t5.wav,kumi,data/raw/id_kmsqrdwia7t5.wav,4.16,16000,1,train
id_h53tg8ngcvn1.wav,tatu,data/raw/id_h53tg8ngcvn1.wav,3.28,16000,1,test
id_dhizjualnvo8.wav,saba,data/raw/id_dhizjualnvo8.wav,4.4,16000,1,val
id_o5lzo8ncu7rh.wav,moja,data/raw/id_o5lzo8ncu7rh.wav,4.24,16000,1,train
id_slpwkzjay0w9.wav,moja,data/raw/id_slpwkzjay0w9.wav,5.76,16000,1,val
id_ejg9julgwcxl.wav,sita,data/raw/id_ejg9julgwcxl.wav,2.8,16000,1,train
id_6onfy14u6ztv.wav,nane,data/raw/id_6onfy14u6ztv.wav,4.0,16000,1,train
id_xbhxfpu2auxo.wav,ndio,data/raw/id_xbhxfpu2auxo.wav,3.968,16000,1,train
id_pbmx3ng14f12.wav,nane,data/raw/id_pbmx3ng14f12.wav,4.4,16000,1,train
id_glmx3wv0suxm.wav,ndio,data/raw/id_glmx3wv0suxm.wav,5.2,16000,1,train
id_pmg89uvhzz7q.wav,moja,data/raw/id_pmg89uvhzz7q.wav,4.0,16000,1,train
id_xlzbiirsq295.wav,saba,data/raw/id_xlzbiirsq295.wav,4.32,16000,1,train
id_pk54wchc7mk7.wav,ndio,data/raw/id_pk54wchc7mk7.wav,4.0,16000,1,val
id_sf2g4k6d2k7c.wav,tatu,data/raw/id_sf2g4k6d2k7c.wav,4.4,16000,1,test
id_9i9azhs6u6dj.wav,hapana,data/raw/id_9i9azhs6u6dj.wav,4.608,16000,1,test
id_ypyewm9khlq6.wav,moja,data/raw/id_ypyewm9khlq6.wav,4.4,16000,1,train
id_340o949reb8z.wav,tatu,data/raw/id_340o949reb8z.wav,4.0,16000,1,test
id_ilkmfbcv2rq6.wav,kumi,data/raw/id_ilkmfbcv2rq6.wav,4.64,16000,1,train
id_5prc3lwxgzl1.wav,nane,data/raw/id_5prc3lwxgzl1.wav,4.0,16000,1,train
id_rh60wbu37m4e.wav,nne,data/raw/id_rh60wbu37m4e.wav,4.56,16000,1,train
id_13wgoppzfqb3.wav,mbili,data/raw/id_13wgoppzfqb3.wav,3.2,16000,1,val
id_erhi4t6tp394.wav,kumi,data/raw/id_erhi4t6tp394.wav,3.84,16000,1,train
id_w36i555nl4ww.wav,sita,data/raw/id_w36i555nl4ww.wav,4.32,16000,1,train
id_m7mth6eiulae.wav,nne,data/raw/id_m7mth6eiulae.wav,6.16,16000,1,train
id_uqsbtcg0wpt1.wav,moja,data/raw/id_uqsbtcg0wpt1.wav,4.08,16000,1,train
id_4xvr6mnh173e.wav,saba,data/raw/id_4xvr6mnh173e.wav,3.44,16000,1,train
id_jhr81qgdnztn.wav,mbili,data/raw/id_jhr81qgdnztn.wav,3.76,16000,1,val
id_bh7qgquar3i1.wav,tano,data/raw/id_bh7qgquar3i1.wav,3.04,16000,1,train
id_7c1rifwlr08j.wav,saba,data/raw/id_7c1rifwlr08j.wav,4.08,16000,1,test
id_ggnk24fsgmcm.wav,nane,data/raw/id_ggnk24fsgmcm.wav,3.28,16000,1,test
id_261p2v0a2s2e.wav,nane,data/raw/id_261p2v0a2s2e.wav,3.28,16000,1,train
id_x8zq6vko7xab.wav,ndio,data/raw/id_x8zq6vko7xab.wav,9.52,16000,1,train
id_385q2v9dcn68.wav,tisa,data/raw/id_385q2v9dcn68.wav,2.96,16000,1,train
id_je1lzuhwo7ug.wav,hapana,data/raw/id_je1lzuhwo7ug.wav,5.2,16000,1,test
id_rlk2q99qj786.wav,hapana,data/raw/id_rlk2q99qj786.wav,3.52,16000,1,test
id_wgwri94sgyy1.wav,ndio,data/raw/id_wgwri94sgyy1.wav,3.92,16000,1,train
id_fea72rvrhn38.wav,tatu,data/raw/id_fea72rvrhn38.wav,5.04,16000,1,train
id_y0yr1wzqrnc1.wav,moja,data/raw/id_y0yr1wzqrnc1.wav,4.16,16000,1,train
id_tdzhalnp8pbv.wav,nane,data/raw/id_tdzhalnp8pbv.wav,4.48,16000,1,train
id_poszu5k0wknu.wav,nne,data/raw/id_poszu5k0wknu.wav,12.24,16000,1,train
id_6ar5dj3ebsum.wav,saba,data/raw/id_6ar5dj3ebsum.wav,9.36,16000,1,val
id_j0uu2dx8i4qr.wav,kumi,data/raw/id_j0uu2dx8i4qr.wav,4.32,16000,1,train
id_5ux5nzox3dhj.wav,mbili,data/raw/id_5ux5nzox3dhj.wav,6.272,16000,1,train
id_4izq1cxeamkh.wav,kumi,data/raw/id_4izq1cxeamkh.wav,4.224,16000,1,train
id_9n5hetpohwsp.wav,tatu,data/raw/id_9n5hetpohwsp.wav,4.4,16000,1,train
id_arpzxwhl3714.wav,tisa,data/raw/id_arpzxwhl3714.wav,5.12,16000,1,train
id_q65izqe31eoq.wav,saba,data/raw/id_q65izqe31eoq.wav,6.08,16000,1,train
id_0knj7xl1b47j.wav,sita,data/raw/id_0knj7xl1b47j.wav,3.6,16000,1,train
id_7e5vu6pd6lkm.wav,kumi,data/raw/id_7e5vu6pd6lkm.wav,4.8,16000,1,val
id_0ob70n4arevf.wav,kumi,data/raw/id_0ob70n4arevf.wav,4.64,16000,1,train
id_mpllng5tdj7q.wav,tano,data/raw/id_mpllng5tdj7q.wav,4.0,16000,1,train
id_660is7g565c3.wav,sita,data/raw/id_660is7g565c3.wav,3.968,16000,1,test
id_ao6sqm031m70.wav,mbili,data/raw/id_ao6sqm031m70.wav,3.92,16000,1,test
id_gfhus61l6300.wav,tano,data/raw/id_gfhus61l6300.wav,4.8,16000,1,train
id_m9tmesm3zx7a.wav,tano,data/raw/id_m9tmesm3zx7a.wav,4.64,16000,1,train
id_dietxzcwpeut.wav,moja,data/raw/id_dietxzcwpeut.wav,5.2,16000,1,test
id_qibuogfz57oe.wav,ndio,data/raw/id_qibuogfz57oe.wav,4.72,16000,1,train
id_k8jsyqs9zjh8.wav,moja,data/raw/id_k8jsyqs9zjh8.wav,4.224,16000,1,train
id_sevjnb1kbt3d.wav,hapana,data/raw/id_sevjnb1kbt3d.wav,7.68,16000,1,train
id_j4u9jxt3qows.wav,hapana,data/raw/id_j4u9jxt3qows.wav,5.2,16000,1,train
id_upptook8ny0m.wav,kumi,data/raw/id_upptook8ny0m.wav,4.72,16000,1,train
id_xi8w5woehel0.wav,hapana,data/raw/id_xi8w5woehel0.wav,3.76,16000,1,val
id_tgngyxhsdqb0.wav,tatu,data/raw/id_tgngyxhsdqb0.wav,6.16,16000,1,train
id_m1v6l6xxu4qr.wav,tisa,data/raw/id_m1v6l6xxu4qr.wav,4.4,16000,1,train
id_lpckfn0jmlp3.wav,kumi,data/raw/id_lpckfn0jmlp3.wav,3.92,16000,1,train
id_8tusxl6mau8m.wav,nne,data/raw/id_8tusxl6mau8m.wav,3.76,16000,1,test
id_4x7u0i132hsy.wav,hapana,data/raw/id_4x7u0i132hsy.wav,4.64,16000,1,test
id_jr5jb638ithv.wav,nane,data/raw/id_jr5jb638ithv.wav,3.92,16000,1,train
id_ytf30g86rzs0.wav,moja,data/raw/id_ytf30g86rzs0.wav,5.68,16000,1,val
id_ug62m8m2bhwz.wav,moja,data/raw/id_ug62m8m2bhwz.wav,3.52,16000,1,val
id_zcn6n6b4j6t7.wav,ndio,data/raw/id_zcn6n6b4j6t7.wav,4.32,16000,1,val
id_ngfknlut9qlh.wav,mbili,data/raw/id_ngfknlut9qlh.wav,4.224,16000,1,train
id_t0i0gqcro6fd.wav,nane,data/raw/id_t0i0gqcro6fd.wav,3.44,16000,1,test
id_imvf7j5djhfy.wav,tatu,data/raw/id_imvf7j5djhfy.wav,4.08,16000,1,train
id_756zyn35i0aq.wav,moja,data/raw/id_756zyn35i0aq.wav,4.56,16000,1,val
id_kpyuqxodvomt.wav,nne,data/raw/id_kpyuqxodvomt.wav,3.76,16000,1,test
id_h7fz8fuxx0jb.wav,kumi,data/raw/id_h7fz8fuxx0jb.wav,4.48,16000,1,train
id_5x0ht0zjmu3l.wav,tisa,data/raw/id_5x0ht0zjmu3l.wav,3.2,16000,1,val
id_9algfkobymge.wav,tisa,data/raw/id_9algfkobymge.wav,6.24,16000,1,train
id_n18aro100dmq.wav,nane,data/raw/id_n18aro100dmq.wav,4.16,16000,1,train
id_tbbzxy9n6e72.wav,kumi,data/raw/id_tbbzxy9n6e72.wav,4.096,16000,1,train
id_n7szgr5esy13.wav,mbili,data/raw/id_n7szgr5esy13.wav,4.08,16000,1,train
id_qg6p4zhexyrs.wav,tisa,data/raw/id_qg6p4zhexyrs.wav,8.08,16000,1,val
id_a8htpzcodyha.wav,nane,data/raw/id_a8htpzcodyha.wav,3.84,16000,1,val
id_3k3kl3r96mou.wav,hapana,data/raw/id_3k3kl3r96mou.wav,4.24,16000,1,train
id_cpl3c1bxg2u0.wav,tisa,data/raw/id_cpl3c1bxg2u0.wav,4.4,16000,1,train
id_61a4qi5zhlnw.wav,tatu,data/raw/id_61a4qi5zhlnw.wav,4.16,16000,1,train
id_tzm32rr48n5w.wav,moja,data/raw/id_tzm32rr48n5w.wav,6.4,16000,1,train
id_jsdrswtj3udn.wav,moja,data/raw/id_jsdrswtj3udn.wav,3.584,16000,1,test
id_fdsizrw8s6aw.wav,hapana,data/raw/id_fdsizrw8s6aw.wav,11.52,16000,1,train
id_0itjjnswiixc.wav,tisa,data/raw/id_0itjjnswiixc.wav,4.72,16000,1,val
id_fu4oeu8yxagw.wav,tano,data/raw/id_fu4oeu8yxagw.wav,4.56,16000,1,train
id_5aept469ixxv.wav,kumi,data/raw/id_5aept469ixxv.wav,4.08,16000,1,train
id_daou7rpax24t.wav,ndio,data/raw/id_daou7rpax24t.wav,3.76,16000,1,test
id_meaomzzggp3b.wav,mbili,data/raw/id_meaomzzggp3b.wav,4.4,16000,1,test
id_0zmmsigc8qay.wav,sita,data/raw/id_0zmmsigc8qay.wav,4.32,16000,1,train
id_3muewbqjgx97.wav,hapana,data/raw/id_3muewbqjgx97.wav,4.32,16000,1,train
id_cjhhxujadkd1.wav,mbili,data/raw/id_cjhhxujadkd1.wav,5.248,16000,1,train
id_snlc878z8yxm.wav,saba,data/raw/id_snlc878z8yxm.wav,4.96,16000,1,train
id_hdmkykank22v.wav,hapana,data/raw/id_hdmkykank22v.wav,4.32,16000,1,train
id_oec7fzpa444h.wav,tatu,data/raw/id_oec7fzpa444h.wav,3.44,16000,1,test
id_8wx1jiwdu9cb.wav,mbili,data/raw/id_8wx1jiwdu9cb.wav,4.16,16000,1,train
id_4qz9309xnmut.wav,sita,data/raw/id_4qz9309xnmut.wav,4.24,16000,1,test
id_0hbpuk3vsbh7.wav,mbili,data/raw/id_0hbpuk3vsbh7.wav,4.224,16000,1,test
id_3ueye0th313i.wav,ndio,data/raw/id_3ueye0th313i.wav,4.64,16000,1,train
id_hr94bh5q9wez.wav,moja,data/raw/id_hr94bh5q9wez.wav,4.64,16000,1,train
id_k8u4moha573y.wav,kumi,data/raw/id_k8u4moha573y.wav,5.12,16000,1,train
id_4u9ga349wjbo.wav,ndio,data/raw/id_4u9ga349wjbo.wav,6.4,16000,1,train
id_hslf9h2g3c31.wav,moja,data/raw/id_hslf9h2g3c31.wav,3.6,16000,1,train
id_swh7ynisx48d.wav,tano,data/raw/id_swh7ynisx48d.wav,4.48,16000,1,train
id_de8vpt1smqkr.wav,hapana,data/raw/id_de8vpt1smqkr.wav,5.504,16000,1,train
id_w4v4hsy9dg45.wav,mbili,data/raw/id_w4v4hsy9dg45.wav,6.4,16000,1,train
id_a6f5bkswq8hs.wav,nne,data/raw/id_a6f5bkswq8hs.wav,5.6,16000,1,train
id_v52asgqtlu7q.wav,nne,data/raw/id_v52asgqtlu7q.wav,4.48,16000,1,train
id_yqn812fljnu9.wav,tatu,data/raw/id_yqn812fljnu9.wav,3.68,16000,1,train
id_qgi3xste6ghf.wav,nane,data/raw/id_qgi3xste6ghf.wav,9.52,16000,1,train
id_6gmf4f3o7aig.wav,sita,data/raw/id_6gmf4f3o7aig.wav,3.36,16000,1,train
id_nt2tl73rh373.wav,kumi,data/raw/id_nt2tl73rh373.wav,2.88,16000,1,train
id_wbha58xz7c3c.wav,mbili,data/raw/id_wbha58xz7c3c.wav,4.4,16000,1,train
id_dgjhqldd2su6.wav,saba,data/raw/id_dgjhqldd2su6.wav,4.72,16000,1,train
id_flddeq4k3v5m.wav,sita,data/raw/id_flddeq4k3v5m.wav,6.48,16000,1,train
id_86fusq09iz8g.wav,saba,data/raw/id_86fusq09iz8g.wav,4.08,16000,1,val
id_0tuabdgr711r.wav,mbili,data/raw/id_0tuabdgr711r.wav,4.08,16000,1,train
id_w5y5kqevftf0.wav,nne,data/raw/id_w5y5kqevftf0.wav,5.2,16000,1,test
id_xkxu2i1s1o02.wav,tano,data/raw/id_xkxu2i1s1o02.wav,5.36,16000,1,val
id_1sp9nxhiq692.wav,nne,data/raw/id_1sp9nxhiq692.wav,4.64,16000,1,val
id_41xea6fn8t1c.wav,nane,data/raw/id_41xea6fn8t1c.wav,11.68,16000,1,train
id_z6hnmu664s27.wav,saba,data/raw/id_z6hnmu664s27.wav,6.96,16000,1,train
id_t1gxyt89ob1o.wav,kumi,data/raw/id_t1gxyt89ob1o.wav,4.0,16000,1,train
id_et9ywncc14ze.wav,tisa,data/raw/id_et9ywncc14ze.wav,4.48,16000,1,test
id_fbe9wuv0fxz5.wav,ndio,data/raw/id_fbe9wuv0fxz5.wav,4.88,16000,1,train
id_i1dlon0nyll9.wav,tatu,data/raw/id_i1dlon0nyll9.wav,3.28,16000,1,train
id_hdw2qouh6s5o.wav,hapana,data/raw/id_hdw2qouh6s5o.wav,7.52,16000,1,train
id_qbqgmrgv66h7.wav,tisa,data/raw/id_qbqgmrgv66h7.wav,3.28,16000,1,train
id_k4sevc6lbx15.wav,tisa,data/raw/id_k4sevc6lbx15.wav,4.32,16000,1,val
id_n96zp5kqmiso.wav,ndio,data/raw/id_n96zp5kqmiso.wav,4.0,16000,1,test
id_1lrlnjt5yat0.wav,mbili,data/raw/id_1lrlnjt5yat0.wav,2.72,16000,1,val
id_e12cioljm5fg.wav,hapana,data/raw/id_e12cioljm5fg.wav,5.76,16000,1,train
id_pwovq4goavqf.wav,tisa,data/raw/id_pwovq4goavqf.wav,3.76,16000,1,val
id_p97ok5mxzcps.wav,tano,data/raw/id_p97ok5mxzcps.wav,5.68,16000,1,test
id_t4xbvwqx3qdu.wav,sita,data/raw/id_t4xbvwqx3qdu.wav,4.864,16000,1,test
id_iibctj967t32.wav,hapana,data/raw/id_iibctj967t32.wav,4.88,16000,1,train
id_wj17bv5a18i2.wav,tatu,data/raw/id_wj17bv5a18i2.wav,9.76,16000,1,train
id_5xep74er3b29.wav,nne,data/raw/id_5xep74er3b29.wav,5.68,16000,1,train
id_zj21n1bb8z2a.wav,tano,data/raw/id_zj21n1bb8z2a.wav,4.08,16000,1,train
id_6fdpysbf72mw.wav,hapana,data/raw/id_6fdpysbf72mw.wav,6.4,16000,1,train
id_cphbes68fzfj.wav,tatu,data/raw/id_cphbes68fzfj.wav,4.32,16000,1,train
id_e8eowdx49hg4.wav,hapana,data/raw/id_e8eowdx49hg4.wav,4.32,16000,1,val
id_8kriy4cqm8kf.wav,moja,data/raw/id_8kriy4cqm8kf.wav,3.76,16000,1,train
id_dkx40zcxwf33.wav,saba,data/raw/id_dkx40zcxwf33.wav,3.6,16000,1,train
id_pxty0t2fqbyp.wav,tano,data/raw/id_pxty0t2fqbyp.wav,4.4,16000,1,train
id_h0afn7o8hno7.wav,tano,data/raw/id_h0afn7o8hno7.wav,5.76,16000,1,train
id_1w5ir5qoyi3i.wav,tano,data/raw/id_1w5ir5qoyi3i.wav,4.48,16000,1,train
id_mrwa9fv0qu0s.wav,mbili,data/raw/id_mrwa9fv0qu0s.wav,5.44,16000,1,test
id_pn3841u3rbpo.wav,hapana,data/raw/id_pn3841u3rbpo.wav,4.352,16000,1,train
id_g419eeqs1bb0.wav,tano,data/raw/id_g419eeqs1bb0.wav,6.88,16000,1,train
id_krnj764xu7yx.wav,hapana,data/raw/id_krnj764xu7yx.wav,3.36,16000,1,train
id_u9d8r4b9igf8.wav,tano,data/raw/id_u9d8r4b9igf8.wav,4.4,16000,1,train
id_vb2o1oewmngb.wav,tatu,data/raw/id_vb2o1oewmngb.wav,3.76,16000,1,test
id_bd8xqn7cfod4.wav,hapana,data/raw/id_bd8xqn7cfod4.wav,3.92,16000,1,train
id_5m2yibfhn7ss.wav,nane,data/raw/id_5m2yibfhn7ss.wav,3.36,16000,1,train
id_996icxksn4h2.wav,tatu,data/raw/id_996icxksn4h2.wav,4.24,16000,1,train
id_rlau1qiqnvm2.wav,tatu,data/raw/id_rlau1qiqnvm2.wav,4.64,16000,1,train
id_yrcl5gq18chk.wav,mbili,data/raw/id_yrcl5gq18chk.wav,4.48,16000,1,train
id_8z60pkg3baky.wav,hapana,data/raw/id_8z60pkg3baky.wav,4.16,16000,1,train
id_hb6qwucth9b2.wav,sita,data/raw/id_hb6qwucth9b2.wav,5.68,16000,1,train
id_zrcaxt5exauo.wav,sita,data/raw/id_zrcaxt5exauo.wav,3.68,16000,1,train
id_um8apj5nb2dd.wav,nne,data/raw/id_um8apj5nb2dd.wav,3.28,16000,1,train
id_70bh729tyncq.wav,hapana,data/raw/id_70bh729tyncq.wav,7.04,16000,1,train
id_xip0cthgyhk6.wav,ndio,data/raw/id_xip0cthgyhk6.wav,3.52,16000,1,val
id_z4ju3oaexhpl.wav,mbili,data/raw/id_z4ju3oaexhpl.wav,3.04,16000,1,test
id_n9hutmr62qsa.wav,nne,data/raw/id_n9hutmr62qsa.wav,4.4,16000,1,train
id_beqpnbstt014.wav,nane,data/raw/id_beqpnbstt014.wav,3.968,16000,1,train
id_b2u2cogk1h6v.wav,tatu,data/raw/id_b2u2cogk1h6v.wav,11.44,16000,1,train
id_37rxy8ilejyd.wav,tatu,data/raw/id_37rxy8ilejyd.wav,4.0,16000,1,train
id_chc9ydmytq5i.wav,nne,data/raw/id_chc9ydmytq5i.wav,3.68,16000,1,test
id_0plej5f4lbcg.wav,tisa,data/raw/id_0plej5f4lbcg.wav,4.4,16000,1,val
id_o9qs0yr20nqp.wav,sita,data/raw/id_o9qs0yr20nqp.wav,3.04,16000,1,train
id_2lpkjo7vgfxc.wav,nane,data/raw/id_2lpkjo7vgfxc.wav,5.92,16000,1,train
id_hz5i2qubwtii.wav,mbili,data/raw/id_hz5i2qubwtii.wav,5.04,16000,1,train
id_2r4129830v9p.wav,nane,data/raw/id_2r4129830v9p.wav,4.88,16000,1,test
id_u4fwyx3l8010.wav,tatu,data/raw/id_u4fwyx3l8010.wav,5.04,16000,1,train
id_ynr0q6778lyb.wav,mbili,data/raw/id_ynr0q6778lyb.wav,3.52,16000,1,train
id_jiz09p5ucmlu.wav,ndio,data/raw/id_jiz09p5ucmlu.wav,3.52,16000,1,train
id_5f8yctjj7al9.wav,tano,data/raw/id_5f8yctjj7al9.wav,3.44,16000,1,train
id_4w2kcae9ppr2.wav,nane,data/raw/id_4w2kcae9ppr2.wav,5.52,16000,1,train
id_bo3q87mwjvo5.wav,ndio,data/raw/id_bo3q87mwjvo5.wav,4.72,16000,1,train
id_w33nxjq309ps.wav,hapana,data/raw/id_w33nxjq309ps.wav,3.44,16000,1,train
id_rmmdv487kr37.wav,nne,data/raw/id_rmmdv487kr37.wav,4.48,16000,1,test
id_tj4g0fqiu2c8.wav,ndio,data/raw/id_tj4g0fqiu2c8.wav,8.0,16000,1,train
id_ywaknrt9lzm3.wav,nane,data/raw/id_ywaknrt9lzm3.wav,5.6,16000,1,train
id_ebwouc9dh9ai.wav,kumi,data/raw/id_ebwouc9dh9ai.wav,3.36,16000,1,train
id_g3g18bt9ut49.wav,nane,data/raw/id_g3g18bt9ut49.wav,6.56,16000,1,train
id_03gbgoj40xmf.wav,mbili,data/raw/id_03gbgoj40xmf.wav,3.68,16000,1,train
id_sziahp5dpvtl.wav,sita,data/raw/id_sziahp5dpvtl.wav,4.0,16000,1,train
id_n1si61ujqiis.wav,nne,data/raw/id_n1si61ujqiis.wav,4.352,16000,1,train
id_p21c4arem1k4.wav,sita,data/raw/id_p21c4arem1k4.wav,3.44,16000,1,val
id_yd1av5i3tv3l.wav,ndio,data/raw/id_yd1av5i3tv3l.wav,4.24,16000,1,train
id_44jsl0vpt5b2.wav,hapana,data/raw/id_44jsl0vpt5b2.wav,5.76,16000,1,train
id_e7wjk4tjr06l.wav,moja,data/raw/id_e7wjk4tjr06l.wav,4.16,16000,1,train
id_vdabkaxbjinv.wav,tatu,data/raw/id_vdabkaxbjinv.wav,4.08,16000,1,train
id_e5a5b7wxosay.wav,nane,data/raw/id_e5a5b7wxosay.wav,5.36,16000,1,train
id_ckbanly9aqvj.wav,tano,data/raw/id_ckbanly9aqvj.wav,3.28,16000,1,train
id_8mn0mera5yjd.wav,moja,data/raw/id_8mn0mera5yjd.wav,4.64,16000,1,train
id_nx1rxa4vf5th.wav,nne,data/raw/id_nx1rxa4vf5th.wav,5.36,16000,1,train
id_ngup57bbw6q2.wav,nne,data/raw/id_ngup57bbw6q2.wav,6.96,16000,1,train
id_gz425viwawqa.wav,mbili,data/raw/id_gz425viwawqa.wav,3.76,16000,1,val
id_ylehl0vdhpcd.wav,tatu,data/raw/id_ylehl0vdhpcd.wav,3.28,16000,1,train
id_tzmivhyc0xyv.wav,sita,data/raw/id_tzmivhyc0xyv.wav,3.968,16000,1,train
id_8me3g3wgerd3.wav,tisa,data/raw/id_8me3g3wgerd3.wav,3.968,16000,1,train
id_nzl6ftey14wp.wav,moja,data/raw/id_nzl6ftey14wp.wav,5.76,16000,1,train
id_vlncix0q7p3z.wav,ndio,data/raw/id_vlncix0q7p3z.wav,4.88,16000,1,train
id_mwbzcltd42po.wav,nne,data/raw/id_mwbzcltd42po.wav,5.2,16000,1,train
id_sp7tx5oxcxql.wav,tano,data/raw/id_sp7tx5oxcxql.wav,6.08,16000,1,train
id_t80o7sz4xdp8.wav,kumi,data/raw/id_t80o7sz4xdp8.wav,4.72,16000,1,train
id_smtkiilr4v28.wav,tisa,data/raw/id_smtkiilr4v28.wav,4.32,16000,1,train
id_e1g9u2cb1kdk.wav,kumi,data/raw/id_e1g9u2cb1kdk.wav,4.96,16000,1,train
id_cr5s0vt9yfyp.wav,nane,data/raw/id_cr5s0vt9yfyp.wav,4.096,16000,1,val
id_jnfwif96wx9p.wav,tisa,data/raw/id_jnfwif96wx9p.wav,4.48,16000,1,test
id_g09dylquxayk.wav,kumi,data/raw/id_g09dylquxayk.wav,7.92,16000,1,train
id_qxytmbyg50t0.wav,ndio,data/raw/id_qxytmbyg50t0.wav,3.44,16000,1,test
id_hdkh86n6y47o.wav,ndio,data/raw/id_hdkh86n6y47o.wav,4.48,16000,1,train
id_6uzw3xtmxl51.wav,tatu,data/raw/id_6uzw3xtmxl51.wav,5.12,16000,1,test
id_l82f23dfdno2.wav,kumi,data/raw/id_l82f23dfdno2.wav,4.08,16000,1,val
id_06poxcfxishj.wav,mbili,data/raw/id_06poxcfxishj.wav,4.08,16000,1,train
id_8mjw8pfqfpz7.wav,sita,data/raw/id_8mjw8pfqfpz7.wav,4.24,16000,1,test
id_gxac79scauyh.wav,sita,data/raw/id_gxac79scauyh.wav,3.6,16000,1,val
id_g8niq1662n07.wav,nne,data/raw/id_g8niq1662n07.wav,2.72,16000,1,train
id_m4voy66nxi6l.wav,mbili,data/raw/id_m4voy66nxi6l.wav,4.32,16000,1,train
id_dbhyt6c8sg9z.wav,hapana,data/raw/id_dbhyt6c8sg9z.wav,6.0,16000,1,train
id_hse1p0a4v6h7.wav,tatu,data/raw/id_hse1p0a4v6h7.wav,5.6,16000,1,val
id_b7354yonq4qg.wav,moja,data/raw/id_b7354yonq4qg.wav,4.64,16000,1,train
id_xt313vl14byj.wav,ndio,data/raw/id_xt313vl14byj.wav,6.24,16000,1,train
id_nfh0tlk17jna.wav,nane,data/raw/id_nfh0tlk17jna.wav,4.88,16000,1,train
id_tdq5nsp5nqkd.wav,hapana,data/raw/id_tdq5nsp5nqkd.wav,6.0,16000,1,train
id_9w9iuirwru6o.wav,tatu,data/raw/id_9w9iuirwru6o.wav,5.504,16000,1,train
id_d70n2ic961re.wav,tano,data/raw/id_d70n2ic961re.wav,4.736,16000,1,train
id_7so7re7zmheg.wav,tano,data/raw/id_7so7re7zmheg.wav,4.88,16000,1,train
id_7jka4xxh9dej.wav,nane,data/raw/id_7jka4xxh9dej.wav,4.56,16000,1,train
id_ez958orqds5u.wav,mbili,data/raw/id_ez958orqds5u.wav,3.84,16000,1,train
id_a7j8s6x5y9o1.wav,sita,data/raw/id_a7j8s6x5y9o1.wav,4.0,16000,1,train
id_c84hg0o9hvmr.wav,moja,data/raw/id_c84hg0o9hvmr.wav,3.36,16000,1,train
id_18p1yuzdif7j.wav,mbili,data/raw/id_18p1yuzdif7j.wav,3.84,16000,1,train
id_975397ruthla.wav,moja,data/raw/id_975397ruthla.wav,4.64,16000,1,train
id_5enu5fefig4g.wav,nane,data/raw/id_5enu5fefig4g.wav,3.2,16000,1,train
id_cnhza1dbtb7j.wav,sita,data/raw/id_cnhza1dbtb7j.wav,5.04,16000,1,test
id_dwpscsrrv9t3.wav,moja,data/raw/id_dwpscsrrv9t3.wav,3.68,16000,1,train
id_xkz8z5pvctcd.wav,tatu,data/raw/id_xkz8z5pvctcd.wav,3.6,16000,1,val
id_h57ucmv86cmm.wav,sita,data/raw/id_h57ucmv86cmm.wav,3.76,16000,1,train
id_igdyf7ms42ul.wav,kumi,data/raw/id_igdyf7ms42ul.wav,4.96,16000,1,train
id_w187d8zbuq4k.wav,ndio,data/raw/id_w187d8zbuq4k.wav,4.96,16000,1,test
id_qig21eszzha3.wav,mbili,data/raw/id_qig21eszzha3.wav,6.0,16000,1,val
id_7tteeikfcebl.wav,nne,data/raw/id_7tteeikfcebl.wav,4.608,16000,1,test
id_xxn9im3phodn.wav,tano,data/raw/id_xxn9im3phodn.wav,6.24,16000,1,train
id_zj9j089zbeu9.wav,tisa,data/raw/id_zj9j089zbeu9.wav,4.72,16000,1,train
id_kr078ru2ybae.wav,hapana,data/raw/id_kr078ru2ybae.wav,5.36,16000,1,train
id_vzlk6benugxk.wav,tatu,data/raw/id_vzlk6benugxk.wav,5.28,16000,1,train
id_lvxwr3nxmd66.wav,tano,data/raw/id_lvxwr3nxmd66.wav,3.6,16000,1,test
id_e0dnfv6ggbzh.wav,kumi,data/raw/id_e0dnfv6ggbzh.wav,4.16,16000,1,val
id_mk4t16i1t7mm.wav,kumi,data/raw/id_mk4t16i1t7mm.wav,10.56,16000,1,train
id_qms4q15m1iz9.wav,moja,data/raw/id_qms4q15m1iz9.wav,4.8,16000,1,train
id_d0se9m96zne7.wav,nne,data/raw/id_d0se9m96zne7.wav,3.968,16000,1,train
id_dbwqpm0viykb.wav,tatu,data/raw/id_dbwqpm0viykb.wav,4.096,16000,1,train
id_999i01g5vky9.wav,nne,data/raw/id_999i01g5vky9.wav,4.992,16000,1,train
id_p0oigtbidzfe.wav,sita,data/raw/id_p0oigtbidzfe.wav,6.16,16000,1,train
id_nz096zt4us7t.wav,moja,data/raw/id_nz096zt4us7t.wav,5.2,16000,1,train
id_8h2qqnmzu34w.wav,hapana,data/raw/id_8h2qqnmzu34w.wav,6.4,16000,1,train
id_37wc2c4doc5l.wav,tatu,data/raw/id_37wc2c4doc5l.wav,3.68,16000,1,val
id_mljjb5fvar0t.wav,moja,data/raw/id_mljjb5fvar0t.wav,8.4,16000,1,val
id_j5bzocizvzla.wav,ndio,data/raw/id_j5bzocizvzla.wav,5.12,16000,1,train
id_dotrv4vdeqqt.wav,saba,data/raw/id_dotrv4vdeqqt.wav,4.8,16000,1,train
id_f6jh8j9k0fhl.wav,nane,data/raw/id_f6jh8j9k0fhl.wav,4.32,16000,1,train
id_9mvo2k0n97bv.wav,moja,data/raw/id_9mvo2k0n97bv.wav,4.32,16000,1,train
id_m3q0uzr8ge1w.wav,saba,data/raw/id_m3q0uzr8ge1w.wav,3.52,16000,1,val
id_1pt4ceg6frfw.wav,tisa,data/raw/id_1pt4ceg6frfw.wav,4.16,16000,1,val
id_3ly3rgl0hkel.wav,ndio,data/raw/id_3ly3rgl0hkel.wav,4.32,16000,1,val
id_ki0p49d51f3j.wav,hapana,data/raw/id_ki0p49d51f3j.wav,4.24,16000,1,test
id_wascz07tt9id.wav,tatu,data/raw/id_wascz07tt9id.wav,5.36,16000,1,train
id_t3u7yaflc1ko.wav,kumi,data/raw/id_t3u7yaflc1ko.wav,3.6,16000,1,train
id_tbouclvrl4cd.wav,hapana,data/raw/id_tbouclvrl4cd.wav,3.92,16000,1,train
id_vdiuxb9j3ucx.wav,tisa,data/raw/id_vdiuxb9j3ucx.wav,3.68,16000,1,test
id_inb2lg66ekbf.wav,mbili,data/raw/id_inb2lg66ekbf.wav,3.6,16000,1,test
id_e7cz4t8zp3bi.wav,mbili,data/raw/id_e7cz4t8zp3bi.wav,4.32,16000,1,train
id_eocs2nc026xo.wav,hapana,data/raw/id_eocs2nc026xo.wav,3.968,16000,1,train
id_sw9a948kzikb.wav,moja,data/raw/id_sw9a948kzikb.wav,8.48,16000,1,train
id_yvpt6g2adoh1.wav,sita,data/raw/id_yvpt6g2adoh1.wav,4.864,16000,1,test
id_uly4rk9xqb1b.wav,nne,data/raw/id_uly4rk9xqb1b.wav,4.56,16000,1,train
id_nc83ldehvx6k.wav,tatu,data/raw/id_nc83ldehvx6k.wav,4.0,16000,1,train
id_o9vh7mjxkjhw.wav,tatu,data/raw/id_o9vh7mjxkjhw.wav,3.6,16000,1,test
id_51uefqfmx9rz.wav,mbili,data/raw/id_51uefqfmx9rz.wav,3.76,16000,1,train
id_faok7enuu1ne.wav,moja,data/raw/id_faok7enuu1ne.wav,4.4,16000,1,val
id_kvcjraomtgxe.wav,tatu,data/raw/id_kvcjraomtgxe.wav,3.76,16000,1,val
id_mxd8e0qaffwf.wav,tisa,data/raw/id_mxd8e0qaffwf.wav,3.92,16000,1,train
id_hax9jbsyx4kx.wav,tano,data/raw/id_hax9jbsyx4kx.wav,4.72,16000,1,train
id_tf3fx45dvhf3.wav,moja,data/raw/id_tf3fx45dvhf3.wav,5.6,16000,1,train
id_hgsoabjwcfiq.wav,ndio,data/raw/id_hgsoabjwcfiq.wav,4.24,16000,1,test
id_xctcd7rijtix.wav,hapana,data/raw/id_xctcd7rijtix.wav,4.224,16000,1,train
id_ry7sq4bw46a1.wav,nane,data/raw/id_ry7sq4bw46a1.wav,3.968,16000,1,train
id_tiiqh6uq6s2f.wav,hapana,data/raw/id_tiiqh6uq6s2f.wav,4.08,16000,1,val
id_wug5kndcavtv.wav,hapana,data/raw/id_wug5kndcavtv.wav,4.24,16000,1,val
id_50detx17vfnl.wav,ndio,data/raw/id_50detx17vfnl.wav,5.36,16000,1,train
id_xuqymciajqqz.wav,tano,data/raw/id_xuqymciajqqz.wav,3.2,16000,1,train
id_09yb6k6xebk5.wav,nane,data/raw/id_09yb6k6xebk5.wav,4.864,16000,1,train
id_ir2a4c48dytv.wav,nane,data/raw/id_ir2a4c48dytv.wav,7.12,16000,1,train
id_85e06krywulo.wav,tatu,data/raw/id_85e06krywulo.wav,20.48,16000,1,train
id_pcitc6soxgo7.wav,tisa,data/raw/id_pcitc6soxgo7.wav,8.24,16000,1,test
id_1izzii125db0.wav,hapana,data/raw/id_1izzii125db0.wav,7.28,16000,1,train
id_cdxl1wbdn9pn.wav,hapana,data/raw/id_cdxl1wbdn9pn.wav,5.2,16000,1,train
id_15el2oang2ug.wav,saba,data/raw/id_15el2oang2ug.wav,5.2,16000,1,train
id_f4mlh4tc7xiw.wav,nane,data/raw/id_f4mlh4tc7xiw.wav,5.04,16000,1,train
id_8d48a00flo5q.wav,tatu,data/raw/id_8d48a00flo5q.wav,3.52,16000,1,train
id_we6bkbqc8v11.wav,mbili,data/raw/id_we6bkbqc8v11.wav,3.84,16000,1,test
id_y9gsfsua1ca1.wav,nne,data/raw/id_y9gsfsua1ca1.wav,3.28,16000,1,train
id_50i17ma6pfuw.wav,ndio,data/raw/id_50i17ma6pfuw.wav,5.84,16000,1,val
id_i6ps7d05do3h.wav,tatu,data/raw/id_i6ps7d05do3h.wav,4.32,16000,1,train
id_0103ld0glclv.wav,tano,data/raw/id_0103ld0glclv.wav,6.8,16000,1,train
id_q7uoc9lbv49g.wav,tano,data/raw/id_q7uoc9lbv49g.wav,4.4,16000,1,val
id_t4bve9r0rq8b.wav,sita,data/raw/id_t4bve9r0rq8b.wav,3.36,16000,1,train
id_xhayxumxyll9.wav,tisa,data/raw/id_xhayxumxyll9.wav,4.4,16000,1,train
id_s7fu0t33l3d1.wav,hapana,data/raw/id_s7fu0t33l3d1.wav,3.36,16000,1,test
id_euagjw23rgmv.wav,tatu,data/raw/id_euagjw23rgmv.wav,4.08,16000,1,train
id_224grqydiy3t.wav,nane,data/raw/id_224grqydiy3t.wav,4.48,16000,1,val
id_zy9s7sdnhb8n.wav,kumi,data/raw/id_zy9s7sdnhb8n.wav,4.32,16000,1,train
id_i62hbq2pw2ya.wav,moja,data/raw/id_i62hbq2pw2ya.wav,4.24,16000,1,train
id_qlil9t1q7x9r.wav,tano,data/raw/id_qlil9t1q7x9r.wav,4.224,16000,1,train
id_4byd70k92kjl.wav,tano,data/raw/id_4byd70k92kjl.wav,3.2,16000,1,train
id_a03er93r6nbq.wav,tatu,data/raw/id_a03er93r6nbq.wav,3.6,16000,1,train
id_y292nl3x6duc.wav,mbili,data/raw/id_y292nl3x6duc.wav,6.88,16000,1,train
id_tirelk3pxtsq.wav,kumi,data/raw/id_tirelk3pxtsq.wav,3.84,16000,1,test
id_rbach60n862o.wav,ndio,data/raw/id_rbach60n862o.wav,3.6,16000,1,train
id_rf0pt8feghep.wav,nane,data/raw/id_rf0pt8feghep.wav,4.0,16000,1,train
id_shqk4g5vqti4.wav,tisa,data/raw/id_shqk4g5vqti4.wav,3.28,16000,1,test
id_ta8zpg2e2ctb.wav,moja,data/raw/id_ta8zpg2e2ctb.wav,2.64,16000,1,train
id_svwbs6og58bd.wav,nne,data/raw/id_svwbs6og58bd.wav,3.84,16000,1,train
id_4gbdthllm11n.wav,hapana,data/raw/id_4gbdthllm11n.wav,8.0,16000,1,train
id_7g2w06r26ue9.wav,tisa,data/raw/id_7g2w06r26ue9.wav,4.48,16000,1,test
id_0pl250m9dm5j.wav,tano,data/raw/id_0pl250m9dm5j.wav,29.28,16000,1,train
id_f34ewbljuj9s.wav,moja,data/raw/id_f34ewbljuj9s.wav,5.04,16000,1,train
id_77g57wkqgp9o.wav,nane,data/raw/id_77g57wkqgp9o.wav,3.68,16000,1,train
id_cisussicd4d4.wav,saba,data/raw/id_cisussicd4d4.wav,3.6,16000,1,train
id_v52azydqljby.wav,tisa,data/raw/id_v52azydqljby.wav,3.6,16000,1,val
id_h6rd3p7tzhsg.wav,tatu,data/raw/id_h6rd3p7tzhsg.wav,5.68,16000,1,train
id_bzxj7tl9uqdk.wav,mbili,data/raw/id_bzxj7tl9uqdk.wav,4.56,16000,1,train
id_xyaoq32mwjnt.wav,moja,data/raw/id_xyaoq32mwjnt.wav,5.2,16000,1,val
id_4opne2cxrzu6.wav,nane,data/raw/id_4opne2cxrzu6.wav,3.2,16000,1,train
id_5ko1fllrs0fr.wav,tano,data/raw/id_5ko1fllrs0fr.wav,4.4,16000,1,train
id_fbsm9iga61nc.wav,nane,data/raw/id_fbsm9iga61nc.wav,4.48,16000,1,val
id_5h7jzc0zij00.wav,tisa,data/raw/id_5h7jzc0zij00.wav,5.44,16000,1,test
id_zlqxorfrvppw.wav,nne,data/raw/id_zlqxorfrvppw.wav,4.224,16000,1,train
id_ffwdefh486ns.wav,moja,data/raw/id_ffwdefh486ns.wav,4.08,16000,1,train
id_gkzgdiaubypq.wav,moja,data/raw/id_gkzgdiaubypq.wav,6.08,16000,1,test
id_vorulw490ux9.wav,tano,data/raw/id_vorulw490ux9.wav,6.64,16000,1,train
id_4e8pojot18z8.wav,sita,data/raw/id_4e8pojot18z8.wav,4.48,16000,1,train
id_rnwc1i7zfsch.wav,nane,data/raw/id_rnwc1i7zfsch.wav,4.24,16000,1,train
id_ixvuyrjedz0p.wav,nne,data/raw/id_ixvuyrjedz0p.wav,3.6,16000,1,train
id_3yym80t1sb53.wav,nane,data/raw/id_3yym80t1sb53.wav,4.24,16000,1,train
id_qbey3wog334x.wav,nane,data/raw/id_qbey3wog334x.wav,5.12,16000,1,train
id_9ul25izv4e3j.wav,tisa,data/raw/id_9ul25izv4e3j.wav,25.36,16000,1,train
id_d2i3waa34xwr.wav,kumi,data/raw/id_d2i3waa34xwr.wav,5.28,16000,1,train
id_egv3mx0ygdlc.wav,tisa,data/raw/id_egv3mx0ygdlc.wav,4.88,16000,1,test
id_5yfzsgchpxf3.wav,tatu,data/raw/id_5yfzsgchpxf3.wav,4.96,16000,1,train
id_tj1zs66a1rmp.wav,saba,data/raw/id_tj1zs66a1rmp.wav,3.52,16000,1,train
id_2wyqdsq0oajx.wav,moja,data/raw/id_2wyqdsq0oajx.wav,6.4,16000,1,train
id_5dyvyhupwyil.wav,nne,data/raw/id_5dyvyhupwyil.wav,3.92,16000,1,train
id_ab7djeuvgxii.wav,sita,data/raw/id_ab7djeuvgxii.wav,3.12,16000,1,train
id_drc8ugieob3g.wav,tano,data/raw/id_drc8ugieob3g.wav,5.76,16000,1,test
id_6afmf1lnuks3.wav,kumi,data/raw/id_6afmf1lnuks3.wav,4.08,16000,1,train
id_f73ny8khxphc.wav,moja,data/raw/id_f73ny8khxphc.wav,4.88,16000,1,train
id_edmgvsrdtu3r.wav,mbili,data/raw/id_edmgvsrdtu3r.wav,4.0,16000,1,train
id_ena9f14dzgws.wav,nane,data/raw/id_ena9f14dzgws.wav,4.08,16000,1,train
id_6cp1m2j1hygz.wav,tano,data/raw/id_6cp1m2j1hygz.wav,3.968,16000,1,val
id_ypicpq5bl8yq.wav,tano,data/raw/id_ypicpq5bl8yq.wav,3.84,16000,1,test
id_ie3qlq09l27v.wav,nane,data/raw/id_ie3qlq09l27v.wav,4.48,16000,1,test
id_x94g6dvzz2y8.wav,ndio,data/raw/id_x94g6dvzz2y8.wav,3.12,16000,1,train
id_qt4n88i1um33.wav,nne,data/raw/id_qt4n88i1um33.wav,3.84,16000,1,train
id_5y7zx54bzvd7.wav,tisa,data/raw/id_5y7zx54bzvd7.wav,12.32,16000,1,test
id_gqybbcl52nc3.wav,sita,data/raw/id_gqybbcl52nc3.wav,3.36,16000,1,train
id_720ll1ijy7er.wav,ndio,data/raw/id_720ll1ijy7er.wav,4.608,16000,1,train
id_fem35o39b8qv.wav,kumi,data/raw/id_fem35o39b8qv.wav,3.92,16000,1,train
id_4vmcphj7wzsx.wav,hapana,data/raw/id_4vmcphj7wzsx.wav,4.0,16000,1,train
id_v5tmm90dgjgx.wav,nane,data/raw/id_v5tmm90dgjgx.wav,4.4,16000,1,train
id_4egl7kxvhe2m.wav,hapana,data/raw/id_4egl7kxvhe2m.wav,4.0,16000,1,test
id_87e0gnt2af7y.wav,ndio,data/raw/id_87e0gnt2af7y.wav,4.56,16000,1,val
id_n5n7rv0y1ar0.wav,tano,data/raw/id_n5n7rv0y1ar0.wav,4.96,16000,1,val
id_lj5jy851eqik.wav,saba,data/raw/id_lj5jy851eqik.wav,4.48,16000,1,train
id_z2hbv4h38cb1.wav,ndio,data/raw/id_z2hbv4h38cb1.wav,3.968,16000,1,train
id_0fh08ayr6x92.wav,mbili,data/raw/id_0fh08ayr6x92.wav,4.24,16000,1,train
id_bm799pnqq0t9.wav,moja,data/raw/id_bm799pnqq0t9.wav,5.28,16000,1,test
id_ycj5r0yz4nzl.wav,nne,data/raw/id_ycj5r0yz4nzl.wav,3.12,16000,1,train
id_3sq66j3fuo4l.wav,hapana,data/raw/id_3sq66j3fuo4l.wav,4.32,16000,1,train
id_5qkh1q6nvexh.wav,nne,data/raw/id_5qkh1q6nvexh.wav,4.0,16000,1,val
id_0g8u1xbirlkn.wav,moja,data/raw/id_0g8u1xbirlkn.wav,5.68,16000,1,train
id_sge0guasg3q3.wav,saba,data/raw/id_sge0guasg3q3.wav,4.8,16000,1,train
id_5ir89fokml4w.wav,tatu,data/raw/id_5ir89fokml4w.wav,4.0,16000,1,val
id_po7cgm93ozwk.wav,mbili,data/raw/id_po7cgm93ozwk.wav,4.48,16000,1,test
id_6ib5ta59zs46.wav,moja,data/raw/id_6ib5ta59zs46.wav,4.08,16000,1,val
id_1o9ol53exqhv.wav,tano,data/raw/id_1o9ol53exqhv.wav,4.4,16000,1,val
id_2mgapraafo2t.wav,hapana,data/raw/id_2mgapraafo2t.wav,4.88,16000,1,val
id_mtpqg4tjsitl.wav,nane,data/raw/id_mtpqg4tjsitl.wav,4.64,16000,1,test
id_kb1536xxb8rn.wav,saba,data/raw/id_kb1536xxb8rn.wav,4.24,16000,1,train
id_2hb172lvpp6t.wav,tisa,data/raw/id_2hb172lvpp6t.wav,4.096,16000,1,train
id_pi5c6xbrm8gf.wav,tatu,data/raw/id_pi5c6xbrm8gf.wav,4.4,16000,1,train
id_6xgbwz7xb29x.wav,saba,data/raw/id_6xgbwz7xb29x.wav,4.608,16000,1,val
id_nixkamn8js4o.wav,moja,data/raw/id_nixkamn8js4o.wav,6.64,16000,1,train
id_0k74npsz0bjr.wav,kumi,data/raw/id_0k74npsz0bjr.wav,3.84,16000,1,train
id_hliy67bxu5kh.wav,ndio,data/raw/id_hliy67bxu5kh.wav,3.76,16000,1,train
id_hv2gcfou5guf.wav,nane,data/raw/id_hv2gcfou5guf.wav,4.48,16000,1,train
id_x02w4cpx9z0v.wav,tatu,data/raw/id_x02w4cpx9z0v.wav,4.4,16000,1,train
id_ngxzr6iphsxm.wav,tano,data/raw/id_ngxzr6iphsxm.wav,4.4,16000,1,train
id_q9fzvn0ie4qr.wav,nne,data/raw/id_q9fzvn0ie4qr.wav,4.096,16000,1,train
id_gnyibp2q6ifk.wav,saba,data/raw/id_gnyibp2q6ifk.wav,5.04,16000,1,val
id_cc8vxfipo0xl.wav,tisa,data/raw/id_cc8vxfipo0xl.wav,4.16,16000,1,train
id_ny179ruihwtb.wav,nane,data/raw/id_ny179ruihwtb.wav,4.864,16000,1,train
id_m5nue756elr8.wav,saba,data/raw/id_m5nue756elr8.wav,5.6,16000,1,train
id_bru5qqvk4pk6.wav,kumi,data/raw/id_bru5qqvk4pk6.wav,3.28,16000,1,train
id_owym10jkb4rc.wav,nne,data/raw/id_owym10jkb4rc.wav,4.24,16000,1,train
id_az4y55khhnz3.wav,sita,data/raw/id_az4y55khhnz3.wav,3.52,16000,1,test
id_l0jb1w58rrf4.wav,sita,data/raw/id_l0jb1w58rrf4.wav,4.48,16000,1,test
id_pwe22n5gqj0i.wav,tisa,data/raw/id_pwe22n5gqj0i.wav,3.44,16000,1,train
id_aj6vlplkwue4.wav,nane,data/raw/id_aj6vlplkwue4.wav,6.4,16000,1,train
id_mg90v0mjpp8o.wav,tisa,data/raw/id_mg90v0mjpp8o.wav,6.24,16000,1,train
id_jg94jhjj77v8.wav,nne,data/raw/id_jg94jhjj77v8.wav,4.4,16000,1,train
id_sucl0pu3d8fb.wav,moja,data/raw/id_sucl0pu3d8fb.wav,3.36,16000,1,train
id_uu29npp28lkg.wav,saba,data/raw/id_uu29npp28lkg.wav,7.12,16000,1,train
id_nb4bvwqu32f6.wav,mbili,data/raw/id_nb4bvwqu32f6.wav,3.52,16000,1,val
id_dyck5493haas.wav,saba,data/raw/id_dyck5493haas.wav,3.68,16000,1,train
id_4qztrf2u64i4.wav,tisa,data/raw/id_4qztrf2u64i4.wav,4.56,16000,1,test
id_a0j6pmpx9oa9.wav,saba,data/raw/id_a0j6pmpx9oa9.wav,3.92,16000,1,train
id_037hi7s3a8la.wav,ndio,data/raw/id_037hi7s3a8la.wav,3.92,16000,1,train
id_95op2xns4x7h.wav,saba,data/raw/id_95op2xns4x7h.wav,5.2,16000,1,train
id_briuen99dlq7.wav,sita,data/raw/id_briuen99dlq7.wav,3.2,16000,1,test
id_17jlu6m2k0la.wav,hapana,data/raw/id_17jlu6m2k0la.wav,5.28,16000,1,train
id_qcakejjknfsw.wav,saba,data/raw/id_qcakejjknfsw.wav,6.8,16000,1,train
id_4jnpmmh4imwl.wav,sita,data/raw/id_4jnpmmh4imwl.wav,4.16,16000,1,val
id_x9gq7biop84i.wav,ndio,data/raw/id_x9gq7biop84i.wav,3.36,16000,1,train
id_prbj5dx74jru.wav,nne,data/raw/id_prbj5dx74jru.wav,4.48,16000,1,train
id_i3jn0w8fr1d2.wav,ndio,data/raw/id_i3jn0w8fr1d2.wav,3.712,16000,1,train
id_nf8xmqfq4rwk.wav,nne,data/raw/id_nf8xmqfq4rwk.wav,6.48,16000,1,test
id_o55alyxhdzou.wav,tatu,data/raw/id_o55alyxhdzou.wav,4.64,16000,1,train
id_xmvgyc0cguis.wav,tisa,data/raw/id_xmvgyc0cguis.wav,5.888,16000,1,val
id_egaw9u9cr1qa.wav,tano,data/raw/id_egaw9u9cr1qa.wav,3.52,16000,1,train
id_0rwk70xuzujr.wav,mbili,data/raw/id_0rwk70xuzujr.wav,4.48,16000,1,train
id_2lw9vv1o5f1q.wav,tatu,data/raw/id_2lw9vv1o5f1q.wav,3.76,16000,1,train
id_pewfkx63ta4i.wav,kumi,data/raw/id_pewfkx63ta4i.wav,3.6,16000,1,train
id_1w5i2g7yiqim.wav,tatu,data/raw/id_1w5i2g7yiqim.wav,5.68,16000,1,train
id_jlmxp80dttyz.wav,tano,data/raw/id_jlmxp80dttyz.wav,5.76,16000,1,train
id_o3dzudeeq28b.wav,tisa,data/raw/id_o3dzudeeq28b.wav,4.08,16000,1,test
id_9fcqw2gfolqw.wav,nne,data/raw/id_9fcqw2gfolqw.wav,3.76,16000,1,train
id_2vqv9u33zan3.wav,hapana,data/raw/id_2vqv9u33zan3.wav,3.12,16000,1,val
id_1j02n5ymm8lz.wav,tano,data/raw/id_1j02n5ymm8lz.wav,8.48,16000,1,test
id_hk16q6vbxr6p.wav,ndio,data/raw/id_hk16q6vbxr6p.wav,5.52,16000,1,train
id_vflzr58se3n7.wav,nne,data/raw/id_vflzr58se3n7.wav,4.224,16000,1,train
id_egxt8u8bv38p.wav,hapana,data/raw/id_egxt8u8bv38p.wav,3.28,16000,1,train
id_33xt09xh6sn5.wav,hapana,data/raw/id_33xt09xh6sn5.wav,3.92,16000,1,train
id_wvc1mduv18y7.wav,hapana,data/raw/id_wvc1mduv18y7.wav,4.48,16000,1,train
id_qh6u2ldf50mm.wav,sita,data/raw/id_qh6u2ldf50mm.wav,3.12,16000,1,train
id_gvdolfou4xhp.wav,tatu,data/raw/id_gvdolfou4xhp.wav,4.8,16000,1,val
id_mjbzh9sc3wse.wav,hapana,data/raw/id_mjbzh9sc3wse.wav,4.8,16000,1,val
id_fxyt250m8rc2.wav,kumi,data/raw/id_fxyt250m8rc2.wav,3.12,16000,1,train
id_wary07bbrsnl.wav,kumi,data/raw/id_wary07bbrsnl.wav,4.64,16000,1,val
id_c8pphgfn613h.wav,kumi,data/raw/id_c8pphgfn613h.wav,11.84,16000,1,test
id_hg4v37kwsa9g.wav,moja,data/raw/id_hg4v37kwsa9g.wav,4.24,16000,1,train
id_0j43xndx0wqg.wav,tano,data/raw/id_0j43xndx0wqg.wav,4.0,16000,1,train
id_90pph43r621b.wav,tisa,data/raw/id_90pph43r621b.wav,5.68,16000,1,train
id_he49180905f1.wav,moja,data/raw/id_he49180905f1.wav,4.56,16000,1,test
id_fnftlfofe015.wav,tisa,data/raw/id_fnftlfofe015.wav,7.04,16000,1,val
id_m1iypein5x8n.wav,tano,data/raw/id_m1iypein5x8n.wav,4.08,16000,1,train
id_zlisv15so550.wav,tisa,data/raw/id_zlisv15so550.wav,3.84,16000,1,train
id_a565oea8zt35.wav,kumi,data/raw/id_a565oea8zt35.wav,3.84,16000,1,train
id_iunhxpn24h7f.wav,tatu,data/raw/id_iunhxpn24h7f.wav,3.76,16000,1,train
id_adx0ht2hzyk5.wav,moja,data/raw/id_adx0ht2hzyk5.wav,4.72,16000,1,train
id_7jnq4b1eqquq.wav,kumi,data/raw/id_7jnq4b1eqquq.wav,4.96,16000,1,test
id_89vhyz1kzepp.wav,sita,data/raw/id_89vhyz1kzepp.wav,6.656,16000,1,train
id_y5x3le7iyggo.wav,ndio,data/raw/id_y5x3le7iyggo.wav,3.84,16000,1,test
id_nlwhtp8hfxeq.wav,kumi,data/raw/id_nlwhtp8hfxeq.wav,3.68,16000,1,train
id_lz1n81k5lao8.wav,sita,data/raw/id_lz1n81k5lao8.wav,3.52,16000,1,val
id_smn1yoglyvhz.wav,kumi,data/raw/id_smn1yoglyvhz.wav,4.08,16000,1,train
id_izklnf5y526t.wav,hapana,data/raw/id_izklnf5y526t.wav,4.32,16000,1,train
id_yvke2nbdqnk0.wav,sita,data/raw/id_yvke2nbdqnk0.wav,3.6,16000,1,train
id_1ojj7pyd271b.wav,ndio,data/raw/id_1ojj7pyd271b.wav,4.56,16000,1,train
id_rc3m9tpazj6g.wav,kumi,data/raw/id_rc3m9tpazj6g.wav,4.24,16000,1,test
id_mdn6aobr92pf.wav,sita,data/raw/id_mdn6aobr92pf.wav,4.56,16000,1,train
id_oxmhzjvk662c.wav,ndio,data/raw/id_oxmhzjvk662c.wav,4.352,16000,1,train
id_k90fespenih0.wav,moja,data/raw/id_k90fespenih0.wav,4.4,16000,1,val
id_yov0g91b2cto.wav,sita,data/raw/id_yov0g91b2cto.wav,5.76,16000,1,train
id_dd532clfsj8s.wav,moja,data/raw/id_dd532clfsj8s.wav,5.44,16000,1,test
id_a7r1w5zoa4on.wav,moja,data/raw/id_a7r1w5zoa4on.wav,5.04,16000,1,train
id_t1da9qa75ij7.wav,saba,data/raw/id_t1da9qa75ij7.wav,4.48,16000,1,train
id_1e1d7ahr4xly.wav,moja,data/raw/id_1e1d7ahr4xly.wav,3.68,16000,1,test
id_88u02hzlncwd.wav,sita,data/raw/id_88u02hzlncwd.wav,4.096,16000,1,train
id_vufwpwiy82la.wav,nane,data/raw/id_vufwpwiy82la.wav,4.16,16000,1,train
id_9nulh7pemzeg.wav,nne,data/raw/id_9nulh7pemzeg.wav,3.76,16000,1,train
id_f8sy4jq7q7i9.wav,tatu,data/raw/id_f8sy4jq7q7i9.wav,4.32,16000,1,train
id_4ghvrnt32pz4.wav,nane,data/raw/id_4ghvrnt32pz4.wav,6.48,16000,1,train
id_i4wm36h5jthm.wav,hapana,data/raw/id_i4wm36h5jthm.wav,5.36,16000,1,train
id_hvzokke0mks8.wav,nne,data/raw/id_hvzokke0mks8.wav,4.48,16000,1,train
id_nde94v94qk45.wav,hapana,data/raw/id_nde94v94qk45.wav,3.52,16000,1,train
id_soblinbb75gz.wav,tatu,data/raw/id_soblinbb75gz.wav,4.16,16000,1,train
id_d9vu7rxa8x63.wav,ndio,data/raw/id_d9vu7rxa8x63.wav,3.92,16000,1,test
id_l6mo4vmkntse.wav,tatu,data/raw/id_l6mo4vmkntse.wav,3.04,16000,1,train
id_n8nhb6tfsu1x.wav,tano,data/raw/id_n8nhb6tfsu1x.wav,2.72,16000,1,val
id_q7fxbd8dgh5o.wav,mbili,data/raw/id_q7fxbd8dgh5o.wav,3.68,16000,1,test
id_0as8zaj3f7e0.wav,mbili,data/raw/id_0as8zaj3f7e0.wav,3.92,16000,1,train
id_7h6ajat6m4yo.wav,sita,data/raw/id_7h6ajat6m4yo.wav,4.8,16000,1,train
id_n6n3ejhrfrnu.wav,tano,data/raw/id_n6n3ejhrfrnu.wav,5.76,16000,1,train
id_byhwq1ziwftc.wav,ndio,data/raw/id_byhwq1ziwftc.wav,4.16,16000,1,train
id_c6kwfo9ll39r.wav,mbili,data/raw/id_c6kwfo9ll39r.wav,6.96,16000,1,train
id_91w9gz70pekg.wav,hapana,data/raw/id_91w9gz70pekg.wav,4.08,16000,1,train
id_fwtshp5pwegd.wav,moja,data/raw/id_fwtshp5pwegd.wav,5.92,16000,1,train
id_vhgy8w3uceeq.wav,moja,data/raw/id_vhgy8w3uceeq.wav,4.24,16000,1,train
id_rf6o0w1uinfy.wav,sita,data/raw/id_rf6o0w1uinfy.wav,6.016,16000,1,train
id_98nea0yc6hj7.wav,ndio,data/raw/id_98nea0yc6hj7.wav,4.08,16000,1,train
id_9q1oxshrodwx.wav,moja,data/raw/id_9q1oxshrodwx.wav,3.84,16000,1,train
id_57qq31tiel2m.wav,sita,data/raw/id_57qq31tiel2m.wav,3.68,16000,1,train
id_n3dz8s6yhizc.wav,tano,data/raw/id_n3dz8s6yhizc.wav,3.68,16000,1,train
id_vixyzzbfnfnq.wav,kumi,data/raw/id_vixyzzbfnfnq.wav,4.224,16000,1,train
id_o0zfl0p4z3zi.wav,ndio,data/raw/id_o0zfl0p4z3zi.wav,3.6,16000,1,train
id_bo3voxkx4890.wav,tisa,data/raw/id_bo3voxkx4890.wav,4.4,16000,1,train
id_vcc1uosd2ifq.wav,saba,data/raw/id_vcc1uosd2ifq.wav,5.28,16000,1,train
id_mldsa0piqngd.wav,hapana,data/raw/id_mldsa0piqngd.wav,8.64,16000,1,val
id_wesg73e90shx.wav,saba,data/raw/id_wesg73e90shx.wav,4.4,16000,1,train
id_1v9r4aaiby42.wav,nne,data/raw/id_1v9r4aaiby42.wav,4.0,16000,1,val
id_r51k50vi8lug.wav,saba,data/raw/id_r51k50vi8lug.wav,4.24,16000,1,test
id_prc1roplyctc.wav,tatu,data/raw/id_prc1roplyctc.wav,3.92,16000,1,train
id_cpumxfmailyh.wav,nne,data/raw/id_cpumxfmailyh.wav,4.24,16000,1,train
id_kw9tj53fucj2.wav,saba,data/raw/id_kw9tj53fucj2.wav,3.76,16000,1,train
id_4d41hpl43uqz.wav,kumi,data/raw/id_4d41hpl43uqz.wav,3.36,16000,1,test
id_f0sv0jhwp84l.wav,tisa,data/raw/id_f0sv0jhwp84l.wav,4.16,16000,1,train
id_rjl6li44m21s.wav,nane,data/raw/id_rjl6li44m21s.wav,4.0,16000,1,train
id_1agr9423s1zz.wav,tatu,data/raw/id_1agr9423s1zz.wav,7.44,16000,1,train
id_ea88by7h1ri9.wav,tano,data/raw/id_ea88by7h1ri9.wav,9.44,16000,1,train
id_53w7q7thuvt3.wav,tano,data/raw/id_53w7q7thuvt3.wav,7.68,16000,1,val
id_t8gx0vs0w8k6.wav,mbili,data/raw/id_t8gx0vs0w8k6.wav,3.84,16000,1,train
id_ioegla3yee4k.wav,nne,data/raw/id_ioegla3yee4k.wav,5.28,16000,1,train
id_9ss628ewkgot.wav,kumi,data/raw/id_9ss628ewkgot.wav,4.16,16000,1,val
id_unysxjodb5fw.wav,hapana,data/raw/id_unysxjodb5fw.wav,4.72,16000,1,test
id_lp7h524k9bo0.wav,hapana,data/raw/id_lp7h524k9bo0.wav,5.36,16000,1,train
id_4en2cojs0k5n.wav,hapana,data/raw/id_4en2cojs0k5n.wav,6.32,16000,1,train
id_bcs18vwvn52w.wav,moja,data/raw/id_bcs18vwvn52w.wav,5.2,16000,1,test
id_zayrunyhdyn4.wav,mbili,data/raw/id_zayrunyhdyn4.wav,5.28,16000,1,train
id_gkha3rs38g3b.wav,mbili,data/raw/id_gkha3rs38g3b.wav,3.2,16000,1,val
id_oxsp2rt7vsln.wav,moja,data/raw/id_oxsp2rt7vsln.wav,4.88,16000,1,test
id_i92vyz2o5wqr.wav,kumi,data/raw/id_i92vyz2o5wqr.wav,6.32,16000,1,train
id_py6wxzyflrik.wav,mbili,data/raw/id_py6wxzyflrik.wav,4.8,16000,1,test
id_txhe9emant40.wav,nne,data/raw/id_txhe9emant40.wav,3.76,16000,1,test
id_g9i17jyb5x53.wav,moja,data/raw/id_g9i17jyb5x53.wav,3.84,16000,1,train
id_svr4u969sv4s.wav,tisa,data/raw/id_svr4u969sv4s.wav,7.68,16000,1,train
id_zx2mg0bsc57z.wav,saba,data/raw/id_zx2mg0bsc57z.wav,3.92,16000,1,train
id_0ktq3i2jpy2w.wav,tisa,data/raw/id_0ktq3i2jpy2w.wav,4.08,16000,1,train
id_t4k4vmxpvwjx.wav,tatu,data/raw/id_t4k4vmxpvwjx.wav,3.968,16000,1,train
id_9lwqho2wr3v5.wav,ndio,data/raw/id_9lwqho2wr3v5.wav,3.52,16000,1,train
id_zg9h0mf51y1c.wav,tatu,data/raw/id_zg9h0mf51y1c.wav,4.224,16000,1,val
id_qlmg7xihk85z.wav,moja,data/raw/id_qlmg7xihk85z.wav,6.16,16000,1,train
id_s4wwj6499lwv.wav,nane,data/raw/id_s4wwj6499lwv.wav,3.52,16000,1,train
id_7tq9dglnwqxg.wav,tatu,data/raw/id_7tq9dglnwqxg.wav,4.4,16000,1,train
id_fzwlec9uy34d.wav,tano,data/raw/id_fzwlec9uy34d.wav,4.88,16000,1,train
id_zhj12lzh80cn.wav,saba,data/raw/id_zhj12lzh80cn.wav,3.6,16000,1,train
id_iahtct4bqvcj.wav,kumi,data/raw/id_iahtct4bqvcj.wav,7.76,16000,1,val
id_fe1helxnfwvr.wav,moja,data/raw/id_fe1helxnfwvr.wav,8.16,16000,1,train
id_fqnfnz4v1slk.wav,tano,data/raw/id_fqnfnz4v1slk.wav,3.6,16000,1,val
id_edwbjsfr5u3b.wav,nne,data/raw/id_edwbjsfr5u3b.wav,3.76,16000,1,train
id_qg274aw5ymk3.wav,sita,data/raw/id_qg274aw5ymk3.wav,4.96,16000,1,train
id_u3dyny6lrf6j.wav,tano,data/raw/id_u3dyny6lrf6j.wav,4.8,16000,1,train
id_tp10eb8fv47f.wav,tatu,data/raw/id_tp10eb8fv47f.wav,3.76,16000,1,train
id_ldyz9jti0xyx.wav,tisa,data/raw/id_ldyz9jti0xyx.wav,3.6,16000,1,train
id_9a8av82hzwt5.wav,tano,data/raw/id_9a8av82hzwt5.wav,3.28,16000,1,train
id_u2nwo5hc15gg.wav,hapana,data/raw/id_u2nwo5hc15gg.wav,4.08,16000,1,train
id_0n1wd4oqtij5.wav,mbili,data/raw/id_0n1wd4oqtij5.wav,4.24,16000,1,train
id_x6tdn33uk9yo.wav,nne,data/raw/id_x6tdn33uk9yo.wav,4.32,16000,1,train
id_m8cyooxvaqew.wav,mbili,data/raw/id_m8cyooxvaqew.wav,4.4,16000,1,train
id_jp1tjxvnn19s.wav,nne,data/raw/id_jp1tjxvnn19s.wav,8.32,16000,1,val
id_mwrywe1rjt4g.wav,nane,data/raw/id_mwrywe1rjt4g.wav,3.6,16000,1,train
id_78qj5lgkf8xs.wav,ndio,data/raw/id_78qj5lgkf8xs.wav,4.16,16000,1,test
id_1gt07oj1wsxw.wav,tano,data/raw/id_1gt07oj1wsxw.wav,3.76,16000,1,train
id_frn36y98us5h.wav,saba,data/raw/id_frn36y98us5h.wav,4.48,16000,1,train
id_3wit13cyxzlk.wav,sita,data/raw/id_3wit13cyxzlk.wav,3.84,16000,1,train
id_2wm6sq5lzkfv.wav,tatu,data/raw/id_2wm6sq5lzkfv.wav,4.24,16000,1,train
id_x8m7rt6npulf.wav,nane,data/raw/id_x8m7rt6npulf.wav,3.84,16000,1,train
id_azgef1qd82i3.wav,tisa,data/raw/id_azgef1qd82i3.wav,5.84,16000,1,train
id_z2d86p8r4i82.wav,mbili,data/raw/id_z2d86p8r4i82.wav,4.4,16000,1,train
id_fnwq0rai52go.wav,tatu,data/raw/id_fnwq0rai52go.wav,3.12,16000,1,train
id_31m65hpbvm02.wav,tisa,data/raw/id_31m65hpbvm02.wav,4.88,16000,1,val
id_3rrcfnee8j5k.wav,hapana,data/raw/id_3rrcfnee8j5k.wav,4.88,16000,1,train
id_98f2vnendyqa.wav,tisa,data/raw/id_98f2vnendyqa.wav,2.96,16000,1,train
id_rt0twzidbywk.wav,sita,data/raw/id_rt0twzidbywk.wav,4.16,16000,1,train
id_v9h9sojyzwpc.wav,nane,data/raw/id_v9h9sojyzwpc.wav,5.04,16000,1,test
id_vfdqneesmr7q.wav,tisa,data/raw/id_vfdqneesmr7q.wav,3.36,16000,1,test
id_0ehxqtmcqrao.wav,hapana,data/raw/id_0ehxqtmcqrao.wav,4.0,16000,1,val
id_cz5vtgjmhxk3.wav,tano,data/raw/id_cz5vtgjmhxk3.wav,5.12,16000,1,test
id_d98uxce6yjlj.wav,moja,data/raw/id_d98uxce6yjlj.wav,4.48,16000,1,test
id_79049ftc2bkz.wav,nne,data/raw/id_79049ftc2bkz.wav,4.48,16000,1,train
id_gjhqstrdhg21.wav,sita,data/raw/id_gjhqstrdhg21.wav,4.48,16000,1,train
id_fsi3oeouywij.wav,tano,data/raw/id_fsi3oeouywij.wav,4.24,16000,1,val
id_oft79ndneun4.wav,ndio,data/raw/id_oft79ndneun4.wav,4.08,16000,1,val
id_kvftz2zupp8d.wav,hapana,data/raw/id_kvftz2zupp8d.wav,5.504,16000,1,train
id_rhaqnk2m56oa.wav,tisa,data/raw/id_rhaqnk2m56oa.wav,4.56,16000,1,train
id_767106k9h94j.wav,moja,data/raw/id_767106k9h94j.wav,3.84,16000,1,train
id_4k7blv3zepva.wav,ndio,data/raw/id_4k7blv3zepva.wav,4.0,16000,1,train
id_yl6g02h3mmcq.wav,tatu,data/raw/id_yl6g02h3mmcq.wav,5.76,16000,1,test
id_gzig52ijr4yy.wav,kumi,data/raw/id_gzig52ijr4yy.wav,4.8,16000,1,train
id_dd7sdcfau55z.wav,moja,data/raw/id_dd7sdcfau55z.wav,4.08,16000,1,test
id_9v64xxdbzlwd.wav,saba,data/raw/id_9v64xxdbzlwd.wav,4.24,16000,1,train
id_36so4q33fykv.wav,tatu,data/raw/id_36so4q33fykv.wav,4.4,16000,1,val
id_xtwjbcibizfz.wav,tisa,data/raw/id_xtwjbcibizfz.wav,4.48,16000,1,val
id_v5xwsh9nmhn3.wav,sita,data/raw/id_v5xwsh9nmhn3.wav,5.12,16000,1,train
id_n2k9f4nciumy.wav,hapana,data/raw/id_n2k9f4nciumy.wav,5.44,16000,1,train
id_73n755ivrko2.wav,nane,data/raw/id_73n755ivrko2.wav,3.44,16000,1,train
id_6raxm4w4urxk.wav,ndio,data/raw/id_6raxm4w4urxk.wav,4.224,16000,1,train
id_rmdm5j2kienf.wav,ndio,data/raw/id_rmdm5j2kienf.wav,10.88,16000,1,train
id_vlyuravdp464.wav,tano,data/raw/id_vlyuravdp464.wav,4.48,16000,1,train
id_mq8or9kwdlg9.wav,sita,data/raw/id_mq8or9kwdlg9.wav,4.608,16000,1,test
id_yvotvkq12670.wav,hapana,data/raw/id_yvotvkq12670.wav,4.32,16000,1,train
id_kbjg5j79vore.wav,tano,data/raw/id_kbjg5j79vore.wav,5.68,16000,1,test
id_cipds94oxrla.wav,nne,data/raw/id_cipds94oxrla.wav,4.64,16000,1,train
id_5yjjx3ask638.wav,tatu,data/raw/id_5yjjx3ask638.wav,5.6,16000,1,train
id_5degcjdtdfwz.wav,saba,data/raw/id_5degcjdtdfwz.wav,6.528,16000,1,test
id_lfw2u2ej7wpz.wav,sita,data/raw/id_lfw2u2ej7wpz.wav,8.08,16000,1,train
id_v2fge94lta9n.wav,moja,data/raw/id_v2fge94lta9n.wav,3.76,16000,1,train
id_uvgbm4vxm0x0.wav,ndio,data/raw/id_uvgbm4vxm0x0.wav,4.0,16000,1,test
id_8nubxuowynl2.wav,saba,data/raw/id_8nubxuowynl2.wav,3.2,16000,1,train
id_rnq8tbt3tzvr.wav,hapana,data/raw/id_rnq8tbt3tzvr.wav,5.12,16000,1,train
id_pp62hwv5vo46.wav,kumi,data/raw/id_pp62hwv5vo46.wav,3.6,16000,1,train
id_3wk9p7uby5yy.wav,ndio,data/raw/id_3wk9p7uby5yy.wav,4.56,16000,1,train
id_w0ii9epsol9d.wav,sita,data/raw/id_w0ii9epsol9d.wav,5.36,16000,1,val
id_reiv0xlxylj1.wav,nne,data/raw/id_reiv0xlxylj1.wav,8.56,16000,1,train
id_ftem57sjc89t.wav,tatu,data/raw/id_ftem57sjc89t.wav,3.6,16000,1,val
id_tdvbek9ztwfd.wav,nane,data/raw/id_tdvbek9ztwfd.wav,3.76,16000,1,train
id_n97rp5dp7cbv.wav,saba,data/raw/id_n97rp5dp7cbv.wav,3.44,16000,1,train
id_6tgm86i06e96.wav,tatu,data/raw/id_6tgm86i06e96.wav,3.44,16000,1,train
id_pll4vw1cdpa3.wav,sita,data/raw/id_pll4vw1cdpa3.wav,3.2,16000,1,train
id_srqxr3dsnexg.wav,tatu,data/raw/id_srqxr3dsnexg.wav,15.616,16000,1,train
id_w0xtgg7qmz6h.wav,moja,data/raw/id_w0xtgg7qmz6h.wav,5.04,16000,1,train
id_6nt8vhcb14cc.wav,tano,data/raw/id_6nt8vhcb14cc.wav,3.76,16000,1,val
id_59s6kxdzbxcw.wav,nne,data/raw/id_59s6kxdzbxcw.wav,3.92,16000,1,train
id_mcyfw04niq80.wav,ndio,data/raw/id_mcyfw04niq80.wav,5.92,16000,1,train
id_4ejblan03vtr.wav,nne,data/raw/id_4ejblan03vtr.wav,4.32,16000,1,train
id_wsxf4dvewzac.wav,nane,data/raw/id_wsxf4dvewzac.wav,3.2,16000,1,train
id_nhz8baiq0d4e.wav,hapana,data/raw/id_nhz8baiq0d4e.wav,3.92,16000,1,train
id_j4ekrzmqnvze.wav,tatu,data/raw/id_j4ekrzmqnvze.wav,7.12,16000,1,train
id_rxwvus43l68w.wav,sita,data/raw/id_rxwvus43l68w.wav,3.84,16000,1,train
id_5y7q286af79p.wav,kumi,data/raw/id_5y7q286af79p.wav,10.624,16000,1,val
id_yo31p2exwbft.wav,nne,data/raw/id_yo31p2exwbft.wav,4.56,16000,1,train
id_xj8f46q9vgwu.wav,tatu,data/raw/id_xj8f46q9vgwu.wav,4.48,16000,1,test
id_8ouy9rigwala.wav,moja,data/raw/id_8ouy9rigwala.wav,3.44,16000,1,train
id_s7tff6jo4y7h.wav,tatu,data/raw/id_s7tff6jo4y7h.wav,4.32,16000,1,train
id_y0z1g77ond3a.wav,saba,data/raw/id_y0z1g77ond3a.wav,4.88,16000,1,test
id_llak9vwyp3sq.wav,ndio,data/raw/id_llak9vwyp3sq.wav,3.28,16000,1,test
id_12kj458pm4wm.wav,moja,data/raw/id_12kj458pm4wm.wav,62.08,16000,1,train
id_w2xk2kiuh85h.wav,moja,data/raw/id_w2xk2kiuh85h.wav,3.12,16000,1,train
id_7sanlvwvwtc5.wav,ndio,data/raw/id_7sanlvwvwtc5.wav,3.28,16000,1,train
id_ksqxnkp4pdac.wav,moja,data/raw/id_ksqxnkp4pdac.wav,4.608,16000,1,train
id_rx4x4kbpowd8.wav,nane,data/raw/id_rx4x4kbpowd8.wav,3.68,16000,1,train
id_9038uajavqlf.wav,kumi,data/raw/id_9038uajavqlf.wav,3.04,16000,1,train
id_rirgxj6qi733.wav,kumi,data/raw/id_rirgxj6qi733.wav,9.44,16000,1,train
id_5m8pgr9lvxr2.wav,kumi,data/raw/id_5m8pgr9lvxr2.wav,4.608,16000,1,test
id_l5p4qv4myo1n.wav,kumi,data/raw/id_l5p4qv4myo1n.wav,4.56,16000,1,val
id_l5x12wq8u6mb.wav,nne,data/raw/id_l5x12wq8u6mb.wav,3.92,16000,1,test
id_o6f09yplmou6.wav,moja,data/raw/id_o6f09yplmou6.wav,4.0,16000,1,train
id_rysagj0hh4eo.wav,nne,data/raw/id_rysagj0hh4eo.wav,9.216,16000,1,test
id_1gk7jev99p3q.wav,tatu,data/raw/id_1gk7jev99p3q.wav,5.92,16000,1,test
id_6evryhlr4q5k.wav,nne,data/raw/id_6evryhlr4q5k.wav,3.76,16000,1,train
id_emdmuce9klz0.wav,nane,data/raw/id_emdmuce9klz0.wav,7.168,16000,1,train
id_nxuz49ksvwvn.wav,tatu,data/raw/id_nxuz49ksvwvn.wav,3.92,16000,1,train
id_9qtimmbivvr9.wav,tatu,data/raw/id_9qtimmbivvr9.wav,4.4,16000,1,train
id_xuu3360pcyhx.wav,tisa,data/raw/id_xuu3360pcyhx.wav,5.04,16000,1,test
id_f89js7r6m2ma.wav,tisa,data/raw/id_f89js7r6m2ma.wav,3.968,16000,1,test
id_mwutny9klu6u.wav,saba,data/raw/id_mwutny9klu6u.wav,2.88,16000,1,train
id_n6qzox1en7ly.wav,tano,data/raw/id_n6qzox1en7ly.wav,3.712,16000,1,test
id_jcmo4jlbpgzh.wav,tano,data/raw/id_jcmo4jlbpgzh.wav,4.32,16000,1,test
id_kkorak0m9pwl.wav,nane,data/raw/id_kkorak0m9pwl.wav,4.16,16000,1,train
id_map4q70pjdgb.wav,hapana,data/raw/id_map4q70pjdgb.wav,4.96,16000,1,train
id_i8onf09fupa0.wav,moja,data/raw/id_i8onf09fupa0.wav,4.48,16000,1,val
id_6ybt2whk30bw.wav,tisa,data/raw/id_6ybt2whk30bw.wav,3.28,16000,1,train
id_7ag1n0tp90xa.wav,hapana,data/raw/id_7ag1n0tp90xa.wav,10.64,16000,1,train
id_92fc5499d0yi.wav,sita,data/raw/id_92fc5499d0yi.wav,3.44,16000,1,train
id_r0fw2xtim0cq.wav,sita,data/raw/id_r0fw2xtim0cq.wav,6.16,16000,1,train
id_ie4zythyuu4z.wav,tatu,data/raw/id_ie4zythyuu4z.wav,8.48,16000,1,test
id_cl4v1o8k7b49.wav,mbili,data/raw/id_cl4v1o8k7b49.wav,3.92,16000,1,train
id_us0uoqhr84f9.wav,kumi,data/raw/id_us0uoqhr84f9.wav,4.64,16000,1,train
id_n5fe33qqvkvb.wav,saba,data/raw/id_n5fe33qqvkvb.wav,3.52,16000,1,train
id_x8zqgpd1hgxv.wav,hapana,data/raw/id_x8zqgpd1hgxv.wav,3.52,16000,1,train
id_x7pkadmez53t.wav,tisa,data/raw/id_x7pkadmez53t.wav,5.04,16000,1,val
id_7rpk9tzzpuny.wav,mbili,data/raw/id_7rpk9tzzpuny.wav,3.712,16000,1,train
id_a77kprea72hs.wav,ndio,data/raw/id_a77kprea72hs.wav,4.24,16000,1,train
id_f1zp5wzc8m9r.wav,tano,data/raw/id_f1zp5wzc8m9r.wav,6.56,16000,1,val
id_5y0elsyvrb1y.wav,tisa,data/raw/id_5y0elsyvrb1y.wav,4.64,16000,1,train
id_r60nwjlx8bhg.wav,mbili,data/raw/id_r60nwjlx8bhg.wav,4.64,16000,1,test
id_2umc263t0mkj.wav,tatu,data/raw/id_2umc263t0mkj.wav,3.92,16000,1,train
id_9s26ovhtcp7w.wav,hapana,data/raw/id_9s26ovhtcp7w.wav,4.24,16000,1,train
id_ah2z92quev25.wav,nane,data/raw/id_ah2z92quev25.wav,4.24,16000,1,train
id_379p8brdcgie.wav,nne,data/raw/id_379p8brdcgie.wav,4.56,16000,1,test
id_7mw802r5vbqh.wav,tatu,data/raw/id_7mw802r5vbqh.wav,5.28,16000,1,train
id_3ib1e94te3o3.wav,ndio,data/raw/id_3ib1e94te3o3.wav,5.2,16000,1,test
id_0r56x9samgcy.wav,tisa,data/raw/id_0r56x9samgcy.wav,4.64,16000,1,val
id_e2fxgexd97xy.wav,tatu,data/raw/id_e2fxgexd97xy.wav,4.0,16000,1,train
id_yj6qzu7vgcj6.wav,tisa,data/raw/id_yj6qzu7vgcj6.wav,4.608,16000,1,train
id_2r3acdpe8k4g.wav,ndio,data/raw/id_2r3acdpe8k4g.wav,5.36,16000,1,test
id_m9boyq5f10j5.wav,kumi,data/raw/id_m9boyq5f10j5.wav,3.2,16000,1,test
id_ymnn8mecy9xb.wav,tatu,data/raw/id_ymnn8mecy9xb.wav,5.248,16000,1,train
id_xox9ehp1pwnf.wav,kumi,data/raw/id_xox9ehp1pwnf.wav,5.92,16000,1,train
id_titz229joj6r.wav,nne,data/raw/id_titz229joj6r.wav,4.32,16000,1,train
id_pzq10tdm03z6.wav,moja,data/raw/id_pzq10tdm03z6.wav,4.24,16000,1,train
id_nh2s1tlgvy8h.wav,moja,data/raw/id_nh2s1tlgvy8h.wav,4.32,16000,1,test
id_rcfe9n4m6eqb.wav,sita,data/raw/id_rcfe9n4m6eqb.wav,4.64,16000,1,train
id_rsf7nlh1xnq3.wav,ndio,data/raw/id_rsf7nlh1xnq3.wav,4.96,16000,1,train
id_a8suqbtwhysh.wav,nne,data/raw/id_a8suqbtwhysh.wav,2.72,16000,1,train
id_1enwxcstxph2.wav,ndio,data/raw/id_1enwxcstxph2.wav,4.4,16000,1,train
id_v4ilg1oxc11z.wav,ndio,data/raw/id_v4ilg1oxc11z.wav,2.88,16000,1,train
id_xj5mat84juyh.wav,nane,data/raw/id_xj5mat84juyh.wav,3.44,16000,1,val
id_5z31exr9urcf.wav,nane,data/raw/id_5z31exr9urcf.wav,5.6,16000,1,train
id_htx9vb45vk8h.wav,mbili,data/raw/id_htx9vb45vk8h.wav,7.12,16000,1,train
id_ojhyxw0eluq5.wav,moja,data/raw/id_ojhyxw0eluq5.wav,5.12,16000,1,train
id_gmaozh4gx3tj.wav,moja,data/raw/id_gmaozh4gx3tj.wav,5.12,16000,1,train
id_3nyaznnpj0pd.wav,nne,data/raw/id_3nyaznnpj0pd.wav,5.84,16000,1,train
id_ctcdcixhf4nl.wav,tisa,data/raw/id_ctcdcixhf4nl.wav,6.32,16000,1,train
id_tpyw4om945kr.wav,ndio,data/raw/id_tpyw4om945kr.wav,7.28,16000,1,test
id_mwk5b4xpfmm5.wav,tatu,data/raw/id_mwk5b4xpfmm5.wav,4.32,16000,1,val
id_7hzjjl1l3vjy.wav,nane,data/raw/id_7hzjjl1l3vjy.wav,4.08,16000,1,train
id_cfkeh6x36kk1.wav,saba,data/raw/id_cfkeh6x36kk1.wav,5.04,16000,1,train
id_aymt8v1bq9ln.wav,tatu,data/raw/id_aymt8v1bq9ln.wav,4.08,16000,1,train
id_ll4lt8qyxhkd.wav,kumi,data/raw/id_ll4lt8qyxhkd.wav,3.92,16000,1,train
id_9o62ubv16j2p.wav,nane,data/raw/id_9o62ubv16j2p.wav,5.36,16000,1,train
id_4j3e8cswgk3w.wav,hapana,data/raw/id_4j3e8cswgk3w.wav,3.968,16000,1,train
id_8k6crundu3kp.wav,mbili,data/raw/id_8k6crundu3kp.wav,3.968,16000,1,val
id_cgbv2sygmoo8.wav,nne,data/raw/id_cgbv2sygmoo8.wav,5.6,16000,1,test
id_ts9md191a6re.wav,mbili,data/raw/id_ts9md191a6re.wav,3.92,16000,1,train
id_da8mlgoov70o.wav,sita,data/raw/id_da8mlgoov70o.wav,3.712,16000,1,train
id_7ixopj8v9501.wav,saba,data/raw/id_7ixopj8v9501.wav,4.352,16000,1,train
id_xt2pjfnyonml.wav,moja,data/raw/id_xt2pjfnyonml.wav,3.44,16000,1,train
id_ewaw96gd4srp.wav,kumi,data/raw/id_ewaw96gd4srp.wav,5.36,16000,1,train
id_idydxrpcbqgz.wav,moja,data/raw/id_idydxrpcbqgz.wav,3.84,16000,1,train
id_ahxkhjyzp5oq.wav,ndio,data/raw/id_ahxkhjyzp5oq.wav,4.16,16000,1,val
id_nbrsx68e9jr9.wav,nne,data/raw/id_nbrsx68e9jr9.wav,3.92,16000,1,train
id_5utdy6iz7xbs.wav,saba,data/raw/id_5utdy6iz7xbs.wav,4.0,16000,1,test
id_g94in2jg5qio.wav,mbili,data/raw/id_g94in2jg5qio.wav,4.24,16000,1,train
id_wtxzjlyczxc0.wav,kumi,data/raw/id_wtxzjlyczxc0.wav,4.88,16000,1,test
id_2z35cs0s6z8p.wav,mbili,data/raw/id_2z35cs0s6z8p.wav,3.36,16000,1,val
id_o0cg6uj5d83k.wav,tano,data/raw/id_o0cg6uj5d83k.wav,8.56,16000,1,train
id_ca6qn7p95089.wav,tisa,data/raw/id_ca6qn7p95089.wav,4.64,16000,1,train
id_492h2dme124n.wav,moja,data/raw/id_492h2dme124n.wav,3.76,16000,1,train
id_04qv4abenujq.wav,tisa,data/raw/id_04qv4abenujq.wav,4.16,16000,1,train
id_okczaxna9cbv.wav,tano,data/raw/id_okczaxna9cbv.wav,3.12,16000,1,train
id_zxam5i284ay7.wav,nane,data/raw/id_zxam5i284ay7.wav,3.6,16000,1,train
id_cp2whd7hjw0n.wav,tano,data/raw/id_cp2whd7hjw0n.wav,9.44,16000,1,test
id_cnipb0z114p7.wav,nane,data/raw/id_cnipb0z114p7.wav,4.56,16000,1,train
id_eh1ilyra2x00.wav,nane,data/raw/id_eh1ilyra2x00.wav,3.84,16000,1,train
id_57erwnaniilp.wav,sita,data/raw/id_57erwnaniilp.wav,4.096,16000,1,test
id_dkltbstp37m9.wav,kumi,data/raw/id_dkltbstp37m9.wav,4.0,16000,1,test
id_ln9xdzqyq16b.wav,nane,data/raw/id_ln9xdzqyq16b.wav,3.968,16000,1,train
id_weqnc6puafu7.wav,ndio,data/raw/id_weqnc6puafu7.wav,6.32,16000,1,train
id_trh0x5j2fn3w.wav,moja,data/raw/id_trh0x5j2fn3w.wav,4.24,16000,1,test
id_er4txz6j7jws.wav,moja,data/raw/id_er4txz6j7jws.wav,5.04,16000,1,test
id_svq0y3f26n4c.wav,mbili,data/raw/id_svq0y3f26n4c.wav,4.4,16000,1,train
id_l8306oeu91kr.wav,kumi,data/raw/id_l8306oeu91kr.wav,4.72,16000,1,val
id_v7wh07s88fzy.wav,hapana,data/raw/id_v7wh07s88fzy.wav,4.0,16000,1,train
id_wrzb7o3szwls.wav,hapana,data/raw/id_wrzb7o3szwls.wav,5.248,16000,1,train
id_pn209e2s47tj.wav,kumi,data/raw/id_pn209e2s47tj.wav,3.84,16000,1,test
id_t54rk0m5mwoa.wav,moja,data/raw/id_t54rk0m5mwoa.wav,4.16,16000,1,train
id_kn21halmjk27.wav,mbili,data/raw/id_kn21halmjk27.wav,2.96,16000,1,val
id_6yh7iggkchck.wav,tatu,data/raw/id_6yh7iggkchck.wav,3.76,16000,1,train
id_shwiw7ae6cou.wav,tatu,data/raw/id_shwiw7ae6cou.wav,3.92,16000,1,train
id_isi4eatxmtne.wav,sita,data/raw/id_isi4eatxmtne.wav,3.584,16000,1,train
id_ok4d5ylt5i4c.wav,kumi,data/raw/id_ok4d5ylt5i4c.wav,5.68,16000,1,train
id_5tg718rzbvjo.wav,tano,data/raw/id_5tg718rzbvjo.wav,4.32,16000,1,train
id_w5ul0lgei7rj.wav,kumi,data/raw/id_w5ul0lgei7rj.wav,4.352,16000,1,val
id_yabo4lfuotsz.wav,tano,data/raw/id_yabo4lfuotsz.wav,3.92,16000,1,val
id_tk22j6xdgxyv.wav,nne,data/raw/id_tk22j6xdgxyv.wav,4.0,16000,1,train
id_6u1u98kkw0wf.wav,tano,data/raw/id_6u1u98kkw0wf.wav,3.76,16000,1,train
id_ig3m0k08xzp9.wav,sita,data/raw/id_ig3m0k08xzp9.wav,5.28,16000,1,val
id_szek25ganjxa.wav,tatu,data/raw/id_szek25ganjxa.wav,3.36,16000,1,train
id_90kxaeeie1mb.wav,hapana,data/raw/id_90kxaeeie1mb.wav,6.0,16000,1,train
id_09nethbsaeau.wav,nane,data/raw/id_09nethbsaeau.wav,4.4,16000,1,train
id_u1e98cjp47jb.wav,kumi,data/raw/id_u1e98cjp47jb.wav,4.4,16000,1,train
id_ed3yirtbaixe.wav,sita,data/raw/id_ed3yirtbaixe.wav,4.4,16000,1,val
id_l8qou4tdc9qr.wav,nne,data/raw/id_l8qou4tdc9qr.wav,5.68,16000,1,train
id_fofhuqacfuwg.wav,tatu,data/raw/id_fofhuqacfuwg.wav,3.968,16000,1,train
id_sdhl1scj68qk.wav,hapana,data/raw/id_sdhl1scj68qk.wav,62.08,16000,1,train
id_0ydbuxeoy8n8.wav,mbili,data/raw/id_0ydbuxeoy8n8.wav,4.32,16000,1,val
id_5hqas66lf9gw.wav,nne,data/raw/id_5hqas66lf9gw.wav,4.64,16000,1,train
id_p9b0k70y90q4.wav,nne,data/raw/id_p9b0k70y90q4.wav,4.8,16000,1,train
id_wndyeolegfxh.wav,moja,data/raw/id_wndyeolegfxh.wav,8.56,16000,1,train
id_042goshgfe28.wav,tano,data/raw/id_042goshgfe28.wav,5.68,16000,1,train
id_rr3ydfxeoaw5.wav,tano,data/raw/id_rr3ydfxeoaw5.wav,4.56,16000,1,train
id_44xwi67zevlr.wav,nane,data/raw/id_44xwi67zevlr.wav,2.96,16000,1,train
id_iz17jnkp15p1.wav,moja,data/raw/id_iz17jnkp15p1.wav,3.36,16000,1,test
id_ozee4bloecx8.wav,hapana,data/raw/id_ozee4bloecx8.wav,6.88,16000,1,train
id_b0jyjadp4pkh.wav,nane,data/raw/id_b0jyjadp4pkh.wav,4.4,16000,1,train
id_9no3x3b6hu2c.wav,tisa,data/raw/id_9no3x3b6hu2c.wav,2.8,16000,1,train
id_h1qoy698wc3l.wav,sita,data/raw/id_h1qoy698wc3l.wav,2.96,16000,1,train
id_7wbumizqe5uq.wav,tano,data/raw/id_7wbumizqe5uq.wav,3.92,16000,1,train
id_mylx1tis59h9.wav,tisa,data/raw/id_mylx1tis59h9.wav,3.92,16000,1,train
id_8v2e2gh9deo2.wav,mbili,data/raw/id_8v2e2gh9deo2.wav,3.36,16000,1,val
id_gmqhus6vjx3e.wav,moja,data/raw/id_gmqhus6vjx3e.wav,5.36,16000,1,val
id_pyljq4h1dk06.wav,moja,data/raw/id_pyljq4h1dk06.wav,5.92,16000,1,train
id_jzn83vlm09jg.wav,tano,data/raw/id_jzn83vlm09jg.wav,3.84,16000,1,train
id_d1p2uli2mlo5.wav,moja,data/raw/id_d1p2uli2mlo5.wav,5.504,16000,1,train
id_k0wh7jtx84js.wav,tano,data/raw/id_k0wh7jtx84js.wav,3.44,16000,1,train
id_a46pet3qlqj2.wav,nane,data/raw/id_a46pet3qlqj2.wav,4.0,16000,1,train
id_c8577dgo3x1z.wav,tatu,data/raw/id_c8577dgo3x1z.wav,3.76,16000,1,train
id_xybg1e3runiu.wav,tisa,data/raw/id_xybg1e3runiu.wav,5.76,16000,1,train
id_8mshkuff9u9a.wav,nane,data/raw/id_8mshkuff9u9a.wav,4.0,16000,1,train
id_7nahw1stqite.wav,hapana,data/raw/id_7nahw1stqite.wav,4.56,16000,1,train
id_2mp42y9eolei.wav,kumi,data/raw/id_2mp42y9eolei.wav,6.16,16000,1,train
id_7sqz1ssggfgc.wav,nne,data/raw/id_7sqz1ssggfgc.wav,4.96,16000,1,train
id_kpbmq5sg0jp0.wav,sita,data/raw/id_kpbmq5sg0jp0.wav,5.2,16000,1,train
id_uhvgzpnpg0p5.wav,tatu,data/raw/id_uhvgzpnpg0p5.wav,3.44,16000,1,val
id_2vy3652xifaa.wav,tisa,data/raw/id_2vy3652xifaa.wav,3.44,16000,1,test
id_5yfyfzf0g1c8.wav,nne,data/raw/id_5yfyfzf0g1c8.wav,3.84,16000,1,train
id_ohmyl7h64fd6.wav,sita,data/raw/id_ohmyl7h64fd6.wav,4.08,16000,1,train
id_pngamjz9e3ke.wav,sita,data/raw/id_pngamjz9e3ke.wav,4.64,16000,1,train
id_xppgc48s2jj5.wav,sita,data/raw/id_xppgc48s2jj5.wav,6.72,16000,1,train
id_phtq2xa1j67n.wav,tano,data/raw/id_phtq2xa1j67n.wav,4.48,16000,1,train
id_5k2dphlfec2k.wav,sita,data/raw/id_5k2dphlfec2k.wav,5.28,16000,1,train
id_tgw14f3xv424.wav,ndio,data/raw/id_tgw14f3xv424.wav,5.84,16000,1,train
id_n0c3xzruos2u.wav,tano,data/raw/id_n0c3xzruos2u.wav,3.6,16000,1,train
id_rpehhiq0ypx9.wav,ndio,data/raw/id_rpehhiq0ypx9.wav,4.48,16000,1,train
id_tuqin1rw60cc.wav,kumi,data/raw/id_tuqin1rw60cc.wav,3.68,16000,1,train
id_simgekq82lsp.wav,nne,data/raw/id_simgekq82lsp.wav,4.32,16000,1,train
id_gq2jokwr04cc.wav,tano,data/raw/id_gq2jokwr04cc.wav,4.16,16000,1,train
id_gjkontl43qo2.wav,ndio,data/raw/id_gjkontl43qo2.wav,2.96,16000,1,train
id_7ez4fyhevewi.wav,sita,data/raw/id_7ez4fyhevewi.wav,3.6,16000,1,train
id_9p3calymljrq.wav,ndio,data/raw/id_9p3calymljrq.wav,5.76,16000,1,train
id_mk2zy613b0vo.wav,nne,data/raw/id_mk2zy613b0vo.wav,3.84,16000,1,train
id_ar2uymtuiv4u.wav,moja,data/raw/id_ar2uymtuiv4u.wav,4.48,16000,1,test
id_pszed6n3z61e.wav,kumi,data/raw/id_pszed6n3z61e.wav,4.352,16000,1,train
id_wcp86nwig4he.wav,ndio,data/raw/id_wcp86nwig4he.wav,5.84,16000,1,val
id_1qkemzht1yxy.wav,nane,data/raw/id_1qkemzht1yxy.wav,4.48,16000,1,val
id_2h93m6fykfgm.wav,tano,data/raw/id_2h93m6fykfgm.wav,6.4,16000,1,train
id_h8clthbp98oo.wav,tatu,data/raw/id_h8clthbp98oo.wav,5.28,16000,1,train
id_nxjsea2t8y02.wav,ndio,data/raw/id_nxjsea2t8y02.wav,4.0,16000,1,train
id_u1k3uiq2cijc.wav,hapana,data/raw/id_u1k3uiq2cijc.wav,3.76,16000,1,train
id_0rds13cppi5m.wav,tano,data/raw/id_0rds13cppi5m.wav,5.12,16000,1,train
id_wp1gxi9viwil.wav,saba,data/raw/id_wp1gxi9viwil.wav,4.48,16000,1,train
id_8jwehme77800.wav,mbili,data/raw/id_8jwehme77800.wav,3.84,16000,1,train
id_ifq54h8b42wa.wav,nane,data/raw/id_ifq54h8b42wa.wav,4.72,16000,1,train
id_6scjjb5u1hy4.wav,tano,data/raw/id_6scjjb5u1hy4.wav,5.28,16000,1,test
id_nfjcckzsbq7l.wav,kumi,data/raw/id_nfjcckzsbq7l.wav,3.44,16000,1,train
id_s4w8cvq8m5r9.wav,tisa,data/raw/id_s4w8cvq8m5r9.wav,12.4,16000,1,train
id_q2drmnfcncwr.wav,tano,data/raw/id_q2drmnfcncwr.wav,4.56,16000,1,train
id_5riqzs5g5g5r.wav,moja,data/raw/id_5riqzs5g5g5r.wav,4.16,16000,1,train
id_y6dfegje2hr9.wav,tisa,data/raw/id_y6dfegje2hr9.wav,5.2,16000,1,train
id_vi7bx98zjuk9.wav,nane,data/raw/id_vi7bx98zjuk9.wav,8.0,16000,1,test
id_pe9t8thefxbf.wav,tano,data/raw/id_pe9t8thefxbf.wav,4.32,16000,1,train
id_b1zeupufy644.wav,kumi,data/raw/id_b1zeupufy644.wav,5.2,16000,1,train
id_3q62kxbma49g.wav,saba,data/raw/id_3q62kxbma49g.wav,5.12,16000,1,train
id_e27kxvgw6h0o.wav,kumi,data/raw/id_e27kxvgw6h0o.wav,7.04,16000,1,train
id_hp6sw9c20eaq.wav,nane,data/raw/id_hp6sw9c20eaq.wav,4.72,16000,1,train
id_ow3mgyi890lk.wav,saba,data/raw/id_ow3mgyi890lk.wav,4.0,16000,1,train
id_j6hsq1dcl82k.wav,tatu,data/raw/id_j6hsq1dcl82k.wav,3.68,16000,1,train
id_vpnjtosisawf.wav,hapana,data/raw/id_vpnjtosisawf.wav,5.12,16000,1,train
id_fkt1qmz90evv.wav,moja,data/raw/id_fkt1qmz90evv.wav,3.76,16000,1,train
id_ayqxbhu3i9n9.wav,sita,data/raw/id_ayqxbhu3i9n9.wav,6.48,16000,1,val
id_vp98dmnic44b.wav,nane,data/raw/id_vp98dmnic44b.wav,3.68,16000,1,train
id_zok499oi2fr9.wav,nane,data/raw/id_zok499oi2fr9.wav,4.24,16000,1,train
id_w0zjbgevmybk.wav,nane,data/raw/id_w0zjbgevmybk.wav,4.48,16000,1,val
id_g08vgum8kvrr.wav,nane,data/raw/id_g08vgum8kvrr.wav,4.24,16000,1,train
id_fprn1vm8vgo5.wav,sita,data/raw/id_fprn1vm8vgo5.wav,4.4,16000,1,train
id_hpt79h7fqly0.wav,sita,data/raw/id_hpt79h7fqly0.wav,5.84,16000,1,test
id_6q4s8cmk182z.wav,mbili,data/raw/id_6q4s8cmk182z.wav,4.352,16000,1,train
id_wjro813xbn2h.wav,tatu,data/raw/id_wjro813xbn2h.wav,4.608,16000,1,train
id_1b2chm7m97ca.wav,mbili,data/raw/id_1b2chm7m97ca.wav,8.88,16000,1,train
id_4cdw0oguomx2.wav,nane,data/raw/id_4cdw0oguomx2.wav,4.16,16000,1,train
id_t5erw5g91ahs.wav,nne,data/raw/id_t5erw5g91ahs.wav,4.88,16000,1,train
id_lyhwrvs3azr8.wav,nne,data/raw/id_lyhwrvs3azr8.wav,6.08,16000,1,val
id_z9zj3ypkrqb4.wav,tano,data/raw/id_z9zj3ypkrqb4.wav,3.92,16000,1,train
id_jn38bc9wftor.wav,mbili,data/raw/id_jn38bc9wftor.wav,3.68,16000,1,train
id_g563fif4zhu5.wav,saba,data/raw/id_g563fif4zhu5.wav,4.16,16000,1,val
id_82sqsmfamjmw.wav,sita,data/raw/id_82sqsmfamjmw.wav,4.32,16000,1,train
id_vouunsoc1ysl.wav,hapana,data/raw/id_vouunsoc1ysl.wav,5.12,16000,1,train
id_8mhalkwwm05w.wav,sita,data/raw/id_8mhalkwwm05w.wav,3.6,16000,1,train
id_ht1g5tl4een4.wav,tatu,data/raw/id_ht1g5tl4een4.wav,6.24,16000,1,train
id_ge8vvpceb4e1.wav,nane,data/raw/id_ge8vvpceb4e1.wav,5.52,16000,1,train
id_0so8tqf9upru.wav,tano,data/raw/id_0so8tqf9upru.wav,5.2,16000,1,train
id_ev8w65m741vk.wav,kumi,data/raw/id_ev8w65m741vk.wav,4.64,16000,1,train
id_ar170bai82up.wav,tatu,data/raw/id_ar170bai82up.wav,4.224,16000,1,train
id_oi49r81nb2wp.wav,kumi,data/raw/id_oi49r81nb2wp.wav,7.76,16000,1,val
id_3jan432i3dai.wav,nne,data/raw/id_3jan432i3dai.wav,4.0,16000,1,train
id_u2ngp2f94ssc.wav,mbili,data/raw/id_u2ngp2f94ssc.wav,4.32,16000,1,train
id_ifl3980chb7m.wav,nne,data/raw/id_ifl3980chb7m.wav,3.44,16000,1,test
id_6i9sr6zoatgm.wav,tatu,data/raw/id_6i9sr6zoatgm.wav,4.96,16000,1,train
id_5rg8pcffeoxa.wav,hapana,data/raw/id_5rg8pcffeoxa.wav,4.8,16000,1,test
id_cgc2ycqq0lok.wav,kumi,data/raw/id_cgc2ycqq0lok.wav,4.72,16000,1,train
id_nnouhkspdeuv.wav,nne,data/raw/id_nnouhkspdeuv.wav,5.68,16000,1,train
id_v2okjqke4zmb.wav,nane,data/raw/id_v2okjqke4zmb.wav,10.8,16000,1,val
id_fekehmbnshy8.wav,ndio,data/raw/id_fekehmbnshy8.wav,4.8,16000,1,train
id_15o767bgrusd.wav,mbili,data/raw/id_15o767bgrusd.wav,3.36,16000,1,test
id_am0b297vlo83.wav,nane,data/raw/id_am0b297vlo83.wav,3.12,16000,1,test
id_zr8xihw8b98w.wav,tisa,data/raw/id_zr8xihw8b98w.wav,5.92,16000,1,train
id_gjn2u3cvf2xz.wav,hapana,data/raw/id_gjn2u3cvf2xz.wav,6.24,16000,1,train
id_xlzq4q0eebpw.wav,saba,data/raw/id_xlzq4q0eebpw.wav,4.48,16000,1,test
id_b6joq1lskw9e.wav,moja,data/raw/id_b6joq1lskw9e.wav,4.96,16000,1,val
id_de0jab6r8t7c.wav,tatu,data/raw/id_de0jab6r8t7c.wav,4.24,16000,1,val
id_dlnxuz5z61cg.wav,moja,data/raw/id_dlnxuz5z61cg.wav,5.92,16000,1,val
id_5ta18s11zpg5.wav,ndio,data/raw/id_5ta18s11zpg5.wav,3.6,16000,1,train
id_tfm8c5hzwzfb.wav,mbili,data/raw/id_tfm8c5hzwzfb.wav,4.4,16000,1,train
id_yytpefi2ese4.wav,tisa,data/raw/id_yytpefi2ese4.wav,6.08,16000,1,train
id_hyw8injv42y0.wav,nne,data/raw/id_hyw8injv42y0.wav,3.6,16000,1,val
id_x4z0rpfac3p5.wav,saba,data/raw/id_x4z0rpfac3p5.wav,3.76,16000,1,train
id_es5wqle6eb37.wav,moja,data/raw/id_es5wqle6eb37.wav,2.72,16000,1,train
id_qd9wfzwggis2.wav,moja,data/raw/id_qd9wfzwggis2.wav,4.56,16000,1,train
id_eldlv1h67tj6.wav,hapana,data/raw/id_eldlv1h67tj6.wav,4.4,16000,1,train
id_9hvd1sdlifhh.wav,nane,data/raw/id_9hvd1sdlifhh.wav,5.28,16000,1,test
id_0xjh7lix7cm8.wav,saba,data/raw/id_0xjh7lix7cm8.wav,2.64,16000,1,train
id_lkqjkdrv4t2g.wav,tano,data/raw/id_lkqjkdrv4t2g.wav,4.736,16000,1,train
id_4jqzz1ekh1b9.wav,saba,data/raw/id_4jqzz1ekh1b9.wav,4.08,16000,1,train
id_ta1ytc871bx1.wav,tano,data/raw/id_ta1ytc871bx1.wav,8.48,16000,1,train
id_sx9c63jaui0k.wav,tano,data/raw/id_sx9c63jaui0k.wav,3.68,16000,1,train
id_m5kd2w03t2lg.wav,ndio,data/raw/id_m5kd2w03t2lg.wav,3.52,16000,1,train
id_yey8vb7n5a6a.wav,saba,data/raw/id_yey8vb7n5a6a.wav,3.92,16000,1,val
id_i2m6jf1xtwol.wav,tatu,data/raw/id_i2m6jf1xtwol.wav,4.64,16000,1,train
id_oa35enkla6y6.wav,ndio,data/raw/id_oa35enkla6y6.wav,5.84,16000,1,train
id_2hzcwnuz998g.wav,tatu,data/raw/id_2hzcwnuz998g.wav,3.92,16000,1,test
id_vbgu1j3o4djk.wav,nane,data/raw/id_vbgu1j3o4djk.wav,3.92,16000,1,test
id_rmm820ra2v8a.wav,saba,data/raw/id_rmm820ra2v8a.wav,3.44,16000,1,train
id_64obgqr6qss6.wav,tisa,data/raw/id_64obgqr6qss6.wav,3.6,16000,1,val
id_ietts9gu2018.wav,tatu,data/raw/id_ietts9gu2018.wav,6.16,16000,1,test
id_chsfjkns5u2h.wav,mbili,data/raw/id_chsfjkns5u2h.wav,3.68,16000,1,train
id_fetpuy1tyujk.wav,saba,data/raw/id_fetpuy1tyujk.wav,3.12,16000,1,train
id_ovvb2wnclkuc.wav,nane,data/raw/id_ovvb2wnclkuc.wav,4.96,16000,1,train
id_couamyqxb9gw.wav,tisa,data/raw/id_couamyqxb9gw.wav,4.4,16000,1,train
id_rm4p939ggzty.wav,mbili,data/raw/id_rm4p939ggzty.wav,3.04,16000,1,train
id_phfkrqfvd2va.wav,hapana,data/raw/id_phfkrqfvd2va.wav,5.68,16000,1,train
id_wvevs98thkl7.wav,nne,data/raw/id_wvevs98thkl7.wav,4.08,16000,1,test
id_c3vpgwyk9z57.wav,sita,data/raw/id_c3vpgwyk9z57.wav,4.16,16000,1,train
id_gjlvxjnawqpy.wav,nane,data/raw/id_gjlvxjnawqpy.wav,3.76,16000,1,val
id_s4xxifgzr3io.wav,tisa,data/raw/id_s4xxifgzr3io.wav,3.92,16000,1,train
id_x57y1tayyhhf.wav,kumi,data/raw/id_x57y1tayyhhf.wav,4.56,16000,1,train
id_xeau1v1f4kkl.wav,moja,data/raw/id_xeau1v1f4kkl.wav,3.76,16000,1,test
id_6rr2ct8rdzqe.wav,nane,data/raw/id_6rr2ct8rdzqe.wav,4.08,16000,1,train
id_5i7hzoouny3f.wav,saba,data/raw/id_5i7hzoouny3f.wav,3.2,16000,1,train
id_mpv7dgpnejfe.wav,mbili,data/raw/id_mpv7dgpnejfe.wav,5.44,16000,1,train
id_qr3s66u459b9.wav,tano,data/raw/id_qr3s66u459b9.wav,4.4,16000,1,train
id_3amwqazbl4y9.wav,saba,data/raw/id_3amwqazbl4y9.wav,3.6,16000,1,train
id_bi87jp84idw8.wav,moja,data/raw/id_bi87jp84idw8.wav,5.36,16000,1,test
id_vg8f0abczeu6.wav,hapana,data/raw/id_vg8f0abczeu6.wav,5.76,16000,1,test
id_feajgnmo46f4.wav,saba,data/raw/id_feajgnmo46f4.wav,5.04,16000,1,test
id_qwc4jx9g002x.wav,ndio,data/raw/id_qwc4jx9g002x.wav,4.096,16000,1,train
id_kalci7a2x4xl.wav,tano,data/raw/id_kalci7a2x4xl.wav,5.6,16000,1,train
id_zoz8ybdijbx2.wav,saba,data/raw/id_zoz8ybdijbx2.wav,3.52,16000,1,train
id_o0vjyoeky9qb.wav,hapana,data/raw/id_o0vjyoeky9qb.wav,3.6,16000,1,train
id_01rtyjt9oqie.wav,nane,data/raw/id_01rtyjt9oqie.wav,4.352,16000,1,test
id_bmnmlf2e7u8c.wav,tatu,data/raw/id_bmnmlf2e7u8c.wav,3.44,16000,1,train
id_x4e3npzd5tk4.wav,sita,data/raw/id_x4e3npzd5tk4.wav,4.4,16000,1,train
id_sd4w5u0eh272.wav,ndio,data/raw/id_sd4w5u0eh272.wav,4.864,16000,1,train
id_nmjl1vszeo7c.wav,moja,data/raw/id_nmjl1vszeo7c.wav,3.84,16000,1,train
id_qxufg7e8qfj8.wav,hapana,data/raw/id_qxufg7e8qfj8.wav,3.92,16000,1,train
id_pqt5x5fl4mp2.wav,tisa,data/raw/id_pqt5x5fl4mp2.wav,3.6,16000,1,test
id_xqmbcvrooqw3.wav,tatu,data/raw/id_xqmbcvrooqw3.wav,2.64,16000,1,train
id_b061wnqqniqr.wav,saba,data/raw/id_b061wnqqniqr.wav,6.16,16000,1,train
id_pgt6cxxfn9w2.wav,tatu,data/raw/id_pgt6cxxfn9w2.wav,4.8,16000,1,test
id_x3ht55txdvph.wav,kumi,data/raw/id_x3ht55txdvph.wav,4.4,16000,1,train
id_6o4gyb9ybzrp.wav,hapana,data/raw/id_6o4gyb9ybzrp.wav,4.08,16000,1,train
id_lltzs8fhbxem.wav,tano,data/raw/id_lltzs8fhbxem.wav,4.4,16000,1,val
id_b06mt4srxnvp.wav,tatu,data/raw/id_b06mt4srxnvp.wav,4.24,16000,1,val
id_l0pz6qczdewq.wav,hapana,data/raw/id_l0pz6qczdewq.wav,4.64,16000,1,train
id_swj9qdwxdan2.wav,moja,data/raw/id_swj9qdwxdan2.wav,4.56,16000,1,train
id_2gv46gzuig5m.wav,tano,data/raw/id_2gv46gzuig5m.wav,4.0,16000,1,train
id_uo3cuuwxufw0.wav,tisa,data/raw/id_uo3cuuwxufw0.wav,4.64,16000,1,train
id_179zvdhnqa28.wav,tisa,data/raw/id_179zvdhnqa28.wav,4.736,16000,1,train
id_w6a4a299a12e.wav,nne,data/raw/id_w6a4a299a12e.wav,61.952,16000,1,train
id_u4zt6g9mmaeb.wav,kumi,data/raw/id_u4zt6g9mmaeb.wav,5.12,16000,1,test
id_q0sw4098a3bs.wav,saba,data/raw/id_q0sw4098a3bs.wav,3.6,16000,1,test
id_fkp3ppeph4mi.wav,tatu,data/raw/id_fkp3ppeph4mi.wav,5.6,16000,1,train
id_ng38qz7xsl8l.wav,mbili,data/raw/id_ng38qz7xsl8l.wav,6.8,16000,1,train
id_ih8l87227ioj.wav,ndio,data/raw/id_ih8l87227ioj.wav,4.0,16000,1,train
id_rccn48xbdm4t.wav,tisa,data/raw/id_rccn48xbdm4t.wav,5.12,16000,1,train
id_rbs4t6u17ptu.wav,mbili,data/raw/id_rbs4t6u17ptu.wav,3.584,16000,1,val
id_lw161m5t8tss.wav,sita,data/raw/id_lw161m5t8tss.wav,3.12,16000,1,test
id_dbfvqtr8ffnt.wav,mbili,data/raw/id_dbfvqtr8ffnt.wav,3.84,16000,1,val
id_ih5tqogqzs88.wav,mbili,data/raw/id_ih5tqogqzs88.wav,3.968,16000,1,train
id_h338bhtb5g3l.wav,kumi,data/raw/id_h338bhtb5g3l.wav,3.52,16000,1,test
id_s9ndj6swpjho.wav,hapana,data/raw/id_s9ndj6swpjho.wav,3.36,16000,1,train
id_woziesc87qet.wav,tisa,data/raw/id_woziesc87qet.wav,5.2,16000,1,test
id_d4xfpn6axao4.wav,tatu,data/raw/id_d4xfpn6axao4.wav,5.248,16000,1,val
id_6ivjnyhwrhvg.wav,hapana,data/raw/id_6ivjnyhwrhvg.wav,3.92,16000,1,train
id_fjstah7pnc0g.wav,saba,data/raw/id_fjstah7pnc0g.wav,9.216,16000,1,train
id_pdh3vah5z5iy.wav,sita,data/raw/id_pdh3vah5z5iy.wav,8.0,16000,1,test
id_njasco7rx7m8.wav,hapana,data/raw/id_njasco7rx7m8.wav,6.08,16000,1,train
id_6imavdniztys.wav,hapana,data/raw/id_6imavdniztys.wav,3.76,16000,1,train
id_ue9g7804ztlw.wav,tatu,data/raw/id_ue9g7804ztlw.wav,2.96,16000,1,val
id_tc73jphd6nx7.wav,tano,data/raw/id_tc73jphd6nx7.wav,3.12,16000,1,val
id_fqoirx2zklbb.wav,tano,data/raw/id_fqoirx2zklbb.wav,4.8,16000,1,val
id_iarpqeld38os.wav,mbili,data/raw/id_iarpqeld38os.wav,4.64,16000,1,train
id_z3jesip9h54w.wav,sita,data/raw/id_z3jesip9h54w.wav,4.096,16000,1,val
id_a50ah4b3103n.wav,mbili,data/raw/id_a50ah4b3103n.wav,3.2,16000,1,train
id_o0usbfq59scd.wav,moja,data/raw/id_o0usbfq59scd.wav,5.36,16000,1,train
id_lwccwuu7b49c.wav,tatu,data/raw/id_lwccwuu7b49c.wav,3.2,16000,1,val
id_is89bp93hnla.wav,tisa,data/raw/id_is89bp93hnla.wav,4.08,16000,1,train
id_xt6grkxj72el.wav,ndio,data/raw/id_xt6grkxj72el.wav,5.04,16000,1,test
id_hzetgk3fgbkg.wav,kumi,data/raw/id_hzetgk3fgbkg.wav,4.24,16000,1,test
id_030vrrl6t1nv.wav,tatu,data/raw/id_030vrrl6t1nv.wav,3.84,16000,1,train
id_ye61r92p4sby.wav,kumi,data/raw/id_ye61r92p4sby.wav,6.08,16000,1,test
id_znz7qcu084sm.wav,sita,data/raw/id_znz7qcu084sm.wav,3.6,16000,1,train
id_6pjxwq4uu08r.wav,nne,data/raw/id_6pjxwq4uu08r.wav,4.96,16000,1,test
id_g6x3b2q1hmrc.wav,mbili,data/raw/id_g6x3b2q1hmrc.wav,4.64,16000,1,train
id_jdxutbgdkgrk.wav,nane,data/raw/id_jdxutbgdkgrk.wav,4.8,16000,1,train
id_l5ykh0nqy6wb.wav,saba,data/raw/id_l5ykh0nqy6wb.wav,3.6,16000,1,test
id_tpudx7rnt5y4.wav,kumi,data/raw/id_tpudx7rnt5y4.wav,4.4,16000,1,train
id_87oaz9a8qkj2.wav,nne,data/raw/id_87oaz9a8qkj2.wav,3.36,16000,1,train
id_kxsilzue946l.wav,hapana,data/raw/id_kxsilzue946l.wav,8.16,16000,1,train
id_hg24k0g3jkj4.wav,saba,data/raw/id_hg24k0g3jkj4.wav,8.16,16000,1,test
id_vy4zqgbfe67l.wav,tisa,data/raw/id_vy4zqgbfe67l.wav,4.08,16000,1,train
id_9sm2j7k0cqv2.wav,tano,data/raw/id_9sm2j7k0cqv2.wav,3.04,16000,1,train
id_0stlqxg50ium.wav,kumi,data/raw/id_0stlqxg50ium.wav,3.6,16000,1,test
id_uwfvfv5644lr.wav,tatu,data/raw/id_uwfvfv5644lr.wav,5.12,16000,1,val
id_igolh47fxnmz.wav,tisa,data/raw/id_igolh47fxnmz.wav,4.64,16000,1,train
id_xwsb8xlusaaq.wav,moja,data/raw/id_xwsb8xlusaaq.wav,4.32,16000,1,train
id_k3w40ac9hjua.wav,tatu,data/raw/id_k3w40ac9hjua.wav,4.08,16000,1,val
id_3q28g0rrl79t.wav,kumi,data/raw/id_3q28g0rrl79t.wav,5.04,16000,1,train
id_z4e1435zu1o7.wav,nane,data/raw/id_z4e1435zu1o7.wav,4.56,16000,1,train
id_02rc7u12zorg.wav,nne,data/raw/id_02rc7u12zorg.wav,4.4,16000,1,train
id_6ii1zps6z1un.wav,tano,data/raw/id_6ii1zps6z1un.wav,3.76,16000,1,train
id_dyos7pnij1zc.wav,saba,data/raw/id_dyos7pnij1zc.wav,5.36,16000,1,test
id_znpcrtg23dcy.wav,hapana,data/raw/id_znpcrtg23dcy.wav,2.64,16000,1,train
id_2wknh4vuposk.wav,sita,data/raw/id_2wknh4vuposk.wav,3.84,16000,1,val
id_afskpoko8ea8.wav,saba,data/raw/id_afskpoko8ea8.wav,3.68,16000,1,train
id_wpe6o56wyyqj.wav,tisa,data/raw/id_wpe6o56wyyqj.wav,4.08,16000,1,train
id_h70v1upj83zl.wav,ndio,data/raw/id_h70v1upj83zl.wav,5.84,16000,1,train
id_m3itsl1xo8rj.wav,nane,data/raw/id_m3itsl1xo8rj.wav,3.84,16000,1,train
id_372o3rsz1hz9.wav,sita,data/raw/id_372o3rsz1hz9.wav,3.76,16000,1,train
id_fx0rop6bu55g.wav,mbili,data/raw/id_fx0rop6bu55g.wav,4.24,16000,1,test
id_k7l8oc4xyki9.wav,sita,data/raw/id_k7l8oc4xyki9.wav,5.28,16000,1,train
id_i85nebhcujvq.wav,kumi,data/raw/id_i85nebhcujvq.wav,3.84,16000,1,train
id_hba8rrxzcbya.wav,saba,data/raw/id_hba8rrxzcbya.wav,9.12,16000,1,train
id_e4sp157dvyk3.wav,kumi,data/raw/id_e4sp157dvyk3.wav,4.48,16000,1,test
id_75bof7otgmfn.wav,moja,data/raw/id_75bof7otgmfn.wav,4.16,16000,1,test
id_k5kbwx3q24wx.wav,tatu,data/raw/id_k5kbwx3q24wx.wav,4.56,16000,1,train
id_9b7j5f1bx9h3.wav,mbili,data/raw/id_9b7j5f1bx9h3.wav,4.0,16000,1,train
id_y1okvof6z6mj.wav,mbili,data/raw/id_y1okvof6z6mj.wav,4.24,16000,1,train
id_33uwj9eb5wcn.wav,moja,data/raw/id_33uwj9eb5wcn.wav,5.28,16000,1,val
id_v2iaailb1ts9.wav,tatu,data/raw/id_v2iaailb1ts9.wav,5.12,16000,1,test
id_xvh2tt219fo5.wav,moja,data/raw/id_xvh2tt219fo5.wav,4.08,16000,1,train
id_09yk1xlz73wm.wav,tatu,data/raw/id_09yk1xlz73wm.wav,4.16,16000,1,train
id_w05e2rk21cqt.wav,kumi,data/raw/id_w05e2rk21cqt.wav,4.32,16000,1,val
id_zz1foovk32zg.wav,saba,data/raw/id_zz1foovk32zg.wav,4.16,16000,1,val
id_xc8ub10i21q1.wav,mbili,data/raw/id_xc8ub10i21q1.wav,5.2,16000,1,train
id_rvw33itc95fy.wav,ndio,data/raw/id_rvw33itc95fy.wav,4.4,16000,1,val
id_pxfur21570pp.wav,tano,data/raw/id_pxfur21570pp.wav,3.92,16000,1,train
id_57h6eu6h111s.wav,moja,data/raw/id_57h6eu6h111s.wav,4.08,16000,1,train
id_hl204k55hvuj.wav,tisa,data/raw/id_hl204k55hvuj.wav,5.6,16000,1,val
id_n29febpyl76m.wav,moja,data/raw/id_n29febpyl76m.wav,3.28,16000,1,train
id_i8vsdb2mvclz.wav,saba,data/raw/id_i8vsdb2mvclz.wav,4.32,16000,1,train
id_wr0elj62q13i.wav,ndio,data/raw/id_wr0elj62q13i.wav,6.72,16000,1,train
id_pwvzavl2dl6q.wav,nane,data/raw/id_pwvzavl2dl6q.wav,4.32,16000,1,train
id_bzvlih2xjnsy.wav,tano,data/raw/id_bzvlih2xjnsy.wav,4.48,16000,1,train
id_b9lizvfhrdod.wav,hapana,data/raw/id_b9lizvfhrdod.wav,3.28,16000,1,train
id_kcbxg1tpsoez.wav,hapana,data/raw/id_kcbxg1tpsoez.wav,2.72,16000,1,train
id_q1xo5s271t3p.wav,tatu,data/raw/id_q1xo5s271t3p.wav,3.6,16000,1,test
id_o8b2d8uq315e.wav,ndio,data/raw/id_o8b2d8uq315e.wav,4.8,16000,1,test
id_vz7xfmgmk31d.wav,kumi,data/raw/id_vz7xfmgmk31d.wav,3.584,16000,1,train
id_27mtulsaca9g.wav,nane,data/raw/id_27mtulsaca9g.wav,5.2,16000,1,train
id_8c62z9hlhy70.wav,tisa,data/raw/id_8c62z9hlhy70.wav,3.76,16000,1,train
id_k52jtroaa8cx.wav,tano,data/raw/id_k52jtroaa8cx.wav,3.36,16000,1,train
id_rpyvy5qz1nem.wav,nne,data/raw/id_rpyvy5qz1nem.wav,3.84,16000,1,test
id_9ur53br1onh6.wav,tisa,data/raw/id_9ur53br1onh6.wav,3.76,16000,1,train
id_urbm5sfu6jm6.wav,moja,data/raw/id_urbm5sfu6jm6.wav,3.84,16000,1,train
id_8jv85kpf6al4.wav,saba,data/raw/id_8jv85kpf6al4.wav,3.12,16000,1,train
id_8axwwjj8jfl3.wav,nane,data/raw/id_8axwwjj8jfl3.wav,4.56,16000,1,train
id_rfdsij4n7noc.wav,tatu,data/raw/id_rfdsij4n7noc.wav,5.2,16000,1,val
id_gpndyj9dnq5q.wav,nne,data/raw/id_gpndyj9dnq5q.wav,3.12,16000,1,val
id_vnv2lleaom6t.wav,tano,data/raw/id_vnv2lleaom6t.wav,5.12,16000,1,test
id_2dm5pi97k5pb.wav,tano,data/raw/id_2dm5pi97k5pb.wav,4.72,16000,1,test
id_okjcdazrxt1m.wav,tatu,data/raw/id_okjcdazrxt1m.wav,6.96,16000,1,test
id_9f8x4e6upstk.wav,sita,data/raw/id_9f8x4e6upstk.wav,4.864,16000,1,train
id_qhr6re0ujlqs.wav,mbili,data/raw/id_qhr6re0ujlqs.wav,7.04,16000,1,train
id_25k1gx7xcp8k.wav,saba,data/raw/id_25k1gx7xcp8k.wav,6.48,16000,1,train
id_b1nefsjg0fw3.wav,tatu,data/raw/id_b1nefsjg0fw3.wav,7.52,16000,1,train
id_vz37xpvw6tgp.wav,tisa,data/raw/id_vz37xpvw6tgp.wav,4.08,16000,1,train
id_yfpfy4zjylht.wav,sita,data/raw/id_yfpfy4zjylht.wav,4.08,16000,1,train
id_y8u2ssu5h9qn.wav,kumi,data/raw/id_y8u2ssu5h9qn.wav,4.16,16000,1,test
id_t12fcrhkpbm9.wav,sita,data/raw/id_t12fcrhkpbm9.wav,3.28,16000,1,train
id_brwf24pwgl9f.wav,sita,data/raw/id_brwf24pwgl9f.wav,3.84,16000,1,train
id_gtevr057d2aw.wav,saba,data/raw/id_gtevr057d2aw.wav,3.12,16000,1,train
id_2xcqg0qthxze.wav,nane,data/raw/id_2xcqg0qthxze.wav,3.36,16000,1,test
id_xmv3v7rtixle.wav,tano,data/raw/id_xmv3v7rtixle.wav,6.4,16000,1,train
id_vy1i8brgjw3o.wav,mbili,data/raw/id_vy1i8brgjw3o.wav,3.84,16000,1,train
id_5jqz43oi87uv.wav,tisa,data/raw/id_5jqz43oi87uv.wav,4.88,16000,1,train
id_v2m29r5lft8c.wav,saba,data/raw/id_v2m29r5lft8c.wav,6.48,16000,1,test
id_mjupolouwuwn.wav,saba,data/raw/id_mjupolouwuwn.wav,4.64,16000,1,test
id_yt5b5vodhruu.wav,mbili,data/raw/id_yt5b5vodhruu.wav,4.64,16000,1,train
id_fodcl1jx4lqe.wav,ndio,data/raw/id_fodcl1jx4lqe.wav,5.68,16000,1,train
id_l1zr6f6repht.wav,tisa,data/raw/id_l1zr6f6repht.wav,3.76,16000,1,train
id_i0zjjjmcqt2a.wav,tano,data/raw/id_i0zjjjmcqt2a.wav,4.8,16000,1,train
id_waxbvtaoj8og.wav,mbili,data/raw/id_waxbvtaoj8og.wav,4.56,16000,1,train
id_u74t5kxb3kww.wav,nane,data/raw/id_u74t5kxb3kww.wav,3.76,16000,1,train
id_ljf0h73ggt7p.wav,nane,data/raw/id_ljf0h73ggt7p.wav,3.52,16000,1,val
id_olbt6h56jhrd.wav,tatu,data/raw/id_olbt6h56jhrd.wav,4.4,16000,1,train
id_8adolbe9tsya.wav,ndio,data/raw/id_8adolbe9tsya.wav,4.96,16000,1,train
id_piouf4mayjp6.wav,mbili,data/raw/id_piouf4mayjp6.wav,4.88,16000,1,train
id_wywliv4601uc.wav,sita,data/raw/id_wywliv4601uc.wav,7.36,16000,1,test
id_wpertb70txre.wav,tisa,data/raw/id_wpertb70txre.wav,4.16,16000,1,train
id_d6xi6uedc7ve.wav,tatu,data/raw/id_d6xi6uedc7ve.wav,3.52,16000,1,train
id_6ihvh5zv68gf.wav,mbili,data/raw/id_6ihvh5zv68gf.wav,3.68,16000,1,test
id_h4q0uugsqjmx.wav,ndio,data/raw/id_h4q0uugsqjmx.wav,4.0,16000,1,train
id_8ipkp20ob4v8.wav,kumi,data/raw/id_8ipkp20ob4v8.wav,3.28,16000,1,train
id_s4ed2vqj950b.wav,saba,data/raw/id_s4ed2vqj950b.wav,3.68,16000,1,train
id_0209jfho3h3c.wav,tisa,data/raw/id_0209jfho3h3c.wav,4.72,16000,1,train
id_yff6vyqjrs2a.wav,tano,data/raw/id_yff6vyqjrs2a.wav,5.92,16000,1,train
id_o8vbtf1n409g.wav,saba,data/raw/id_o8vbtf1n409g.wav,4.88,16000,1,train
id_56a7xgljt2m0.wav,tatu,data/raw/id_56a7xgljt2m0.wav,4.08,16000,1,train
id_yuvloc47l42m.wav,saba,data/raw/id_yuvloc47l42m.wav,3.92,16000,1,test
id_4i56pnwxol3b.wav,nane,data/raw/id_4i56pnwxol3b.wav,3.92,16000,1,train
id_wljrineqw66m.wav,tano,data/raw/id_wljrineqw66m.wav,3.36,16000,1,train
id_rbe7r0qswata.wav,nne,data/raw/id_rbe7r0qswata.wav,4.608,16000,1,train
id_boq5ozunfe4w.wav,tisa,data/raw/id_boq5ozunfe4w.wav,3.44,16000,1,train
id_nq7p9c1veb00.wav,nne,data/raw/id_nq7p9c1veb00.wav,4.24,16000,1,test
id_rchtgjtjygmj.wav,saba,data/raw/id_rchtgjtjygmj.wav,6.08,16000,1,test
id_acqhi6st8drh.wav,nne,data/raw/id_acqhi6st8drh.wav,5.52,16000,1,test
id_6ych2xotb7wb.wav,tano,data/raw/id_6ych2xotb7wb.wav,4.24,16000,1,train
id_tnbrn7mqurnb.wav,moja,data/raw/id_tnbrn7mqurnb.wav,4.08,16000,1,val
id_mdsis8l4hlgt.wav,tisa,data/raw/id_mdsis8l4hlgt.wav,2.96,16000,1,test
id_nstwipf7a8it.wav,tano,data/raw/id_nstwipf7a8it.wav,3.28,16000,1,test
id_krvca62bonfh.wav,saba,data/raw/id_krvca62bonfh.wav,9.52,16000,1,val
id_8xoz8dm0mqcl.wav,sita,data/raw/id_8xoz8dm0mqcl.wav,4.08,16000,1,train
id_c9et56rpzifb.wav,hapana,data/raw/id_c9et56rpzifb.wav,4.08,16000,1,train
id_culi97ofngzy.wav,sita,data/raw/id_culi97ofngzy.wav,4.88,16000,1,train
id_9oept31917ox.wav,mbili,data/raw/id_9oept31917ox.wav,2.96,16000,1,train
id_87dixw9e219y.wav,ndio,data/raw/id_87dixw9e219y.wav,5.6,16000,1,train
id_tr4hymlcrara.wav,nane,data/raw/id_tr4hymlcrara.wav,3.968,16000,1,train
id_hr9b0lyhjqdk.wav,nne,data/raw/id_hr9b0lyhjqdk.wav,3.28,16000,1,train
id_7hvgs4js0h1r.wav,tisa,data/raw/id_7hvgs4js0h1r.wav,4.8,16000,1,test
id_lp7saki4becj.wav,tatu,data/raw/id_lp7saki4becj.wav,5.36,16000,1,train
id_5r84zn34qrat.wav,nane,data/raw/id_5r84zn34qrat.wav,5.36,16000,1,test
id_zlyza31qc146.wav,tano,data/raw/id_zlyza31qc146.wav,4.48,16000,1,val
id_6jnhwr379tgz.wav,sita,data/raw/id_6jnhwr379tgz.wav,4.64,16000,1,train
id_aeguw9z55239.wav,sita,data/raw/id_aeguw9z55239.wav,3.52,16000,1,train
id_l5k5b7lorja6.wav,nane,data/raw/id_l5k5b7lorja6.wav,4.08,16000,1,train
id_l1y1hr5b1iaq.wav,nne,data/raw/id_l1y1hr5b1iaq.wav,3.968,16000,1,test
id_hbjvmj0cdpob.wav,hapana,data/raw/id_hbjvmj0cdpob.wav,4.224,16000,1,train
id_6qu3xe17vsko.wav,tano,data/raw/id_6qu3xe17vsko.wav,3.968,16000,1,train
id_14a888rxubfn.wav,sita,data/raw/id_14a888rxubfn.wav,4.88,16000,1,train
id_lzcvvvxziuwk.wav,saba,data/raw/id_lzcvvvxziuwk.wav,3.36,16000,1,train
id_ib4ndc7xtk72.wav,tatu,data/raw/id_ib4ndc7xtk72.wav,4.32,16000,1,train
id_ghwdq6uh77yw.wav,tisa,data/raw/id_ghwdq6uh77yw.wav,4.864,16000,1,train
id_azdmpe6u6nxj.wav,tisa,data/raw/id_azdmpe6u6nxj.wav,4.72,16000,1,train
id_xki2dk89yptn.wav,tatu,data/raw/id_xki2dk89yptn.wav,4.224,16000,1,train
id_ord6ylm8ns32.wav,hapana,data/raw/id_ord6ylm8ns32.wav,3.92,16000,1,test
id_2cknvcbcdkii.wav,tatu,data/raw/id_2cknvcbcdkii.wav,5.68,16000,1,train
id_a0b8t62walsy.wav,saba,data/raw/id_a0b8t62walsy.wav,5.36,16000,1,train
id_xz7uwxt713px.wav,moja,data/raw/id_xz7uwxt713px.wav,4.24,16000,1,train
id_b31dnahv2rhd.wav,ndio,data/raw/id_b31dnahv2rhd.wav,4.48,16000,1,train
id_s1or3c9oe9i8.wav,saba,data/raw/id_s1or3c9oe9i8.wav,3.52,16000,1,train
id_vzb3kk3c2xth.wav,ndio,data/raw/id_vzb3kk3c2xth.wav,6.32,16000,1,train
id_j7obvau6r5lc.wav,tisa,data/raw/id_j7obvau6r5lc.wav,5.2,16000,1,train
id_5uvfc7co52dc.wav,tano,data/raw/id_5uvfc7co52dc.wav,4.08,16000,1,train
id_syqjwrryqe4g.wav,saba,data/raw/id_syqjwrryqe4g.wav,5.68,16000,1,train
id_9jhh5qilicjv.wav,nne,data/raw/id_9jhh5qilicjv.wav,4.4,16000,1,val
id_x04cqytn8h7x.wav,kumi,data/raw/id_x04cqytn8h7x.wav,4.4,16000,1,val
id_kh8rv76n4j5w.wav,kumi,data/raw/id_kh8rv76n4j5w.wav,6.0,16000,1,train
id_4is67z1txumv.wav,kumi,data/raw/id_4is67z1txumv.wav,4.48,16000,1,train
id_goqla5esyrp3.wav,kumi,data/raw/id_goqla5esyrp3.wav,4.24,16000,1,test
id_y3a4la9dakw2.wav,tisa,data/raw/id_y3a4la9dakw2.wav,3.6,16000,1,test
id_91697eqiiex5.wav,moja,data/raw/id_91697eqiiex5.wav,3.52,16000,1,train
id_belprd1sdela.wav,tatu,data/raw/id_belprd1sdela.wav,4.8,16000,1,train
id_54acpxzvh5dm.wav,kumi,data/raw/id_54acpxzvh5dm.wav,2.48,16000,1,train
id_h0l8v1nrftff.wav,moja,data/raw/id_h0l8v1nrftff.wav,4.16,16000,1,train
id_oemh4gasc6cp.wav,nane,data/raw/id_oemh4gasc6cp.wav,4.72,16000,1,train
id_auwsldpmtnqx.wav,tatu,data/raw/id_auwsldpmtnqx.wav,5.84,16000,1,val
id_1lfqvu0tzm17.wav,tatu,data/raw/id_1lfqvu0tzm17.wav,4.4,16000,1,train
id_trb1i5i8633z.wav,kumi,data/raw/id_trb1i5i8633z.wav,3.92,16000,1,train
id_z2blz8e4wew3.wav,nane,data/raw/id_z2blz8e4wew3.wav,4.64,16000,1,test
id_njas808bf0z4.wav,hapana,data/raw/id_njas808bf0z4.wav,5.76,16000,1,val
id_rurd1t1e4tol.wav,sita,data/raw/id_rurd1t1e4tol.wav,4.96,16000,1,val
id_ng6ypw5ey2yy.wav,nane,data/raw/id_ng6ypw5ey2yy.wav,4.0,16000,1,train
id_e6ymg5ire7dl.wav,moja,data/raw/id_e6ymg5ire7dl.wav,3.92,16000,1,train
id_ng2t8nqvi3cu.wav,hapana,data/raw/id_ng2t8nqvi3cu.wav,3.36,16000,1,test
id_1kmsyljii35i.wav,hapana,data/raw/id_1kmsyljii35i.wav,5.2,16000,1,train
id_m4zh9xjilejy.wav,saba,data/raw/id_m4zh9xjilejy.wav,3.84,16000,1,train
id_ldllg7b963k8.wav,nne,data/raw/id_ldllg7b963k8.wav,4.08,16000,1,test
id_ta8l6focakvr.wav,mbili,data/raw/id_ta8l6focakvr.wav,3.52,16000,1,val
id_w5e7dgkl0v0f.wav,ndio,data/raw/id_w5e7dgkl0v0f.wav,3.84,16000,1,test
id_03j13ry5yo13.wav,mbili,data/raw/id_03j13ry5yo13.wav,4.56,16000,1,train
id_595am4enqevu.wav,saba,data/raw/id_595am4enqevu.wav,4.56,16000,1,test
id_hfzkutnntkry.wav,kumi,data/raw/id_hfzkutnntkry.wav,3.12,16000,1,train
id_xor6zrapgca9.wav,tano,data/raw/id_xor6zrapgca9.wav,4.16,16000,1,train
id_08yb1zjkmsqb.wav,tano,data/raw/id_08yb1zjkmsqb.wav,3.44,16000,1,test
id_d8ns9mvfmets.wav,hapana,data/raw/id_d8ns9mvfmets.wav,5.12,16000,1,train
id_q71c9xumgucq.wav,mbili,data/raw/id_q71c9xumgucq.wav,4.4,16000,1,train
id_cw0zwcnsoftg.wav,mbili,data/raw/id_cw0zwcnsoftg.wav,4.24,16000,1,train
id_sov7xl5lboq1.wav,hapana,data/raw/id_sov7xl5lboq1.wav,5.28,16000,1,train
id_k14ze58z9vyt.wav,ndio,data/raw/id_k14ze58z9vyt.wav,5.248,16000,1,train
id_p1hsg76myrgj.wav,hapana,data/raw/id_p1hsg76myrgj.wav,5.6,16000,1,train
id_syxtdgknf2me.wav,moja,data/raw/id_syxtdgknf2me.wav,4.24,16000,1,train
id_zjq7iuv99h7o.wav,sita,data/raw/id_zjq7iuv99h7o.wav,9.76,16000,1,val
id_g5v91dy97g9q.wav,ndio,data/raw/id_g5v91dy97g9q.wav,4.8,16000,1,train
id_v7xteji6zaqq.wav,hapana,data/raw/id_v7xteji6zaqq.wav,4.32,16000,1,train
id_kilth8oc8fgf.wav,kumi,data/raw/id_kilth8oc8fgf.wav,4.88,16000,1,train
id_m25g64xq6nko.wav,moja,data/raw/id_m25g64xq6nko.wav,4.8,16000,1,train
id_ux7wyqip0oeo.wav,hapana,data/raw/id_ux7wyqip0oeo.wav,4.16,16000,1,train
id_a7o2b7trerdy.wav,nne,data/raw/id_a7o2b7trerdy.wav,4.64,16000,1,train
id_vzpm6dzyyzwo.wav,tisa,data/raw/id_vzpm6dzyyzwo.wav,4.4,16000,1,train
id_jdpv3kqyrcb5.wav,mbili,data/raw/id_jdpv3kqyrcb5.wav,4.64,16000,1,train
id_wa5aix9s91n9.wav,mbili,data/raw/id_wa5aix9s91n9.wav,4.16,16000,1,val
id_no8u2tvobi1m.wav,nane,data/raw/id_no8u2tvobi1m.wav,3.84,16000,1,train
id_34tesyac293p.wav,saba,data/raw/id_34tesyac293p.wav,8.448,16000,1,train
id_l3qrdjozytly.wav,moja,data/raw/id_l3qrdjozytly.wav,3.52,16000,1,val
id_me2oldhjvjqo.wav,ndio,data/raw/id_me2oldhjvjqo.wav,5.12,16000,1,train
id_kdvvqhl70f34.wav,ndio,data/raw/id_kdvvqhl70f34.wav,6.64,16000,1,val
id_swcr0lylg97j.wav,mbili,data/raw/id_swcr0lylg97j.wav,3.76,16000,1,test
id_8z0bmxw2dpd4.wav,tano,data/raw/id_8z0bmxw2dpd4.wav,4.64,16000,1,train
id_q4rwb6udjhj2.wav,mbili,data/raw/id_q4rwb6udjhj2.wav,4.56,16000,1,train
id_6crruebvvst4.wav,tano,data/raw/id_6crruebvvst4.wav,2.8,16000,1,train
id_mumde96dnvts.wav,saba,data/raw/id_mumde96dnvts.wav,4.48,16000,1,train
id_terje6kzc7hk.wav,nane,data/raw/id_terje6kzc7hk.wav,4.0,16000,1,train
id_kpxxp15mqvjf.wav,sita,data/raw/id_kpxxp15mqvjf.wav,4.0,16000,1,train
id_brz6g95glswj.wav,moja,data/raw/id_brz6g95glswj.wav,4.4,16000,1,train
id_yfjk1oe3swu5.wav,saba,data/raw/id_yfjk1oe3swu5.wav,5.84,16000,1,train
id_gx5n7d4z6p3n.wav,nne,data/raw/id_gx5n7d4z6p3n.wav,5.12,16000,1,val
id_t8o7gfkclnlo.wav,tisa,data/raw/id_t8o7gfkclnlo.wav,6.4,16000,1,train
id_xsik018qv9ad.wav,tisa,data/raw/id_xsik018qv9ad.wav,4.08,16000,1,test
id_se33nx8ckzg8.wav,sita,data/raw/id_se33nx8ckzg8.wav,4.88,16000,1,val
id_rf3zvvvbnhq2.wav,nne,data/raw/id_rf3zvvvbnhq2.wav,3.84,16000,1,train
id_o9o4n4o8cohs.wav,sita,data/raw/id_o9o4n4o8cohs.wav,6.144,16000,1,test
id_s4f0xo0g6ghz.wav,saba,data/raw/id_s4f0xo0g6ghz.wav,3.6,16000,1,test
id_rm5wd41xf707.wav,kumi,data/raw/id_rm5wd41xf707.wav,6.56,16000,1,train
id_5pjdzorh1k40.wav,kumi,data/raw/id_5pjdzorh1k40.wav,4.0,16000,1,train
id_u5ebh6mnci7y.wav,nne,data/raw/id_u5ebh6mnci7y.wav,3.36,16000,1,val
id_7qrf44z4j9gq.wav,hapana,data/raw/id_7qrf44z4j9gq.wav,7.84,16000,1,train
id_k6x7ae632gsi.wav,kumi,data/raw/id_k6x7ae632gsi.wav,4.64,16000,1,train
id_4alah5ssbd6n.wav,tatu,data/raw/id_4alah5ssbd6n.wav,3.84,16000,1,val
id_gs6aa2rrhetv.wav,ndio,data/raw/id_gs6aa2rrhetv.wav,4.96,16000,1,train
id_nzul5mwfv6vm.wav,nane,data/raw/id_nzul5mwfv6vm.wav,3.44,16000,1,train
id_v18ec9lsogn0.wav,hapana,data/raw/id_v18ec9lsogn0.wav,4.32,16000,1,train
id_ogtly0k32akk.wav,nne,data/raw/id_ogtly0k32akk.wav,7.12,16000,1,val
id_sapxs2qc6pm5.wav,mbili,data/raw/id_sapxs2qc6pm5.wav,3.68,16000,1,train
id_s1gvk3o622oj.wav,nne,data/raw/id_s1gvk3o622oj.wav,3.2,16000,1,test
id_oe52lu0l5wpw.wav,mbili,data/raw/id_oe52lu0l5wpw.wav,5.36,16000,1,test
id_cr1sanzd3hfy.wav,ndio,data/raw/id_cr1sanzd3hfy.wav,4.72,16000,1,train
id_yd5ohcfe3mam.wav,sita,data/raw/id_yd5ohcfe3mam.wav,5.92,16000,1,val
id_38arfosebzdx.wav,tisa,data/raw/id_38arfosebzdx.wav,6.72,16000,1,train
id_d1bqyytmfp3n.wav,hapana,data/raw/id_d1bqyytmfp3n.wav,3.52,16000,1,test
id_1bx8drgzvmoi.wav,tano,data/raw/id_1bx8drgzvmoi.wav,3.68,16000,1,test
id_dsz0cj011114.wav,moja,data/raw/id_dsz0cj011114.wav,4.096,16000,1,train
id_u9yd2fuutjxq.wav,moja,data/raw/id_u9yd2fuutjxq.wav,3.76,16000,1,train
id_2t4igu7tslf4.wav,sita,data/raw/id_2t4igu7tslf4.wav,4.88,16000,1,val
id_f05ho6hsqxlr.wav,sita,data/raw/id_f05ho6hsqxlr.wav,3.52,16000,1,test
id_rqd86np3u6um.wav,mbili,data/raw/id_rqd86np3u6um.wav,3.6,16000,1,test
id_llrikfkftk1s.wav,tatu,data/raw/id_llrikfkftk1s.wav,4.64,16000,1,train
id_jlk9yk0xz8n5.wav,hapana,data/raw/id_jlk9yk0xz8n5.wav,4.096,16000,1,test
id_p3drpi921xc4.wav,ndio,data/raw/id_p3drpi921xc4.wav,5.04,16000,1,train
id_kggq783rb2ip.wav,tatu,data/raw/id_kggq783rb2ip.wav,4.8,16000,1,train
id_4ky1ipdbnp3y.wav,tano,data/raw/id_4ky1ipdbnp3y.wav,4.32,16000,1,train
id_al7cg69ix5hs.wav,nne,data/raw/id_al7cg69ix5hs.wav,3.28,16000,1,test
id_ls3ghmvdjn18.wav,nane,data/raw/id_ls3ghmvdjn18.wav,5.04,16000,1,train
id_vcr1v5ff5ytr.wav,saba,data/raw/id_vcr1v5ff5ytr.wav,6.0,16000,1,train
id_ut2o4wdgm7ag.wav,hapana,data/raw/id_ut2o4wdgm7ag.wav,4.08,16000,1,train
id_jjpei2u6l2nx.wav,tano,data/raw/id_jjpei2u6l2nx.wav,4.4,16000,1,train
id_ogfqucldczdi.wav,ndio,data/raw/id_ogfqucldczdi.wav,4.88,16000,1,train
id_4zbyi2wmmdql.wav,nne,data/raw/id_4zbyi2wmmdql.wav,3.84,16000,1,train
id_3lf0rl2vuvo2.wav,moja,data/raw/id_3lf0rl2vuvo2.wav,5.2,16000,1,test
id_wtg9k9a3o3ni.wav,ndio,data/raw/id_wtg9k9a3o3ni.wav,5.76,16000,1,train
id_tev1xagtrqgm.wav,hapana,data/raw/id_tev1xagtrqgm.wav,3.92,16000,1,train
id_8ip0h60imnkt.wav,nne,data/raw/id_8ip0h60imnkt.wav,4.16,16000,1,train
id_4lvnuy8t8tfs.wav,tisa,data/raw/id_4lvnuy8t8tfs.wav,4.96,16000,1,train
id_saampoboz3gc.wav,mbili,data/raw/id_saampoboz3gc.wav,4.16,16000,1,val
id_wq174c4kxbox.wav,saba,data/raw/id_wq174c4kxbox.wav,3.52,16000,1,train
id_nmwysb9aih92.wav,nne,data/raw/id_nmwysb9aih92.wav,4.08,16000,1,test
id_quh4ibm7i84o.wav,tano,data/raw/id_quh4ibm7i84o.wav,4.72,16000,1,train
id_aq52afthtxkf.wav,hapana,data/raw/id_aq52afthtxkf.wav,3.84,16000,1,train
id_uf3mwcvuin01.wav,tatu,data/raw/id_uf3mwcvuin01.wav,9.44,16000,1,train
id_tmpjxehuvwg8.wav,nane,data/raw/id_tmpjxehuvwg8.wav,6.96,16000,1,val
id_x7opmzd1zkyq.wav,nne,data/raw/id_x7opmzd1zkyq.wav,4.88,16000,1,train
id_gp1uov4vusjg.wav,ndio,data/raw/id_gp1uov4vusjg.wav,3.52,16000,1,train
id_vwco2nbwlun5.wav,moja,data/raw/id_vwco2nbwlun5.wav,3.84,16000,1,train
id_kplvg13li7pf.wav,nne,data/raw/id_kplvg13li7pf.wav,3.28,16000,1,train
id_ymnaarms2nvd.wav,kumi,data/raw/id_ymnaarms2nvd.wav,4.48,16000,1,train
id_n8i2i9rknf3j.wav,tano,data/raw/id_n8i2i9rknf3j.wav,5.44,16000,1,train
id_zn4r49yv5zvh.wav,tisa,data/raw/id_zn4r49yv5zvh.wav,3.712,16000,1,train
id_nskmomr8ydih.wav,sita,data/raw/id_nskmomr8ydih.wav,3.52,16000,1,test
id_uoo4l0vi6x3p.wav,nne,data/raw/id_uoo4l0vi6x3p.wav,4.736,16000,1,test
id_1p06nl07alsj.wav,nane,data/raw/id_1p06nl07alsj.wav,4.32,16000,1,train
id_2m4vb3toz6oy.wav,mbili,data/raw/id_2m4vb3toz6oy.wav,3.68,16000,1,train
id_xvtry8oihn1l.wav,tano,data/raw/id_xvtry8oihn1l.wav,5.44,16000,1,train
id_5dodej20jg5h.wav,kumi,data/raw/id_5dodej20jg5h.wav,3.92,16000,1,train
id_1i067ck161fg.wav,tano,data/raw/id_1i067ck161fg.wav,5.12,16000,1,train
id_qs76a6w6dy4x.wav,mbili,data/raw/id_qs76a6w6dy4x.wav,4.352,16000,1,train
id_u312weuxd9df.wav,moja,data/raw/id_u312weuxd9df.wav,3.76,16000,1,val
id_sgdthy18r5j9.wav,saba,data/raw/id_sgdthy18r5j9.wav,4.4,16000,1,train
id_mk7gl5456k76.wav,nane,data/raw/id_mk7gl5456k76.wav,2.48,16000,1,train
id_91kg5l7p9hnf.wav,tisa,data/raw/id_91kg5l7p9hnf.wav,5.12,16000,1,train
id_x0x5dr3tydnl.wav,nane,data/raw/id_x0x5dr3tydnl.wav,3.76,16000,1,test
id_2f2gdmzajibc.wav,hapana,data/raw/id_2f2gdmzajibc.wav,5.2,16000,1,train
id_67xgoony3xgk.wav,tano,data/raw/id_67xgoony3xgk.wav,4.24,16000,1,test
id_pk2jhicvhx6l.wav,sita,data/raw/id_pk2jhicvhx6l.wav,4.0,16000,1,train
id_mk29z4c8atn3.wav,tano,data/raw/id_mk29z4c8atn3.wav,5.68,16000,1,val
id_3qdd657p8dwb.wav,saba,data/raw/id_3qdd657p8dwb.wav,3.84,16000,1,train
id_lciadgf78ykn.wav,tano,data/raw/id_lciadgf78ykn.wav,2.72,16000,1,train
id_y7n01eh70mw8.wav,sita,data/raw/id_y7n01eh70mw8.wav,5.12,16000,1,train
id_1n1vibnicioc.wav,mbili,data/raw/id_1n1vibnicioc.wav,4.352,16000,1,train
id_jq4oiu270xk1.wav,tano,data/raw/id_jq4oiu270xk1.wav,6.08,16000,1,train
id_lljp6mbk2sn2.wav,tatu,data/raw/id_lljp6mbk2sn2.wav,3.6,16000,1,test
id_q3gojxxiyc23.wav,saba,data/raw/id_q3gojxxiyc23.wav,3.2,16000,1,test
id_i067jc4v2fxz.wav,tisa,data/raw/id_i067jc4v2fxz.wav,6.16,16000,1,train
id_wrm3b40ymbne.wav,ndio,data/raw/id_wrm3b40ymbne.wav,5.44,16000,1,train
id_ir88wlifscq9.wav,tatu,data/raw/id_ir88wlifscq9.wav,3.76,16000,1,train
id_fyn1gia7pu9g.wav,nne,data/raw/id_fyn1gia7pu9g.wav,3.2,16000,1,train
id_5yvcgc9i5oso.wav,mbili,data/raw/id_5yvcgc9i5oso.wav,6.8,16000,1,train
id_d54a90jvy2of.wav,kumi,data/raw/id_d54a90jvy2of.wav,7.6,16000,1,train
id_gvx1euued15b.wav,tano,data/raw/id_gvx1euued15b.wav,4.16,16000,1,train
id_iwh7url63l7t.wav,hapana,data/raw/id_iwh7url63l7t.wav,4.4,16000,1,test
id_wozp7sg0662c.wav,nne,data/raw/id_wozp7sg0662c.wav,7.04,16000,1,val
id_v15kmy54n2d2.wav,tatu,data/raw/id_v15kmy54n2d2.wav,2.56,16000,1,train
id_4jsf9oobwkew.wav,moja,data/raw/id_4jsf9oobwkew.wav,3.92,16000,1,train
id_gauk1cjctnd3.wav,saba,data/raw/id_gauk1cjctnd3.wav,8.0,16000,1,train
id_1u8nswfbpcgc.wav,tatu,data/raw/id_1u8nswfbpcgc.wav,4.4,16000,1,train
id_tyn1zy9apmut.wav,nane,data/raw/id_tyn1zy9apmut.wav,5.76,16000,1,test
id_pqfotax90ao0.wav,nne,data/raw/id_pqfotax90ao0.wav,4.48,16000,1,test
id_0zn3oack6hyy.wav,tisa,data/raw/id_0zn3oack6hyy.wav,3.28,16000,1,train
id_o3kdutdq4o8d.wav,tisa,data/raw/id_o3kdutdq4o8d.wav,4.56,16000,1,test
id_fxl4og7ptjod.wav,tatu,data/raw/id_fxl4og7ptjod.wav,4.224,16000,1,train
id_uavbgcprucnb.wav,nane,data/raw/id_uavbgcprucnb.wav,3.04,16000,1,train
id_orbg7n1flnkt.wav,hapana,data/raw/id_orbg7n1flnkt.wav,3.68,16000,1,train
id_r1gi5ay1vqxf.wav,nne,data/raw/id_r1gi5ay1vqxf.wav,2.72,16000,1,val
id_0m4t6a955rgs.wav,ndio,data/raw/id_0m4t6a955rgs.wav,4.0,16000,1,test
id_xetl9327j5mz.wav,hapana,data/raw/id_xetl9327j5mz.wav,4.72,16000,1,train
id_uhimycs5wal5.wav,moja,data/raw/id_uhimycs5wal5.wav,4.08,16000,1,train
id_r4aanqsjvykk.wav,nne,data/raw/id_r4aanqsjvykk.wav,5.28,16000,1,test
id_z5k49ldh7prl.wav,ndio,data/raw/id_z5k49ldh7prl.wav,2.96,16000,1,train
id_l94ipa927mqm.wav,hapana,data/raw/id_l94ipa927mqm.wav,5.36,16000,1,test
id_mx5zxx8px3vo.wav,nne,data/raw/id_mx5zxx8px3vo.wav,8.08,16000,1,test
id_37zj1oo556h6.wav,kumi,data/raw/id_37zj1oo556h6.wav,3.84,16000,1,val
id_cl5uflpzrbdh.wav,nne,data/raw/id_cl5uflpzrbdh.wav,5.04,16000,1,train
id_5rt2ny1fbe4l.wav,tisa,data/raw/id_5rt2ny1fbe4l.wav,3.68,16000,1,test
id_qclg3tx84l03.wav,tatu,data/raw/id_qclg3tx84l03.wav,4.8,16000,1,test
id_a6a2x6v433u8.wav,saba,data/raw/id_a6a2x6v433u8.wav,4.56,16000,1,train
id_adujui0d3klr.wav,saba,data/raw/id_adujui0d3klr.wav,3.44,16000,1,train
id_ij4ykjf2lu6z.wav,hapana,data/raw/id_ij4ykjf2lu6z.wav,4.48,16000,1,train
id_506h959df0ro.wav,tano,data/raw/id_506h959df0ro.wav,2.72,16000,1,train
id_aixllwkqtf7b.wav,kumi,data/raw/id_aixllwkqtf7b.wav,4.8,16000,1,test
id_depc4pxekzhp.wav,ndio,data/raw/id_depc4pxekzhp.wav,7.2,16000,1,train
id_h2rwzq6wgp00.wav,saba,data/raw/id_h2rwzq6wgp00.wav,5.12,16000,1,val
id_3lju1pofwqti.wav,tatu,data/raw/id_3lju1pofwqti.wav,4.72,16000,1,test
id_xhqg0yh19lp6.wav,kumi,data/raw/id_xhqg0yh19lp6.wav,3.84,16000,1,train
id_d2nufj5apxjg.wav,mbili,data/raw/id_d2nufj5apxjg.wav,5.2,16000,1,train
id_mq47qi9b5ysm.wav,tano,data/raw/id_mq47qi9b5ysm.wav,3.52,16000,1,test
id_21kh3svcm4pe.wav,nane,data/raw/id_21kh3svcm4pe.wav,2.64,16000,1,train
id_qddavgioqjpx.wav,mbili,data/raw/id_qddavgioqjpx.wav,4.72,16000,1,test
id_suxomp6mhxk8.wav,tatu,data/raw/id_suxomp6mhxk8.wav,4.4,16000,1,val
id_9c9eelh4037f.wav,kumi,data/raw/id_9c9eelh4037f.wav,5.04,16000,1,train
id_dxzj5ksmdwho.wav,saba,data/raw/id_dxzj5ksmdwho.wav,4.96,16000,1,train
id_sjw0vrmfxijv.wav,hapana,data/raw/id_sjw0vrmfxijv.wav,4.16,16000,1,train
id_6bhvp8yjes2q.wav,hapana,data/raw/id_6bhvp8yjes2q.wav,4.56,16000,1,train
id_19uj3f5rbnmj.wav,kumi,data/raw/id_19uj3f5rbnmj.wav,7.6,16000,1,test
id_p8z4fj1xzuz9.wav,hapana,data/raw/id_p8z4fj1xzuz9.wav,4.64,16000,1,train
id_5sjgq2ox8chd.wav,tano,data/raw/id_5sjgq2ox8chd.wav,3.44,16000,1,test
id_qrmjc2q53ifa.wav,saba,data/raw/id_qrmjc2q53ifa.wav,4.0,16000,1,val
id_gd93ufw6b2bk.wav,nane,data/raw/id_gd93ufw6b2bk.wav,4.0,16000,1,train
id_v0kjwee7y5iq.wav,nne,data/raw/id_v0kjwee7y5iq.wav,7.12,16000,1,test
id_hdewz5eb9i8s.wav,kumi,data/raw/id_hdewz5eb9i8s.wav,3.52,16000,1,train
id_861q3fyp9a6r.wav,saba,data/raw/id_861q3fyp9a6r.wav,4.64,16000,1,train
id_tmlv501e4lwv.wav,ndio,data/raw/id_tmlv501e4lwv.wav,4.4,16000,1,train
id_qyaegx8ippy1.wav,sita,data/raw/id_qyaegx8ippy1.wav,4.32,16000,1,train
id_rd4kz34yhlmd.wav,mbili,data/raw/id_rd4kz34yhlmd.wav,4.4,16000,1,train
id_rlb6qeqtobq3.wav,tisa,data/raw/id_rlb6qeqtobq3.wav,5.36,16000,1,train
id_8yew1mu95say.wav,nane,data/raw/id_8yew1mu95say.wav,5.2,16000,1,train
id_gqy5dodpb0st.wav,nne,data/raw/id_gqy5dodpb0st.wav,4.8,16000,1,train
id_wjnh92p5i5a4.wav,saba,data/raw/id_wjnh92p5i5a4.wav,7.52,16000,1,val
id_ntbhqknas0ad.wav,moja,data/raw/id_ntbhqknas0ad.wav,4.4,16000,1,train
id_vlqaszm3cf3j.wav,sita,data/raw/id_vlqaszm3cf3j.wav,3.712,16000,1,val
id_78yaxftj59df.wav,mbili,data/raw/id_78yaxftj59df.wav,3.76,16000,1,val
id_ue1lgt7wsjgh.wav,nne,data/raw/id_ue1lgt7wsjgh.wav,3.84,16000,1,train
id_i5kvd5jsyho3.wav,mbili,data/raw/id_i5kvd5jsyho3.wav,3.2,16000,1,val
id_yy6y0jt40mff.wav,tano,data/raw/id_yy6y0jt40mff.wav,2.88,16000,1,train
id_xzx56mpd91y7.wav,sita,data/raw/id_xzx56mpd91y7.wav,12.64,16000,1,train
id_7myk9df4dby7.wav,hapana,data/raw/id_7myk9df4dby7.wav,7.84,16000,1,test
id_6wjuiq6qytv0.wav,ndio,data/raw/id_6wjuiq6qytv0.wav,5.52,16000,1,train
id_yq99hdxupmek.wav,tatu,data/raw/id_yq99hdxupmek.wav,4.16,16000,1,train
id_oj93e49jcb9y.wav,tatu,data/raw/id_oj93e49jcb9y.wav,4.96,16000,1,train
id_17wi2lvd3op2.wav,tatu,data/raw/id_17wi2lvd3op2.wav,5.84,16000,1,test
id_6gpltzvgxm3h.wav,nne,data/raw/id_6gpltzvgxm3h.wav,4.864,16000,1,train
id_ftqms3vt7g93.wav,tano,data/raw/id_ftqms3vt7g93.wav,3.44,16000,1,test
id_c4vzosdjy3g0.wav,tatu,data/raw/id_c4vzosdjy3g0.wav,4.0,16000,1,train
id_nz0f4r22knyc.wav,mbili,data/raw/id_nz0f4r22knyc.wav,8.48,16000,1,train
id_gbjoonl44e13.wav,saba,data/raw/id_gbjoonl44e13.wav,4.24,16000,1,val
id_stuxqpizcpab.wav,ndio,data/raw/id_stuxqpizcpab.wav,3.6,16000,1,train
id_f5gf37vkwdjr.wav,hapana,data/raw/id_f5gf37vkwdjr.wav,3.92,16000,1,train
id_a73vfn22twdm.wav,nane,data/raw/id_a73vfn22twdm.wav,4.48,16000,1,val
id_bkbq9rsmuq8j.wav,saba,data/raw/id_bkbq9rsmuq8j.wav,4.88,16000,1,train
id_nmnbyj27ubt0.wav,nne,data/raw/id_nmnbyj27ubt0.wav,4.64,16000,1,train
id_p0w83k2cxaq7.wav,tatu,data/raw/id_p0w83k2cxaq7.wav,6.272,16000,1,train
id_extihiuai0qz.wav,tano,data/raw/id_extihiuai0qz.wav,6.16,16000,1,train
id_j3s83zi70oht.wav,hapana,data/raw/id_j3s83zi70oht.wav,4.352,16000,1,train
id_rzobe4929vva.wav,mbili,data/raw/id_rzobe4929vva.wav,3.2,16000,1,train
id_3kgcbbc0iujy.wav,hapana,data/raw/id_3kgcbbc0iujy.wav,6.08,16000,1,val
id_4ekokjn22blu.wav,hapana,data/raw/id_4ekokjn22blu.wav,3.44,16000,1,train
id_jzqrzysokkzu.wav,tatu,data/raw/id_jzqrzysokkzu.wav,3.2,16000,1,test
id_ov8y90pzeu2a.wav,nne,data/raw/id_ov8y90pzeu2a.wav,5.68,16000,1,train
id_5vt34u7zlel3.wav,sita,data/raw/id_5vt34u7zlel3.wav,2.96,16000,1,train
id_2xejronlc160.wav,mbili,data/raw/id_2xejronlc160.wav,3.52,16000,1,train
id_bm777l8hq9ex.wav,sita,data/raw/id_bm777l8hq9ex.wav,4.64,16000,1,train
id_vjn365se6gq3.wav,tisa,data/raw/id_vjn365se6gq3.wav,3.84,16000,1,test
id_dfkjpqbr1p7z.wav,mbili,data/raw/id_dfkjpqbr1p7z.wav,4.72,16000,1,train
id_c0vmrggsjhfr.wav,moja,data/raw/id_c0vmrggsjhfr.wav,3.52,16000,1,train
id_gbom56gclpu3.wav,mbili,data/raw/id_gbom56gclpu3.wav,4.16,16000,1,train
id_yuh8kg7eqwii.wav,tisa,data/raw/id_yuh8kg7eqwii.wav,4.32,16000,1,train
id_vf4w9creqbrm.wav,moja,data/raw/id_vf4w9creqbrm.wav,3.84,16000,1,train
id_qljl0n2wophz.wav,ndio,data/raw/id_qljl0n2wophz.wav,5.12,16000,1,train
id_ugg18wx1r3h0.wav,tatu,data/raw/id_ugg18wx1r3h0.wav,4.96,16000,1,train
id_c57ph39zsx0d.wav,sita,data/raw/id_c57ph39zsx0d.wav,5.28,16000,1,train
id_hdbai2wdkrdw.wav,hapana,data/raw/id_hdbai2wdkrdw.wav,4.0,16000,1,train
id_q7h4uwfsz4fm.wav,saba,data/raw/id_q7h4uwfsz4fm.wav,4.32,16000,1,train
id_207ujftvvdly.wav,moja,data/raw/id_207ujftvvdly.wav,4.88,16000,1,train
id_3p6rr6oqrtny.wav,saba,data/raw/id_3p6rr6oqrtny.wav,4.16,16000,1,test
id_dd2je2dyt78i.wav,nane,data/raw/id_dd2je2dyt78i.wav,4.16,16000,1,test
id_7sya9ne05lmc.wav,mbili,data/raw/id_7sya9ne05lmc.wav,3.92,16000,1,train
id_1xzoumfn0oj6.wav,kumi,data/raw/id_1xzoumfn0oj6.wav,6.48,16000,1,train
id_jctg4jaknwq9.wav,hapana,data/raw/id_jctg4jaknwq9.wav,3.36,16000,1,train
id_a2m86sy73aav.wav,ndio,data/raw/id_a2m86sy73aav.wav,3.76,16000,1,test
id_g99i9r72boxs.wav,nne,data/raw/id_g99i9r72boxs.wav,6.16,16000,1,train
id_uqy43vftmgn6.wav,hapana,data/raw/id_uqy43vftmgn6.wav,3.52,16000,1,train
id_i3iwkgjkme9x.wav,tatu,data/raw/id_i3iwkgjkme9x.wav,4.4,16000,1,train
id_j2ea0mf7gqox.wav,nne,data/raw/id_j2ea0mf7gqox.wav,2.96,16000,1,val
id_bkt10ot42e5k.wav,nane,data/raw/id_bkt10ot42e5k.wav,9.04,16000,1,train
id_t72s1d3u18v2.wav,ndio,data/raw/id_t72s1d3u18v2.wav,4.32,16000,1,test
id_ms8zyeyy547b.wav,hapana,data/raw/id_ms8zyeyy547b.wav,3.6,16000,1,train
id_0bubpvvlqhpc.wav,nane,data/raw/id_0bubpvvlqhpc.wav,6.64,16000,1,train
id_sqqigqvscapg.wav,kumi,data/raw/id_sqqigqvscapg.wav,3.84,16000,1,train
id_kubwxnuuy6mi.wav,nne,data/raw/id_kubwxnuuy6mi.wav,3.968,16000,1,train
id_dr3c8w8h664t.wav,nane,data/raw/id_dr3c8w8h664t.wav,4.96,16000,1,train
id_rl9ze8laoz49.wav,tano,data/raw/id_rl9ze8laoz49.wav,5.84,16000,1,train
id_heixq4g34eho.wav,tisa,data/raw/id_heixq4g34eho.wav,4.4,16000,1,train
id_ubsh09s5m47h.wav,moja,data/raw/id_ubsh09s5m47h.wav,4.72,16000,1,train
id_ia0kt650dh36.wav,mbili,data/raw/id_ia0kt650dh36.wav,4.56,16000,1,train
id_7d4dms25gv7a.wav,ndio,data/raw/id_7d4dms25gv7a.wav,4.0,16000,1,train
id_c3jqk60v84jb.wav,tano,data/raw/id_c3jqk60v84jb.wav,4.4,16000,1,train
id_xypdepsv2rqx.wav,mbili,data/raw/id_xypdepsv2rqx.wav,4.24,16000,1,train
id_9nguicptn9zc.wav,moja,data/raw/id_9nguicptn9zc.wav,4.16,16000,1,train
id_kxbr3dytq5dx.wav,sita,data/raw/id_kxbr3dytq5dx.wav,4.16,16000,1,train
id_renyw5n3ug73.wav,tano,data/raw/id_renyw5n3ug73.wav,3.2,16000,1,train
id_zgq92vqafnnd.wav,mbili,data/raw/id_zgq92vqafnnd.wav,7.44,16000,1,train
id_jniqqjpwdei5.wav,saba,data/raw/id_jniqqjpwdei5.wav,5.36,16000,1,train
id_uqfoh084iga4.wav,saba,data/raw/id_uqfoh084iga4.wav,5.2,16000,1,test
id_wkk0bpbw9do9.wav,ndio,data/raw/id_wkk0bpbw9do9.wav,5.2,16000,1,train
id_0wxcl0zehbjh.wav,kumi,data/raw/id_0wxcl0zehbjh.wav,4.64,16000,1,val
id_x3wrnl45czbd.wav,kumi,data/raw/id_x3wrnl45czbd.wav,4.4,16000,1,train
id_p9lutnif3fz8.wav,ndio,data/raw/id_p9lutnif3fz8.wav,4.96,16000,1,val
id_69mncytnorks.wav,sita,data/raw/id_69mncytnorks.wav,3.68,16000,1,test
id_6v8zm9su8n01.wav,kumi,data/raw/id_6v8zm9su8n01.wav,2.88,16000,1,train
id_1o6v1puynom8.wav,nne,data/raw/id_1o6v1puynom8.wav,4.56,16000,1,train
id_ro3epvxvmpp9.wav,kumi,data/raw/id_ro3epvxvmpp9.wav,3.36,16000,1,test
id_9df08n46rdcy.wav,mbili,data/raw/id_9df08n46rdcy.wav,3.84,16000,1,train
id_map1upesnwzy.wav,sita,data/raw/id_map1upesnwzy.wav,7.84,16000,1,train
id_zdy9iw7f5c6t.wav,tano,data/raw/id_zdy9iw7f5c6t.wav,3.44,16000,1,train
id_99rn2sqfnfp1.wav,moja,data/raw/id_99rn2sqfnfp1.wav,3.36,16000,1,test
id_jrfshnwdidqa.wav,nane,data/raw/id_jrfshnwdidqa.wav,4.48,16000,1,val
id_mwamzw2c6i3j.wav,hapana,data/raw/id_mwamzw2c6i3j.wav,4.096,16000,1,train
id_nmjpl6ibm3ps.wav,tano,data/raw/id_nmjpl6ibm3ps.wav,3.6,16000,1,test
id_f1bhdqs5pr2n.wav,kumi,data/raw/id_f1bhdqs5pr2n.wav,7.76,16000,1,train
id_uporiszdxj4v.wav,saba,data/raw/id_uporiszdxj4v.wav,3.36,16000,1,train
id_h0piuph5nfft.wav,tano,data/raw/id_h0piuph5nfft.wav,4.32,16000,1,val
id_y0xonbl35of9.wav,tatu,data/raw/id_y0xonbl35of9.wav,3.36,16000,1,train
id_idbws40cm1jq.wav,tisa,data/raw/id_idbws40cm1jq.wav,4.72,16000,1,train
id_gla1fe7ozhy5.wav,ndio,data/raw/id_gla1fe7ozhy5.wav,3.36,16000,1,test
id_xxqjj52m5ebm.wav,kumi,data/raw/id_xxqjj52m5ebm.wav,2.64,16000,1,train
id_6zky32f2bj0a.wav,saba,data/raw/id_6zky32f2bj0a.wav,3.712,16000,1,val
id_se9q72rmdnmu.wav,nne,data/raw/id_se9q72rmdnmu.wav,4.24,16000,1,train
id_w9asari5e86y.wav,tatu,data/raw/id_w9asari5e86y.wav,8.96,16000,1,val
id_8o9d6pv0d83x.wav,sita,data/raw/id_8o9d6pv0d83x.wav,3.2,16000,1,train
id_0wf5s1o2w8ev.wav,saba,data/raw/id_0wf5s1o2w8ev.wav,4.56,16000,1,train
id_vvzxb1yx5gag.wav,tisa,data/raw/id_vvzxb1yx5gag.wav,4.32,16000,1,train
id_6gp0bmu6zssm.wav,mbili,data/raw/id_6gp0bmu6zssm.wav,5.12,16000,1,train
id_npd8mjfjr44v.wav,nne,data/raw/id_npd8mjfjr44v.wav,4.4,16000,1,train
id_nswg7mk7va9r.wav,tisa,data/raw/id_nswg7mk7va9r.wav,4.32,16000,1,train
id_x2d89240nf7p.wav,ndio,data/raw/id_x2d89240nf7p.wav,3.52,16000,1,val
id_r1tztdd3nx0w.wav,sita,data/raw/id_r1tztdd3nx0w.wav,4.224,16000,1,train
id_5rxlckyyuv9l.wav,kumi,data/raw/id_5rxlckyyuv9l.wav,4.64,16000,1,train
id_3cw194u32c0b.wav,tano,data/raw/id_3cw194u32c0b.wav,4.48,16000,1,train
id_xs89y9axegw2.wav,kumi,data/raw/id_xs89y9axegw2.wav,3.6,16000,1,train
id_5z9e2mmj0hmn.wav,mbili,data/raw/id_5z9e2mmj0hmn.wav,4.0,16000,1,train
id_5vzy773cgpr2.wav,saba,data/raw/id_5vzy773cgpr2.wav,4.88,16000,1,train
id_cu7i49j6ilrl.wav,sita,data/raw/id_cu7i49j6ilrl.wav,4.4,16000,1,train
id_2rzmb06d9eq5.wav,hapana,data/raw/id_2rzmb06d9eq5.wav,6.64,16000,1,train
id_hgbysxeasumw.wav,nane,data/raw/id_hgbysxeasumw.wav,3.712,16000,1,train
id_jhtfc5dfc2m8.wav,tisa,data/raw/id_jhtfc5dfc2m8.wav,4.88,16000,1,train
id_cdq0rupm70rh.wav,hapana,data/raw/id_cdq0rupm70rh.wav,4.096,16000,1,train
id_0vr00r74m0ii.wav,nane,data/raw/id_0vr00r74m0ii.wav,8.96,16000,1,test
id_31s05g5prv7n.wav,nane,data/raw/id_31s05g5prv7n.wav,4.48,16000,1,val
id_kkx07jsz7nr5.wav,tisa,data/raw/id_kkx07jsz7nr5.wav,4.16,16000,1,train
id_p01io1y0to7w.wav,tano,data/raw/id_p01io1y0to7w.wav,6.16,16000,1,train
id_yiyqobbrzr1v.wav,ndio,data/raw/id_yiyqobbrzr1v.wav,4.16,16000,1,train
id_sn5zf3bb8ca5.wav,tano,data/raw/id_sn5zf3bb8ca5.wav,4.64,16000,1,train
id_xdmxt237mne1.wav,saba,data/raw/id_xdmxt237mne1.wav,3.36,16000,1,val
id_x8onheco61kh.wav,tano,data/raw/id_x8onheco61kh.wav,4.88,16000,1,val
id_kgy2lz5md9dr.wav,nne,data/raw/id_kgy2lz5md9dr.wav,3.68,16000,1,train
id_pgn88360xo66.wav,nane,data/raw/id_pgn88360xo66.wav,4.8,16000,1,test
id_f3w2kuqrjwng.wav,tatu,data/raw/id_f3w2kuqrjwng.wav,3.76,16000,1,val
id_onurzbrba3uv.wav,tano,data/raw/id_onurzbrba3uv.wav,4.8,16000,1,train
id_pgxuuk17xpwr.wav,ndio,data/raw/id_pgxuuk17xpwr.wav,4.0,16000,1,train
id_ysa6wp87sayt.wav,kumi,data/raw/id_ysa6wp87sayt.wav,5.36,16000,1,train
id_zm024q0r4all.wav,tisa,data/raw/id_zm024q0r4all.wav,3.52,16000,1,train
id_lalpzfgnpm80.wav,mbili,data/raw/id_lalpzfgnpm80.wav,4.32,16000,1,train
id_p89x5f8f11av.wav,mbili,data/raw/id_p89x5f8f11av.wav,4.96,16000,1,train
id_fzkznja8frvg.wav,moja,data/raw/id_fzkznja8frvg.wav,3.04,16000,1,train
id_f4h29mga0lga.wav,moja,data/raw/id_f4h29mga0lga.wav,9.52,16000,1,train
id_l5pve4vshynv.wav,tatu,data/raw/id_l5pve4vshynv.wav,3.36,16000,1,train
id_disteqckm83g.wav,saba,data/raw/id_disteqckm83g.wav,4.096,16000,1,val
id_f0tw2c8p74r3.wav,ndio,data/raw/id_f0tw2c8p74r3.wav,4.96,16000,1,train
id_2zq6xffb3far.wav,kumi,data/raw/id_2zq6xffb3far.wav,4.88,16000,1,test
id_k6lbyqxkplur.wav,sita,data/raw/id_k6lbyqxkplur.wav,6.48,16000,1,train
id_proq1yvo0824.wav,ndio,data/raw/id_proq1yvo0824.wav,17.92,16000,1,test
id_k2duz51ikjrg.wav,tano,data/raw/id_k2duz51ikjrg.wav,4.096,16000,1,train
id_8ws5x61egevg.wav,moja,data/raw/id_8ws5x61egevg.wav,3.12,16000,1,train
id_lgpvx3a1ujuo.wav,saba,data/raw/id_lgpvx3a1ujuo.wav,3.84,16000,1,test
id_ayw263uy6j2e.wav,tatu,data/raw/id_ayw263uy6j2e.wav,3.92,16000,1,train
id_n0rjkpe8r2po.wav,mbili,data/raw/id_n0rjkpe8r2po.wav,6.08,16000,1,train
id_eiv8zdskep1i.wav,mbili,data/raw/id_eiv8zdskep1i.wav,4.08,16000,1,test
id_frq8ps54unm0.wav,moja,data/raw/id_frq8ps54unm0.wav,3.52,16000,1,train
id_jl5alrl7ep05.wav,moja,data/raw/id_jl5alrl7ep05.wav,3.04,16000,1,train
id_eq0bnl5o3cu4.wav,moja,data/raw/id_eq0bnl5o3cu4.wav,6.08,16000,1,val
id_4yce0h71hp98.wav,hapana,data/raw/id_4yce0h71hp98.wav,8.0,16000,1,val
id_aagtkxubkqpf.wav,tisa,data/raw/id_aagtkxubkqpf.wav,5.6,16000,1,train
id_0rbmilb18ktp.wav,saba,data/raw/id_0rbmilb18ktp.wav,4.64,16000,1,train
id_0k66ku90pv6f.wav,moja,data/raw/id_0k66ku90pv6f.wav,4.8,16000,1,train
id_n0b19o814lva.wav,moja,data/raw/id_n0b19o814lva.wav,3.76,16000,1,val
id_neouhi89ztrj.wav,nne,data/raw/id_neouhi89ztrj.wav,5.04,16000,1,train
id_e82jojic8yrp.wav,tisa,data/raw/id_e82jojic8yrp.wav,4.72,16000,1,val
id_5k6vxs4aof26.wav,mbili,data/raw/id_5k6vxs4aof26.wav,3.12,16000,1,train
id_71hm75cdbak4.wav,nane,data/raw/id_71hm75cdbak4.wav,3.68,16000,1,train
id_94z1rxtn5eex.wav,kumi,data/raw/id_94z1rxtn5eex.wav,3.84,16000,1,train
id_2ufmqy10mswf.wav,hapana,data/raw/id_2ufmqy10mswf.wav,7.12,16000,1,test
id_2u82olfn7vgv.wav,nne,data/raw/id_2u82olfn7vgv.wav,3.92,16000,1,train
id_f1lfk227oqto.wav,tatu,data/raw/id_f1lfk227oqto.wav,17.28,16000,1,train
id_ebqwchcomsty.wav,hapana,data/raw/id_ebqwchcomsty.wav,3.76,16000,1,train
id_dlm39v4g4ffn.wav,moja,data/raw/id_dlm39v4g4ffn.wav,18.816,16000,1,train
id_xoiv2ceh5i9w.wav,moja,data/raw/id_xoiv2ceh5i9w.wav,4.096,16000,1,train
id_4auex3fr26n2.wav,nane,data/raw/id_4auex3fr26n2.wav,4.72,16000,1,test
id_bqmj9uwsjutm.wav,tano,data/raw/id_bqmj9uwsjutm.wav,4.32,16000,1,train
id_9f16lff24dbq.wav,tisa,data/raw/id_9f16lff24dbq.wav,5.28,16000,1,train
id_9echjbql8ybw.wav,tatu,data/raw/id_9echjbql8ybw.wav,4.4,16000,1,train
id_qbkjs5jaji4s.wav,ndio,data/raw/id_qbkjs5jaji4s.wav,4.4,16000,1,val
id_35rrjvybswe3.wav,nane,data/raw/id_35rrjvybswe3.wav,3.84,16000,1,test
id_aj9j98m4uz9q.wav,nane,data/raw/id_aj9j98m4uz9q.wav,3.6,16000,1,train
id_jz3ucdvwramh.wav,tisa,data/raw/id_jz3ucdvwramh.wav,5.36,16000,1,train
id_j6lakqgqa6r2.wav,nane,data/raw/id_j6lakqgqa6r2.wav,5.36,16000,1,train
id_1u32l9k3uojd.wav,nne,data/raw/id_1u32l9k3uojd.wav,4.48,16000,1,train
id_ujuve8nxxtxf.wav,tisa,data/raw/id_ujuve8nxxtxf.wav,3.2,16000,1,train
id_y574jwj1h78s.wav,mbili,data/raw/id_y574jwj1h78s.wav,3.968,16000,1,train
id_j1z81utc0o30.wav,tisa,data/raw/id_j1z81utc0o30.wav,18.048,16000,1,test
id_m63s0kvn3fo7.wav,tatu,data/raw/id_m63s0kvn3fo7.wav,4.24,16000,1,train
id_0n3dnzolbbde.wav,tatu,data/raw/id_0n3dnzolbbde.wav,5.36,16000,1,train
id_co06qtb6zwyp.wav,nane,data/raw/id_co06qtb6zwyp.wav,5.52,16000,1,train
id_9trvhzl4pgtl.wav,nane,data/raw/id_9trvhzl4pgtl.wav,3.84,16000,1,train
id_oqsbobpo74c9.wav,mbili,data/raw/id_oqsbobpo74c9.wav,4.0,16000,1,train
id_yuj86p797hh5.wav,tisa,data/raw/id_yuj86p797hh5.wav,4.64,16000,1,val
id_gqaxta8521sd.wav,hapana,data/raw/id_gqaxta8521sd.wav,5.68,16000,1,test
id_gmx8tkpiumij.wav,kumi,data/raw/id_gmx8tkpiumij.wav,4.32,16000,1,train
id_zj8s36e2dwz4.wav,kumi,data/raw/id_zj8s36e2dwz4.wav,4.88,16000,1,train
id_ryuy2r9dn4ah.wav,mbili,data/raw/id_ryuy2r9dn4ah.wav,4.48,16000,1,val
id_t05pnvk9qq7f.wav,nne,data/raw/id_t05pnvk9qq7f.wav,4.16,16000,1,val
id_833b0varkgv9.wav,ndio,data/raw/id_833b0varkgv9.wav,5.28,16000,1,train
id_2aucnzkz9eli.wav,moja,data/raw/id_2aucnzkz9eli.wav,5.504,16000,1,train
id_t44ld1ervfh2.wav,nane,data/raw/id_t44ld1ervfh2.wav,4.72,16000,1,test
id_sve7dkb8mptj.wav,nne,data/raw/id_sve7dkb8mptj.wav,5.36,16000,1,train
id_j18u6n9vbi9l.wav,tano,data/raw/id_j18u6n9vbi9l.wav,4.096,16000,1,test
id_cvxrs12htjgv.wav,kumi,data/raw/id_cvxrs12htjgv.wav,4.352,16000,1,test
id_559c7qoftu1k.wav,tisa,data/raw/id_559c7qoftu1k.wav,5.36,16000,1,train
id_m67fbmpekvrm.wav,tano,data/raw/id_m67fbmpekvrm.wav,4.56,16000,1,train
id_kdaqoapzc2tr.wav,tatu,data/raw/id_kdaqoapzc2tr.wav,3.84,16000,1,train
id_qi2mcar0hg4t.wav,mbili,data/raw/id_qi2mcar0hg4t.wav,4.24,16000,1,test
id_uecf96dsep92.wav,kumi,data/raw/id_uecf96dsep92.wav,4.08,16000,1,val
id_0plh7lmm4xdv.wav,mbili,data/raw/id_0plh7lmm4xdv.wav,3.44,16000,1,val
id_byeu884y7kwo.wav,tisa,data/raw/id_byeu884y7kwo.wav,4.608,16000,1,train
id_szpia3ltsrjk.wav,nane,data/raw/id_szpia3ltsrjk.wav,4.224,16000,1,train
id_9j8txr1pdvnp.wav,moja,data/raw/id_9j8txr1pdvnp.wav,4.64,16000,1,val
id_xbyji07z1u0m.wav,nane,data/raw/id_xbyji07z1u0m.wav,3.52,16000,1,train
id_1w6nia2wm31j.wav,tatu,data/raw/id_1w6nia2wm31j.wav,4.8,16000,1,val
id_jl295he2ep7i.wav,hapana,data/raw/id_jl295he2ep7i.wav,4.24,16000,1,test
id_gbqpxxdrcg3y.wav,saba,data/raw/id_gbqpxxdrcg3y.wav,4.32,16000,1,train
id_cnl3rybkmjqx.wav,tatu,data/raw/id_cnl3rybkmjqx.wav,4.32,16000,1,train
id_rjndzm7uw8oo.wav,moja,data/raw/id_rjndzm7uw8oo.wav,3.52,16000,1,train
id_85gkq8xd4als.wav,ndio,data/raw/id_85gkq8xd4als.wav,4.56,16000,1,train
id_3daxnv0sox8u.wav,sita,data/raw/id_3daxnv0sox8u.wav,3.76,16000,1,train
id_0rldcyf1apsr.wav,tatu,data/raw/id_0rldcyf1apsr.wav,3.12,16000,1,train
id_fh59uuyenm99.wav,mbili,data/raw/id_fh59uuyenm99.wav,3.12,16000,1,train
id_ilg3wtq2p6g5.wav,hapana,data/raw/id_ilg3wtq2p6g5.wav,3.92,16000,1,test
id_51rwvuwscd6t.wav,saba,data/raw/id_51rwvuwscd6t.wav,3.6,16000,1,train
id_qmlfxzgu8j66.wav,hapana,data/raw/id_qmlfxzgu8j66.wav,3.92,16000,1,train
id_w88onu8m256x.wav,kumi,data/raw/id_w88onu8m256x.wav,4.24,16000,1,train
id_0sc1qk8tga2l.wav,hapana,data/raw/id_0sc1qk8tga2l.wav,4.8,16000,1,val
id_wz30p6o753i7.wav,saba,data/raw/id_wz30p6o753i7.wav,3.52,16000,1,train
id_062gn6is0bgm.wav,ndio,data/raw/id_062gn6is0bgm.wav,5.44,16000,1,val
id_5q3z2xkj477p.wav,tatu,data/raw/id_5q3z2xkj477p.wav,2.88,16000,1,train
id_3cti04x488z7.wav,kumi,data/raw/id_3cti04x488z7.wav,4.08,16000,1,train
id_6mvkne8ydfso.wav,sita,data/raw/id_6mvkne8ydfso.wav,3.84,16000,1,train
id_8qybemrkfb39.wav,sita,data/raw/id_8qybemrkfb39.wav,4.224,16000,1,train
id_7pgrxoubihpi.wav,kumi,data/raw/id_7pgrxoubihpi.wav,3.6,16000,1,train
id_ioa8q5xzq8yr.wav,tatu,data/raw/id_ioa8q5xzq8yr.wav,5.76,16000,1,train
id_tyiiy8q1d9n7.wav,tano,data/raw/id_tyiiy8q1d9n7.wav,3.92,16000,1,train
id_aajovqblv7ov.wav,tatu,data/raw/id_aajovqblv7ov.wav,3.28,16000,1,train
id_woulyphxdxnb.wav,tano,data/raw/id_woulyphxdxnb.wav,8.8,16000,1,train
id_r3gbwz4mxiy9.wav,tatu,data/raw/id_r3gbwz4mxiy9.wav,4.8,16000,1,val
id_w4gf0et7lk6i.wav,tano,data/raw/id_w4gf0et7lk6i.wav,3.92,16000,1,train
id_vzp0ch3apdyg.wav,ndio,data/raw/id_vzp0ch3apdyg.wav,3.68,16000,1,test
id_j6dlsx3s0fuv.wav,ndio,data/raw/id_j6dlsx3s0fuv.wav,4.096,16000,1,train
id_eiwivdxt39jd.wav,kumi,data/raw/id_eiwivdxt39jd.wav,4.08,16000,1,val
id_de058dza34vu.wav,hapana,data/raw/id_de058dza34vu.wav,5.6,16000,1,train
id_iga1q821bc23.wav,hapana,data/raw/id_iga1q821bc23.wav,3.44,16000,1,train
id_l1k9bpnin5bx.wav,nane,data/raw/id_l1k9bpnin5bx.wav,3.712,16000,1,train
id_tksk8vjw5ck7.wav,moja,data/raw/id_tksk8vjw5ck7.wav,4.16,16000,1,train
id_lojj33t5aqfj.wav,ndio,data/raw/id_lojj33t5aqfj.wav,5.36,16000,1,train
id_pmh3psmwcjap.wav,tatu,data/raw/id_pmh3psmwcjap.wav,3.44,16000,1,train
id_tronykwa6e8o.wav,ndio,data/raw/id_tronykwa6e8o.wav,4.32,16000,1,train
id_v9qot8npf1hr.wav,nne,data/raw/id_v9qot8npf1hr.wav,3.84,16000,1,train
id_2d1mvwyf8xow.wav,tisa,data/raw/id_2d1mvwyf8xow.wav,4.16,16000,1,train
id_i517xze5v36a.wav,mbili,data/raw/id_i517xze5v36a.wav,5.92,16000,1,train
id_qf5k58s3z7z1.wav,sita,data/raw/id_qf5k58s3z7z1.wav,6.64,16000,1,train
id_8sckzrnw2ti8.wav,sita,data/raw/id_8sckzrnw2ti8.wav,4.0,16000,1,train
id_gzvbct8ttp7j.wav,nane,data/raw/id_gzvbct8ttp7j.wav,5.12,16000,1,train
id_mq9a0kmgtec9.wav,tano,data/raw/id_mq9a0kmgtec9.wav,3.92,16000,1,val
id_zpxa3uuoe0q7.wav,tisa,data/raw/id_zpxa3uuoe0q7.wav,4.24,16000,1,val
id_o8x2ahsyfcuf.wav,tano,data/raw/id_o8x2ahsyfcuf.wav,3.6,16000,1,train
id_dav1mwm5d382.wav,tano,data/raw/id_dav1mwm5d382.wav,3.6,16000,1,train
id_lmhc9qnp4llj.wav,nne,data/raw/id_lmhc9qnp4llj.wav,3.84,16000,1,train
id_5nmq6jrdza4q.wav,ndio,data/raw/id_5nmq6jrdza4q.wav,4.56,16000,1,train
id_jjsm4qee2ezh.wav,mbili,data/raw/id_jjsm4qee2ezh.wav,6.48,16000,1,train
id_ztpo6dwg14eh.wav,nne,data/raw/id_ztpo6dwg14eh.wav,8.64,16000,1,val
id_zrlwcbfl34lw.wav,moja,data/raw/id_zrlwcbfl34lw.wav,4.096,16000,1,train
id_2h75a3mrb5or.wav,kumi,data/raw/id_2h75a3mrb5or.wav,4.32,16000,1,test
id_ttj5w6fexn5b.wav,mbili,data/raw/id_ttj5w6fexn5b.wav,2.96,16000,1,test
id_eg6vi7f9vtf1.wav,tisa,data/raw/id_eg6vi7f9vtf1.wav,4.0,16000,1,train
id_s5r59no9yftr.wav,hapana,data/raw/id_s5r59no9yftr.wav,8.0,16000,1,train
id_pe8lfzdp0dk7.wav,tano,data/raw/id_pe8lfzdp0dk7.wav,3.76,16000,1,train
id_n90fd25mjqek.wav,tano,data/raw/id_n90fd25mjqek.wav,3.76,16000,1,train
id_7gx407a3mpya.wav,tano,data/raw/id_7gx407a3mpya.wav,3.52,16000,1,train
id_tcn0lf1ijnx3.wav,ndio,data/raw/id_tcn0lf1ijnx3.wav,3.28,16000,1,train
id_446q4vr9uf8y.wav,moja,data/raw/id_446q4vr9uf8y.wav,3.6,16000,1,train
id_uzfvl2gmux6m.wav,kumi,data/raw/id_uzfvl2gmux6m.wav,6.24,16000,1,train
id_hkl85cetvgaw.wav,sita,data/raw/id_hkl85cetvgaw.wav,3.84,16000,1,train
id_rc8tc3vr3528.wav,moja,data/raw/id_rc8tc3vr3528.wav,4.16,16000,1,val
id_ahn6oa0gxis5.wav,mbili,data/raw/id_ahn6oa0gxis5.wav,5.84,16000,1,train
id_ib12s0icx5qz.wav,sita,data/raw/id_ib12s0icx5qz.wav,4.24,16000,1,train
id_7ig3h67336nd.wav,nane,data/raw/id_7ig3h67336nd.wav,5.04,16000,1,test
id_8optasrl7z39.wav,hapana,data/raw/id_8optasrl7z39.wav,5.44,16000,1,train
id_vnjvy9n91hiz.wav,nane,data/raw/id_vnjvy9n91hiz.wav,3.6,16000,1,train
id_wdur6ms13l3m.wav,kumi,data/raw/id_wdur6ms13l3m.wav,11.36,16000,1,train
id_0adsbalxnhp2.wav,mbili,data/raw/id_0adsbalxnhp2.wav,4.0,16000,1,train
id_f1qgh3chi7it.wav,tisa,data/raw/id_f1qgh3chi7it.wav,4.8,16000,1,train
id_pm8pa4ahiyn4.wav,tano,data/raw/id_pm8pa4ahiyn4.wav,4.8,16000,1,val
id_05s8qatxqcps.wav,hapana,data/raw/id_05s8qatxqcps.wav,4.0,16000,1,train
id_22ohnk9xo0g3.wav,moja,data/raw/id_22ohnk9xo0g3.wav,7.76,16000,1,test
id_sbg70bwgksqu.wav,nne,data/raw/id_sbg70bwgksqu.wav,4.4,16000,1,train
id_by5huzlml318.wav,tisa,data/raw/id_by5huzlml318.wav,3.28,16000,1,train
id_p88p5a1vhzl2.wav,tatu,data/raw/id_p88p5a1vhzl2.wav,8.72,16000,1,train
id_f4gac30b2c1e.wav,ndio,data/raw/id_f4gac30b2c1e.wav,3.84,16000,1,test
id_e6ry5490ucu6.wav,kumi,data/raw/id_e6ry5490ucu6.wav,4.4,16000,1,train
id_nv9tg427jl4g.wav,saba,data/raw/id_nv9tg427jl4g.wav,4.8,16000,1,val
id_axp3m6ck0zn2.wav,sita,data/raw/id_axp3m6ck0zn2.wav,4.72,16000,1,train
id_nvb8mk8mypcr.wav,mbili,data/raw/id_nvb8mk8mypcr.wav,5.12,16000,1,test
id_azb266350h50.wav,ndio,data/raw/id_azb266350h50.wav,4.736,16000,1,val
id_xqe1nqa1t4ip.wav,sita,data/raw/id_xqe1nqa1t4ip.wav,6.48,16000,1,test
id_tp5t6eljpix9.wav,kumi,data/raw/id_tp5t6eljpix9.wav,3.12,16000,1,train
id_ewep8eeci0t3.wav,hapana,data/raw/id_ewep8eeci0t3.wav,5.44,16000,1,train
id_2dx8ncgek1m4.wav,hapana,data/raw/id_2dx8ncgek1m4.wav,3.68,16000,1,train
id_3nr04cfzog15.wav,tano,data/raw/id_3nr04cfzog15.wav,6.24,16000,1,train
id_awz3j52c0na0.wav,nane,data/raw/id_awz3j52c0na0.wav,3.12,16000,1,train
id_0nimuyan9reo.wav,tatu,data/raw/id_0nimuyan9reo.wav,3.68,16000,1,train
id_phhtvhnpqizc.wav,ndio,data/raw/id_phhtvhnpqizc.wav,5.92,16000,1,train
id_gwbhk86pkqgl.wav,tisa,data/raw/id_gwbhk86pkqgl.wav,4.0,16000,1,train
id_07mte6awbnfq.wav,mbili,data/raw/id_07mte6awbnfq.wav,8.4,16000,1,val
id_gxock9bcfzkc.wav,kumi,data/raw/id_gxock9bcfzkc.wav,3.456,16000,1,val
id_31m0c8tnocr2.wav,sita,data/raw/id_31m0c8tnocr2.wav,3.6,16000,1,train
id_hdaboo3yau2i.wav,moja,data/raw/id_hdaboo3yau2i.wav,3.28,16000,1,train
id_f3we2hleis4b.wav,kumi,data/raw/id_f3we2hleis4b.wav,4.0,16000,1,val
id_4nf1wq74g81b.wav,moja,data/raw/id_4nf1wq74g81b.wav,3.52,16000,1,test
id_bcerjjn64bw8.wav,nane,data/raw/id_bcerjjn64bw8.wav,3.84,16000,1,train
id_pvr6tmkoohxv.wav,kumi,data/raw/id_pvr6tmkoohxv.wav,3.12,16000,1,train
id_uwkm64jhtagn.wav,moja,data/raw/id_uwkm64jhtagn.wav,5.04,16000,1,train
id_w2mhvbd2mwjm.wav,tano,data/raw/id_w2mhvbd2mwjm.wav,3.52,16000,1,train
id_0lurju3a5cuo.wav,saba,data/raw/id_0lurju3a5cuo.wav,3.84,16000,1,train
id_6d1mgmzblv9z.wav,ndio,data/raw/id_6d1mgmzblv9z.wav,3.44,16000,1,train
id_0laj56mgm5h3.wav,nane,data/raw/id_0laj56mgm5h3.wav,4.24,16000,1,val
id_7h0407ve2v0a.wav,nane,data/raw/id_7h0407ve2v0a.wav,5.68,16000,1,train
id_hsjtbtlmkl8i.wav,hapana,data/raw/id_hsjtbtlmkl8i.wav,4.864,16000,1,test
id_82g2uy3pal3a.wav,tisa,data/raw/id_82g2uy3pal3a.wav,4.56,16000,1,train
id_9sw4vjd4i5pf.wav,moja,data/raw/id_9sw4vjd4i5pf.wav,5.6,16000,1,train
id_m0bfpb44o6k8.wav,tatu,data/raw/id_m0bfpb44o6k8.wav,27.6,16000,1,test
id_dmfx7cnlbfiu.wav,nne,data/raw/id_dmfx7cnlbfiu.wav,3.584,16000,1,train
id_zioknmlje2mb.wav,tisa,data/raw/id_zioknmlje2mb.wav,3.92,16000,1,train
id_cg6ggx3q6c4r.wav,kumi,data/raw/id_cg6ggx3q6c4r.wav,4.8,16000,1,train
id_qnf38q1ang7o.wav,nne,data/raw/id_qnf38q1ang7o.wav,3.04,16000,1,train
id_dpdlnv7d5kkr.wav,tatu,data/raw/id_dpdlnv7d5kkr.wav,4.48,16000,1,test
id_j947u7n424ah.wav,ndio,data/raw/id_j947u7n424ah.wav,8.64,16000,1,train
id_fglh1nuu2fyn.wav,ndio,data/raw/id_fglh1nuu2fyn.wav,6.08,16000,1,val
id_m1om6m3lei2t.wav,sita,data/raw/id_m1om6m3lei2t.wav,4.4,16000,1,train
id_1d72bz0ncmmv.wav,moja,data/raw/id_1d72bz0ncmmv.wav,4.352,16000,1,train
id_svl3tpj5aput.wav,tisa,data/raw/id_svl3tpj5aput.wav,5.632,16000,1,train
id_doaeojk98xc7.wav,nne,data/raw/id_doaeojk98xc7.wav,4.24,16000,1,train
id_sxudkv8dqdto.wav,nne,data/raw/id_sxudkv8dqdto.wav,3.2,16000,1,train
id_2jujmlh69tsv.wav,tisa,data/raw/id_2jujmlh69tsv.wav,4.72,16000,1,train
id_feumcmuoupeh.wav,nne,data/raw/id_feumcmuoupeh.wav,5.6,16000,1,train
id_tewe3iyfhpji.wav,kumi,data/raw/id_tewe3iyfhpji.wav,3.36,16000,1,val
id_af2gwe4yn6x3.wav,nne,data/raw/id_af2gwe4yn6x3.wav,4.08,16000,1,test
id_sowf8poicxap.wav,tisa,data/raw/id_sowf8poicxap.wav,3.52,16000,1,train
id_805zhkhgxqwh.wav,moja,data/raw/id_805zhkhgxqwh.wav,4.0,16000,1,train
id_qa3bdn0hl4au.wav,tisa,data/raw/id_qa3bdn0hl4au.wav,5.84,16000,1,val
id_yz6kpzaolg5w.wav,nne,data/raw/id_yz6kpzaolg5w.wav,2.8,16000,1,train
id_n3gc4h5v81c2.wav,nane,data/raw/id_n3gc4h5v81c2.wav,3.92,16000,1,train
id_w04b3otq09mg.wav,nne,data/raw/id_w04b3otq09mg.wav,4.32,16000,1,train
id_lmyx3cuoiqzs.wav,moja,data/raw/id_lmyx3cuoiqzs.wav,4.16,16000,1,train
id_6agex7khfq2c.wav,sita,data/raw/id_6agex7khfq2c.wav,3.52,16000,1,train
id_6ybpvd3cf47b.wav,sita,data/raw/id_6ybpvd3cf47b.wav,4.56,16000,1,train
id_8upzf5d6ntze.wav,tatu,data/raw/id_8upzf5d6ntze.wav,3.6,16000,1,train
id_fm130ilt8p1h.wav,tisa,data/raw/id_fm130ilt8p1h.wav,3.28,16000,1,train
id_446qmiipkifh.wav,kumi,data/raw/id_446qmiipkifh.wav,3.44,16000,1,train
id_aljl02x08d0h.wav,tisa,data/raw/id_aljl02x08d0h.wav,3.968,16000,1,train
id_u7734w0wzh4b.wav,tisa,data/raw/id_u7734w0wzh4b.wav,4.24,16000,1,train
id_7smx4xwqrwhy.wav,kumi,data/raw/id_7smx4xwqrwhy.wav,4.8,16000,1,train
id_op9ea23ln0xo.wav,moja,data/raw/id_op9ea23ln0xo.wav,3.68,16000,1,train
id_r9cvrbhzd2hr.wav,ndio,data/raw/id_r9cvrbhzd2hr.wav,4.48,16000,1,train
id_6ir859hvk961.wav,nne,data/raw/id_6ir859hvk961.wav,4.32,16000,1,train
id_59b4wvq3t6e2.wav,hapana,data/raw/id_59b4wvq3t6e2.wav,4.096,16000,1,train
id_zeoywzbp0qbd.wav,nne,data/raw/id_zeoywzbp0qbd.wav,3.92,16000,1,val
id_3j5b8bzzx396.wav,kumi,data/raw/id_3j5b8bzzx396.wav,4.64,16000,1,train
id_ibvuxstppqpx.wav,moja,data/raw/id_ibvuxstppqpx.wav,4.56,16000,1,train
id_yi26mji51g4e.wav,ndio,data/raw/id_yi26mji51g4e.wav,3.76,16000,1,val
id_tjz7d8dtyj7l.wav,ndio,data/raw/id_tjz7d8dtyj7l.wav,3.2,16000,1,train
id_73wydpkv6m6e.wav,mbili,data/raw/id_73wydpkv6m6e.wav,4.56,16000,1,test
id_s6oqpdks8id9.wav,saba,data/raw/id_s6oqpdks8id9.wav,7.2,16000,1,train
id_zcelebrc88yo.wav,tano,data/raw/id_zcelebrc88yo.wav,4.608,16000,1,train
id_utptqjawx3p4.wav,tatu,data/raw/id_utptqjawx3p4.wav,3.6,16000,1,val
id_xxe6pxbh1vih.wav,nane,data/raw/id_xxe6pxbh1vih.wav,3.52,16000,1,train
id_aqoaqk7hcbq1.wav,saba,data/raw/id_aqoaqk7hcbq1.wav,3.84,16000,1,train
id_f8utjemtmc6n.wav,kumi,data/raw/id_f8utjemtmc6n.wav,5.12,16000,1,train
id_zo4qx0w92lr2.wav,ndio,data/raw/id_zo4qx0w92lr2.wav,4.08,16000,1,train
id_et2erv26gg2g.wav,kumi,data/raw/id_et2erv26gg2g.wav,4.08,16000,1,train
id_mg98epkgth3k.wav,sita,data/raw/id_mg98epkgth3k.wav,3.92,16000,1,test
id_ur9gma4zt6lt.wav,tatu,data/raw/id_ur9gma4zt6lt.wav,4.24,16000,1,train
id_xzo5lt3ssdpd.wav,hapana,data/raw/id_xzo5lt3ssdpd.wav,4.08,16000,1,train
id_qpcnmbq9dhzw.wav,nane,data/raw/id_qpcnmbq9dhzw.wav,5.12,16000,1,train
id_ad1jndvfsvr4.wav,kumi,data/raw/id_ad1jndvfsvr4.wav,3.36,16000,1,train
id_arnn0mn1gx2s.wav,mbili,data/raw/id_arnn0mn1gx2s.wav,5.92,16000,1,val
id_eiyawykk5f98.wav,moja,data/raw/id_eiyawykk5f98.wav,3.968,16000,1,test
id_s620lduhlt9b.wav,tisa,data/raw/id_s620lduhlt9b.wav,3.12,16000,1,test
id_qaqta9fv7he7.wav,ndio,data/raw/id_qaqta9fv7he7.wav,2.64,16000,1,test
id_dho7rffjkerr.wav,ndio,data/raw/id_dho7rffjkerr.wav,4.096,16000,1,train
id_drm9nxn63d44.wav,nne,data/raw/id_drm9nxn63d44.wav,3.92,16000,1,train
id_vkb3gx764p71.wav,nane,data/raw/id_vkb3gx764p71.wav,3.92,16000,1,train
id_jq3sz5mk031i.wav,tano,data/raw/id_jq3sz5mk031i.wav,10.16,16000,1,train
id_nnz4qlw3ezas.wav,kumi,data/raw/id_nnz4qlw3ezas.wav,4.224,16000,1,train
id_iq28eqmnp014.wav,ndio,data/raw/id_iq28eqmnp014.wav,3.68,16000,1,train
id_hnut1k8m3r8k.wav,tatu,data/raw/id_hnut1k8m3r8k.wav,5.04,16000,1,train
id_gm9uvmjnujze.wav,nne,data/raw/id_gm9uvmjnujze.wav,4.88,16000,1,test
id_f168xgix1zy2.wav,nane,data/raw/id_f168xgix1zy2.wav,3.92,16000,1,train
id_ar27vy5b3pv7.wav,kumi,data/raw/id_ar27vy5b3pv7.wav,3.968,16000,1,train
id_q9z5v56z1fie.wav,ndio,data/raw/id_q9z5v56z1fie.wav,21.248,16000,1,train
id_z8v854nqamwz.wav,nane,data/raw/id_z8v854nqamwz.wav,5.68,16000,1,train
id_rzgxhzd9xcbk.wav,tatu,data/raw/id_rzgxhzd9xcbk.wav,5.2,16000,1,train
id_eyf3qqzixkgf.wav,nane,data/raw/id_eyf3qqzixkgf.wav,5.68,16000,1,test
id_nd7ol0aghiog.wav,tisa,data/raw/id_nd7ol0aghiog.wav,3.68,16000,1,train
id_qeuz75qqdets.wav,tatu,data/raw/id_qeuz75qqdets.wav,4.4,16000,1,test
id_ztxj0zaafvgd.wav,sita,data/raw/id_ztxj0zaafvgd.wav,4.32,16000,1,train
id_w413bdux579q.wav,mbili,data/raw/id_w413bdux579q.wav,11.6,16000,1,val
id_yqedtsvm6rj9.wav,hapana,data/raw/id_yqedtsvm6rj9.wav,4.4,16000,1,train
id_gg9sj8kaq94l.wav,tisa,data/raw/id_gg9sj8kaq94l.wav,3.584,16000,1,train
id_j05smkd4zw3v.wav,moja,data/raw/id_j05smkd4zw3v.wav,4.08,16000,1,train
id_xzn25zledcgv.wav,kumi,data/raw/id_xzn25zledcgv.wav,3.52,16000,1,train
id_2pjmhahynd1v.wav,nne,data/raw/id_2pjmhahynd1v.wav,4.88,16000,1,val
id_sh5mqnmifto1.wav,mbili,data/raw/id_sh5mqnmifto1.wav,4.0,16000,1,val
id_7o1717m49s67.wav,nne,data/raw/id_7o1717m49s67.wav,3.76,16000,1,train
id_i6hk34wzwakn.wav,saba,data/raw/id_i6hk34wzwakn.wav,4.24,16000,1,train
id_gdhnpb9tk6ju.wav,tatu,data/raw/id_gdhnpb9tk6ju.wav,3.76,16000,1,train
id_14q9d3iqj19u.wav,tatu,data/raw/id_14q9d3iqj19u.wav,5.04,16000,1,train
id_qt5v8yhobk5k.wav,mbili,data/raw/id_qt5v8yhobk5k.wav,4.0,16000,1,train
id_73xl9aes0rgo.wav,nne,data/raw/id_73xl9aes0rgo.wav,5.04,16000,1,train
id_bmrbdqm6h5bh.wav,tatu,data/raw/id_bmrbdqm6h5bh.wav,3.84,16000,1,train
id_1zkeysfsoncf.wav,nane,data/raw/id_1zkeysfsoncf.wav,4.4,16000,1,train
id_er9s20bsjg34.wav,sita,data/raw/id_er9s20bsjg34.wav,4.16,16000,1,train
id_nwqnch5368u8.wav,saba,data/raw/id_nwqnch5368u8.wav,4.0,16000,1,train
id_7olo9np5y7lz.wav,tatu,data/raw/id_7olo9np5y7lz.wav,5.36,16000,1,train
id_obdqiyjvp9z6.wav,sita,data/raw/id_obdqiyjvp9z6.wav,5.04,16000,1,train
id_8asieqiabxry.wav,nane,data/raw/id_8asieqiabxry.wav,4.4,16000,1,train
id_y8gf6hywcxak.wav,kumi,data/raw/id_y8gf6hywcxak.wav,4.08,16000,1,test
id_uxrb246okbw1.wav,tisa,data/raw/id_uxrb246okbw1.wav,4.08,16000,1,train
id_4p3iqfi8wcht.wav,sita,data/raw/id_4p3iqfi8wcht.wav,5.2,16000,1,train
id_z757b81ys2hn.wav,saba,data/raw/id_z757b81ys2hn.wav,3.92,16000,1,val
id_93gfc4dud4du.wav,nne,data/raw/id_93gfc4dud4du.wav,4.24,16000,1,train
id_2obi1z15e2mg.wav,moja,data/raw/id_2obi1z15e2mg.wav,5.76,16000,1,train
id_nmityofqhi3n.wav,saba,data/raw/id_nmityofqhi3n.wav,4.24,16000,1,train
id_i2q6ai2gaxag.wav,saba,data/raw/id_i2q6ai2gaxag.wav,3.968,16000,1,train
id_5qae75d6o7u2.wav,kumi,data/raw/id_5qae75d6o7u2.wav,5.632,16000,1,val
id_s7s3e18pyphh.wav,moja,data/raw/id_s7s3e18pyphh.wav,5.12,16000,1,train
id_n82wf8vtu8kx.wav,ndio,data/raw/id_n82wf8vtu8kx.wav,4.32,16000,1,test
id_9ykopnerqn9g.wav,saba,data/raw/id_9ykopnerqn9g.wav,5.28,16000,1,train
id_zsw6dt03c4oy.wav,saba,data/raw/id_zsw6dt03c4oy.wav,4.64,16000,1,train
id_9jdwrw7u14nk.wav,hapana,data/raw/id_9jdwrw7u14nk.wav,3.84,16000,1,test
id_nddoituuhfa8.wav,nane,data/raw/id_nddoituuhfa8.wav,6.0,16000,1,train
id_aq3su88twjv2.wav,moja,data/raw/id_aq3su88twjv2.wav,4.96,16000,1,test
id_4fcclwvlqpyz.wav,tatu,data/raw/id_4fcclwvlqpyz.wav,4.0,16000,1,train
id_5qobln00kf5a.wav,nne,data/raw/id_5qobln00kf5a.wav,4.4,16000,1,train
id_7suuhahiad8e.wav,ndio,data/raw/id_7suuhahiad8e.wav,3.92,16000,1,train
id_74k4b2h66tms.wav,saba,data/raw/id_74k4b2h66tms.wav,29.312,16000,1,train
id_5bv65bcd3vce.wav,sita,data/raw/id_5bv65bcd3vce.wav,4.08,16000,1,train
id_bfxbq3aimwfz.wav,tisa,data/raw/id_bfxbq3aimwfz.wav,4.8,16000,1,val
id_cvlpyf4xfmkz.wav,tatu,data/raw/id_cvlpyf4xfmkz.wav,5.28,16000,1,val
id_yhkxoqnz30la.wav,hapana,data/raw/id_yhkxoqnz30la.wav,3.52,16000,1,train
id_8h1l8z3z7qwl.wav,nne,data/raw/id_8h1l8z3z7qwl.wav,3.04,16000,1,test
id_dur7cf37zndn.wav,kumi,data/raw/id_dur7cf37zndn.wav,5.84,16000,1,val
id_jx7mbvyds5pm.wav,tano,data/raw/id_jx7mbvyds5pm.wav,4.16,16000,1,train
id_eut4z56gc6ag.wav,moja,data/raw/id_eut4z56gc6ag.wav,6.016,16000,1,train
id_ozmcxe61xnj2.wav,ndio,data/raw/id_ozmcxe61xnj2.wav,4.08,16000,1,train
id_9iwvkd6s7kw4.wav,kumi,data/raw/id_9iwvkd6s7kw4.wav,3.36,16000,1,train
id_0fe9plcr81qy.wav,ndio,data/raw/id_0fe9plcr81qy.wav,6.24,16000,1,train
id_rop08ud9jqo9.wav,tano,data/raw/id_rop08ud9jqo9.wav,3.84,16000,1,train
id_9wy5h07fvdfr.wav,sita,data/raw/id_9wy5h07fvdfr.wav,5.248,16000,1,train
id_p2xfdx15n1uu.wav,sita,data/raw/id_p2xfdx15n1uu.wav,3.76,16000,1,train
id_ydisvxf627g5.wav,tatu,data/raw/id_ydisvxf627g5.wav,4.24,16000,1,train
id_bs8swae5544j.wav,mbili,data/raw/id_bs8swae5544j.wav,4.56,16000,1,train
id_zrexdynyesaw.wav,moja,data/raw/id_zrexdynyesaw.wav,6.48,16000,1,train
id_jeqrmutlsp2d.wav,sita,data/raw/id_jeqrmutlsp2d.wav,4.16,16000,1,val
id_pknnbdgqhze7.wav,moja,data/raw/id_pknnbdgqhze7.wav,5.2,16000,1,val
id_79tto8fjfwiw.wav,sita,data/raw/id_79tto8fjfwiw.wav,5.68,16000,1,train
id_t1tahbt23m9y.wav,sita,data/raw/id_t1tahbt23m9y.wav,5.2,16000,1,val
id_oe2wu2kfrp9p.wav,saba,data/raw/id_oe2wu2kfrp9p.wav,4.96,16000,1,train
id_v6bdbupic4sa.wav,ndio,data/raw/id_v6bdbupic4sa.wav,4.24,16000,1,train
id_o3j2z464q2rj.wav,tisa,data/raw/id_o3j2z464q2rj.wav,4.0,16000,1,train
id_shwwu8vp7frb.wav,moja,data/raw/id_shwwu8vp7frb.wav,5.04,16000,1,test
id_r6mmzdb838cr.wav,sita,data/raw/id_r6mmzdb838cr.wav,3.6,16000,1,train
id_klpvhcq4438c.wav,sita,data/raw/id_klpvhcq4438c.wav,4.32,16000,1,train
id_xgskggjqxeiv.wav,nane,data/raw/id_xgskggjqxeiv.wav,5.76,16000,1,train
id_4sxj37cp6d9k.wav,tisa,data/raw/id_4sxj37cp6d9k.wav,4.08,16000,1,train
id_hgbtddej63bs.wav,tisa,data/raw/id_hgbtddej63bs.wav,4.72,16000,1,train
id_r3od1ae1xnyw.wav,tano,data/raw/id_r3od1ae1xnyw.wav,3.36,16000,1,train
id_av016vr7g5uv.wav,tano,data/raw/id_av016vr7g5uv.wav,4.8,16000,1,train
id_zvdz9ufh315s.wav,moja,data/raw/id_zvdz9ufh315s.wav,3.6,16000,1,train
id_iy9zvv7c5y1i.wav,mbili,data/raw/id_iy9zvv7c5y1i.wav,3.12,16000,1,train
id_70ngul6vqxa7.wav,tatu,data/raw/id_70ngul6vqxa7.wav,4.96,16000,1,train
id_72cxuos1ylzd.wav,tisa,data/raw/id_72cxuos1ylzd.wav,4.64,16000,1,train
id_jcyyd4s6alr0.wav,moja,data/raw/id_jcyyd4s6alr0.wav,5.04,16000,1,train
id_5uzv1t5kzjj0.wav,tatu,data/raw/id_5uzv1t5kzjj0.wav,4.64,16000,1,train
id_wur5nytz4isg.wav,mbili,data/raw/id_wur5nytz4isg.wav,4.88,16000,1,train
id_cry6i22xj446.wav,kumi,data/raw/id_cry6i22xj446.wav,4.64,16000,1,train
id_eg9vfufq94wk.wav,sita,data/raw/id_eg9vfufq94wk.wav,3.92,16000,1,train
id_5zk0h58qb0w5.wav,tisa,data/raw/id_5zk0h58qb0w5.wav,4.0,16000,1,val
id_1unj4avbv0ne.wav,mbili,data/raw/id_1unj4avbv0ne.wav,3.712,16000,1,train
id_uz00xnxw7m7u.wav,nane,data/raw/id_uz00xnxw7m7u.wav,3.52,16000,1,train
id_vof3tq73pgg0.wav,moja,data/raw/id_vof3tq73pgg0.wav,4.224,16000,1,train
id_3jntpjwyvqqr.wav,nane,data/raw/id_3jntpjwyvqqr.wav,3.28,16000,1,train
id_2m2wykzx3w81.wav,hapana,data/raw/id_2m2wykzx3w81.wav,3.968,16000,1,train
id_l7m79e7ros1t.wav,nne,data/raw/id_l7m79e7ros1t.wav,4.8,16000,1,train
id_xhbm0qskmrt6.wav,saba,data/raw/id_xhbm0qskmrt6.wav,4.08,16000,1,train
id_takq9h1rg4m3.wav,hapana,data/raw/id_takq9h1rg4m3.wav,5.28,16000,1,train
id_mw6ql4k57p8o.wav,moja,data/raw/id_mw6ql4k57p8o.wav,3.84,16000,1,train
id_60knjn5xr2a8.wav,ndio,data/raw/id_60knjn5xr2a8.wav,3.84,16000,1,train
id_9ygxihr3rr5d.wav,ndio,data/raw/id_9ygxihr3rr5d.wav,4.08,16000,1,val
id_utt2b48vsamg.wav,kumi,data/raw/id_utt2b48vsamg.wav,4.88,16000,1,train
id_usvqedq3aguw.wav,ndio,data/raw/id_usvqedq3aguw.wav,4.48,16000,1,train
id_amitsets343k.wav,kumi,data/raw/id_amitsets343k.wav,3.76,16000,1,val
id_onw3vqsg4s7v.wav,saba,data/raw/id_onw3vqsg4s7v.wav,4.864,16000,1,train
id_2wcr47rru7uf.wav,nane,data/raw/id_2wcr47rru7uf.wav,5.44,16000,1,train
id_o6p3t1s8iyci.wav,tisa,data/raw/id_o6p3t1s8iyci.wav,3.68,16000,1,test
id_je2xwkn85diw.wav,nne,data/raw/id_je2xwkn85diw.wav,3.84,16000,1,train
id_817eba49vneb.wav,saba,data/raw/id_817eba49vneb.wav,3.76,16000,1,train
id_ngq0ou23j8ft.wav,hapana,data/raw/id_ngq0ou23j8ft.wav,5.28,16000,1,train
id_amvqo5ytdzmu.wav,ndio,data/raw/id_amvqo5ytdzmu.wav,4.64,16000,1,train
id_rep7e46betbe.wav,tatu,data/raw/id_rep7e46betbe.wav,4.0,16000,1,test
id_p2km4ezp0ff5.wav,kumi,data/raw/id_p2km4ezp0ff5.wav,3.76,16000,1,train
id_c05et01nrbao.wav,tano,data/raw/id_c05et01nrbao.wav,2.72,16000,1,train
id_is255lu48czn.wav,sita,data/raw/id_is255lu48czn.wav,4.08,16000,1,val
id_yx7tuduyno4e.wav,sita,data/raw/id_yx7tuduyno4e.wav,3.84,16000,1,train
id_laun2ypbxy0j.wav,mbili,data/raw/id_laun2ypbxy0j.wav,3.12,16000,1,val
id_3b3j18291km9.wav,nne,data/raw/id_3b3j18291km9.wav,3.52,16000,1,train
id_bwwe7ohdws5y.wav,tatu,data/raw/id_bwwe7ohdws5y.wav,3.44,16000,1,val
id_4bsednm7vyyc.wav,tatu,data/raw/id_4bsednm7vyyc.wav,3.84,16000,1,test
id_vki2p0v3j0de.wav,tano,data/raw/id_vki2p0v3j0de.wav,3.68,16000,1,train
id_pdhx7cy4tkq8.wav,tisa,data/raw/id_pdhx7cy4tkq8.wav,6.48,16000,1,train
id_mgqgelnc8oot.wav,nane,data/raw/id_mgqgelnc8oot.wav,4.16,16000,1,train
id_ud00lfsbo78q.wav,tano,data/raw/id_ud00lfsbo78q.wav,5.2,16000,1,train
id_s1vdv2k7pzec.wav,moja,data/raw/id_s1vdv2k7pzec.wav,4.96,16000,1,train
id_366jn9zuf9wt.wav,sita,data/raw/id_366jn9zuf9wt.wav,4.24,16000,1,test
id_dcweohgz4tsu.wav,mbili,data/raw/id_dcweohgz4tsu.wav,4.96,16000,1,val
id_090vpkdgsp0f.wav,ndio,data/raw/id_090vpkdgsp0f.wav,4.24,16000,1,val
id_4fvyo4mgaymm.wav,ndio,data/raw/id_4fvyo4mgaymm.wav,3.2,16000,1,train
id_2czf5hv3j4tp.wav,saba,data/raw/id_2czf5hv3j4tp.wav,4.56,16000,1,test
id_kw8c7duv0sdz.wav,mbili,data/raw/id_kw8c7duv0sdz.wav,3.68,16000,1,train
id_9w77hksiehjz.wav,ndio,data/raw/id_9w77hksiehjz.wav,4.0,16000,1,train
id_vgwwhudzd01w.wav,mbili,data/raw/id_vgwwhudzd01w.wav,15.2,16000,1,train
id_270kprqoz1lj.wav,moja,data/raw/id_270kprqoz1lj.wav,4.64,16000,1,train
id_ldzwm2lmjvse.wav,saba,data/raw/id_ldzwm2lmjvse.wav,4.16,16000,1,train
id_qf11ibv0958n.wav,ndio,data/raw/id_qf11ibv0958n.wav,4.0,16000,1,train
id_dl262g0r5749.wav,nne,data/raw/id_dl262g0r5749.wav,3.76,16000,1,train
id_m233xnl43q7r.wav,nne,data/raw/id_m233xnl43q7r.wav,5.2,16000,1,val
id_20w1gxv3xqja.wav,tano,data/raw/id_20w1gxv3xqja.wav,5.28,16000,1,test
id_ot22qlncnhwo.wav,moja,data/raw/id_ot22qlncnhwo.wav,5.04,16000,1,train
id_rv0i5b0oeaa0.wav,saba,data/raw/id_rv0i5b0oeaa0.wav,5.248,16000,1,train
id_d7htnheuy6wn.wav,mbili,data/raw/id_d7htnheuy6wn.wav,6.4,16000,1,train
id_5z6efqnnbbhu.wav,tano,data/raw/id_5z6efqnnbbhu.wav,4.08,16000,1,train
id_ayzmscol0z5b.wav,sita,data/raw/id_ayzmscol0z5b.wav,3.92,16000,1,test
id_oyq0w4nbmji0.wav,mbili,data/raw/id_oyq0w4nbmji0.wav,8.8,16000,1,val
id_w4zko8isocu7.wav,saba,data/raw/id_w4zko8isocu7.wav,3.68,16000,1,train
id_q3nrqe7jhjyx.wav,sita,data/raw/id_q3nrqe7jhjyx.wav,5.04,16000,1,train
id_8m9ssztkpcbg.wav,nane,data/raw/id_8m9ssztkpcbg.wav,5.36,16000,1,train
id_aso285bikqia.wav,tano,data/raw/id_aso285bikqia.wav,4.8,16000,1,val
id_lrhr1fp5ydpv.wav,nne,data/raw/id_lrhr1fp5ydpv.wav,4.08,16000,1,test
id_kaabt8e76zlw.wav,nane,data/raw/id_kaabt8e76zlw.wav,7.44,16000,1,train
id_3c9v5jm1hmmz.wav,tano,data/raw/id_3c9v5jm1hmmz.wav,4.4,16000,1,val
id_nbj3n0sfq3qz.wav,kumi,data/raw/id_nbj3n0sfq3qz.wav,3.28,16000,1,train
id_t60tbp75oczg.wav,saba,data/raw/id_t60tbp75oczg.wav,4.224,16000,1,train
id_zg5r8d3w0vls.wav,tano,data/raw/id_zg5r8d3w0vls.wav,4.16,16000,1,train
id_6szv219ilrvt.wav,mbili,data/raw/id_6szv219ilrvt.wav,6.16,16000,1,test
id_4kl16xjhh58q.wav,nane,data/raw/id_4kl16xjhh58q.wav,4.16,16000,1,val
id_1kwmypt6w7ns.wav,nane,data/raw/id_1kwmypt6w7ns.wav,5.52,16000,1,val
id_1c4o14emghy8.wav,ndio,data/raw/id_1c4o14emghy8.wav,3.76,16000,1,test
id_vmpcaxq1yoic.wav,nane,data/raw/id_vmpcaxq1yoic.wav,4.96,16000,1,train
id_viqggpkqt62k.wav,kumi,data/raw/id_viqggpkqt62k.wav,4.0,16000,1,train
id_f67d7ky8vysb.wav,hapana,data/raw/id_f67d7ky8vysb.wav,4.24,16000,1,train
id_5sxyk63i99cb.wav,nne,data/raw/id_5sxyk63i99cb.wav,4.72,16000,1,train
id_xzw7r82igr3e.wav,mbili,data/raw/id_xzw7r82igr3e.wav,3.28,16000,1,train
id_qkobkik9qrzq.wav,sita,data/raw/id_qkobkik9qrzq.wav,4.64,16000,1,val
id_rpmuer21zuyy.wav,kumi,data/raw/id_rpmuer21zuyy.wav,3.68,16000,1,train
id_clwxz0b9t8z7.wav,kumi,data/raw/id_clwxz0b9t8z7.wav,4.608,16000,1,train
id_sgz8eoa01u5d.wav,ndio,data/raw/id_sgz8eoa01u5d.wav,5.12,16000,1,train
id_10hv6wfhhz7g.wav,saba,data/raw/id_10hv6wfhhz7g.wav,4.88,16000,1,train
id_uvbdgvnau6er.wav,mbili,data/raw/id_uvbdgvnau6er.wav,3.04,16000,1,train
id_r5qb1ao6cpzb.wav,nane,data/raw/id_r5qb1ao6cpzb.wav,3.12,16000,1,train
id_ltunajhgq8zt.wav,hapana,data/raw/id_ltunajhgq8zt.wav,4.8,16000,1,train
id_6ljcok2j07f9.wav,nane,data/raw/id_6ljcok2j07f9.wav,4.96,16000,1,train
id_rbqadbp0fib2.wav,hapana,data/raw/id_rbqadbp0fib2.wav,5.2,16000,1,train
id_lq7llv1kte96.wav,saba,data/raw/id_lq7llv1kte96.wav,4.08,16000,1,test
id_3oeoe9r3pign.wav,mbili,data/raw/id_3oeoe9r3pign.wav,4.16,16000,1,train
id_x9snls0muxkh.wav,mbili,data/raw/id_x9snls0muxkh.wav,3.92,16000,1,test
id_rfx4zspwabnx.wav,sita,data/raw/id_rfx4zspwabnx.wav,6.08,16000,1,train
id_bhrr2rp2xep9.wav,kumi,data/raw/id_bhrr2rp2xep9.wav,5.84,16000,1,val
id_uiqhmh1pv8ik.wav,nne,data/raw/id_uiqhmh1pv8ik.wav,4.56,16000,1,val
id_01dntd19l4a8.wav,mbili,data/raw/id_01dntd19l4a8.wav,4.4,16000,1,train
id_ad7rmxekezzf.wav,tatu,data/raw/id_ad7rmxekezzf.wav,5.44,16000,1,test
id_ese5dxdwrtgt.wav,tano,data/raw/id_ese5dxdwrtgt.wav,4.992,16000,1,train
id_toljkyjcpo2g.wav,nane,data/raw/id_toljkyjcpo2g.wav,62.08,16000,1,val
id_eblpil4i4i9w.wav,hapana,data/raw/id_eblpil4i4i9w.wav,3.92,16000,1,train
id_pmwpmx9po412.wav,hapana,data/raw/id_pmwpmx9po412.wav,5.12,16000,1,train
id_6olx5am2ffs1.wav,tano,data/raw/id_6olx5am2ffs1.wav,5.52,16000,1,train
id_xtq1g3odwkzy.wav,tatu,data/raw/id_xtq1g3odwkzy.wav,5.04,16000,1,train
id_avbc4jwxzbg6.wav,tano,data/raw/id_avbc4jwxzbg6.wav,4.96,16000,1,train
id_rur4dgxmrs5t.wav,moja,data/raw/id_rur4dgxmrs5t.wav,3.44,16000,1,val
id_7yuqcx130wjr.wav,mbili,data/raw/id_7yuqcx130wjr.wav,4.88,16000,1,train
id_bk2j015i7zk5.wav,mbili,data/raw/id_bk2j015i7zk5.wav,4.0,16000,1,test
id_wislj4l55j9k.wav,nne,data/raw/id_wislj4l55j9k.wav,4.32,16000,1,train
id_1dkpnb2vcbs7.wav,kumi,data/raw/id_1dkpnb2vcbs7.wav,4.8,16000,1,train
id_9m5ry98g89tz.wav,tano,data/raw/id_9m5ry98g89tz.wav,7.68,16000,1,train
id_q25kg7tdgd6h.wav,tano,data/raw/id_q25kg7tdgd6h.wav,4.608,16000,1,val
id_bc9iiin52t2o.wav,hapana,data/raw/id_bc9iiin52t2o.wav,6.0,16000,1,train
id_imrgicntbqbr.wav,moja,data/raw/id_imrgicntbqbr.wav,4.4,16000,1,train
id_forg8nanb628.wav,tatu,data/raw/id_forg8nanb628.wav,3.968,16000,1,train
id_uxsbxn4r0kl6.wav,ndio,data/raw/id_uxsbxn4r0kl6.wav,4.32,16000,1,test
id_osuw83d5ud1r.wav,saba,data/raw/id_osuw83d5ud1r.wav,7.92,16000,1,train
id_ore1uncoocjo.wav,mbili,data/raw/id_ore1uncoocjo.wav,3.92,16000,1,train
id_o8mcyt7x8r91.wav,tisa,data/raw/id_o8mcyt7x8r91.wav,3.84,16000,1,train
id_1la687f3j5p3.wav,mbili,data/raw/id_1la687f3j5p3.wav,5.2,16000,1,train
id_r1icin2t52qx.wav,tano,data/raw/id_r1icin2t52qx.wav,3.76,16000,1,test
id_c3g4ixlgnh1o.wav,tatu,data/raw/id_c3g4ixlgnh1o.wav,4.32,16000,1,train
id_uj7x4wwjcoe5.wav,saba,data/raw/id_uj7x4wwjcoe5.wav,5.12,16000,1,train
id_jm6h8gqin33x.wav,saba,data/raw/id_jm6h8gqin33x.wav,4.88,16000,1,test
id_svoeowfdue9c.wav,sita,data/raw/id_svoeowfdue9c.wav,3.76,16000,1,train
id_kvz6uqgtts23.wav,ndio,data/raw/id_kvz6uqgtts23.wav,4.8,16000,1,train
id_2e06s8yxz1m4.wav,hapana,data/raw/id_2e06s8yxz1m4.wav,5.36,16000,1,val
id_cypyyrqecb2l.wav,sita,data/raw/id_cypyyrqecb2l.wav,4.64,16000,1,train
id_ea5gvr56h0f2.wav,saba,data/raw/id_ea5gvr56h0f2.wav,3.12,16000,1,val
id_rwqgevnobrkc.wav,kumi,data/raw/id_rwqgevnobrkc.wav,3.2,16000,1,test
id_9fmy0zlgbxz4.wav,nne,data/raw/id_9fmy0zlgbxz4.wav,5.44,16000,1,train
id_2nt530osmnqz.wav,sita,data/raw/id_2nt530osmnqz.wav,4.72,16000,1,train
id_7ojfk3y12tai.wav,saba,data/raw/id_7ojfk3y12tai.wav,3.36,16000,1,train
id_ybx36jct7wpm.wav,hapana,data/raw/id_ybx36jct7wpm.wav,5.12,16000,1,test
id_ynit7cd7f4jp.wav,saba,data/raw/id_ynit7cd7f4jp.wav,4.48,16000,1,test
id_aama005456q2.wav,tisa,data/raw/id_aama005456q2.wav,3.84,16000,1,train
id_rsvwrgx6lcb6.wav,moja,data/raw/id_rsvwrgx6lcb6.wav,4.32,16000,1,train
id_2vg8lm55j7j2.wav,hapana,data/raw/id_2vg8lm55j7j2.wav,4.56,16000,1,val
id_uuqtoy55wqx6.wav,saba,data/raw/id_uuqtoy55wqx6.wav,4.4,16000,1,train
id_7uvhcgxl4sx6.wav,ndio,data/raw/id_7uvhcgxl4sx6.wav,5.2,16000,1,train
id_jtznh406l2zi.wav,sita,data/raw/id_jtznh406l2zi.wav,5.84,16000,1,train
id_20ky0ddmrc3g.wav,tano,data/raw/id_20ky0ddmrc3g.wav,5.04,16000,1,train
id_edwy74cljdl3.wav,kumi,data/raw/id_edwy74cljdl3.wav,6.24,16000,1,train
id_tzzh4jowrytj.wav,nane,data/raw/id_tzzh4jowrytj.wav,5.36,16000,1,test
id_2pkkuc9wjxx1.wav,hapana,data/raw/id_2pkkuc9wjxx1.wav,4.16,16000,1,train
id_uxdl7uao2hjz.wav,mbili,data/raw/id_uxdl7uao2hjz.wav,5.6,16000,1,train
id_5rpyp7agr1e3.wav,mbili,data/raw/id_5rpyp7agr1e3.wav,5.12,16000,1,train
id_ku7c3ou8a6cb.wav,sita,data/raw/id_ku7c3ou8a6cb.wav,3.2,16000,1,train
id_v77v4s3ww6nj.wav,sita,data/raw/id_v77v4s3ww6nj.wav,4.4,16000,1,train
id_ez7y2qpd2s03.wav,tisa,data/raw/id_ez7y2qpd2s03.wav,3.84,16000,1,train
id_3f0f1a4qhqfl.wav,nane,data/raw/id_3f0f1a4qhqfl.wav,5.12,16000,1,train
id_n66o1vbwtm4o.wav,tatu,data/raw/id_n66o1vbwtm4o.wav,4.32,16000,1,train
id_f3l2kf7yvqap.wav,nane,data/raw/id_f3l2kf7yvqap.wav,4.0,16000,1,train
id_i4gphn9vcdp7.wav,tatu,data/raw/id_i4gphn9vcdp7.wav,4.72,16000,1,train
id_p4vqooko1k3n.wav,ndio,data/raw/id_p4vqooko1k3n.wav,3.52,16000,1,train
id_4puthqwodn36.wav,sita,data/raw/id_4puthqwodn36.wav,3.04,16000,1,val
id_rdfw0uf5gpdm.wav,nne,data/raw/id_rdfw0uf5gpdm.wav,5.52,16000,1,val
id_a4bpninzsj6m.wav,moja,data/raw/id_a4bpninzsj6m.wav,3.68,16000,1,val
id_0yxi8s4d6f95.wav,ndio,data/raw/id_0yxi8s4d6f95.wav,6.0,16000,1,train
id_i30i9o7kvbrx.wav,mbili,data/raw/id_i30i9o7kvbrx.wav,4.4,16000,1,val
id_ozaso8tnv6l0.wav,nane,data/raw/id_ozaso8tnv6l0.wav,4.56,16000,1,train
id_ktbqzoshl7sa.wav,kumi,data/raw/id_ktbqzoshl7sa.wav,3.92,16000,1,train
id_hga5vgizaq4c.wav,tisa,data/raw/id_hga5vgizaq4c.wav,4.0,16000,1,val
id_zm85qms3zaoi.wav,ndio,data/raw/id_zm85qms3zaoi.wav,3.44,16000,1,train
id_jdftla65eogw.wav,saba,data/raw/id_jdftla65eogw.wav,6.16,16000,1,train
id_i7b3yx89edij.wav,kumi,data/raw/id_i7b3yx89edij.wav,4.992,16000,1,train
id_3a72ey2pydnd.wav,nane,data/raw/id_3a72ey2pydnd.wav,3.44,16000,1,train
id_5rtbes1hrfg0.wav,moja,data/raw/id_5rtbes1hrfg0.wav,3.28,16000,1,train
id_p9rscpr0fzrp.wav,nne,data/raw/id_p9rscpr0fzrp.wav,6.72,16000,1,test
id_w1ynpw586mjj.wav,tatu,data/raw/id_w1ynpw586mjj.wav,4.4,16000,1,train
id_dpvx946ai9sq.wav,nne,data/raw/id_dpvx946ai9sq.wav,4.48,16000,1,train
id_ylweythnc8xi.wav,nne,data/raw/id_ylweythnc8xi.wav,4.0,16000,1,train
id_my8dqwfbjg9d.wav,tatu,data/raw/id_my8dqwfbjg9d.wav,4.32,16000,1,train
id_nkr21kxvq3k9.wav,tisa,data/raw/id_nkr21kxvq3k9.wav,5.36,16000,1,train
id_29euu0fxmw5j.wav,hapana,data/raw/id_29euu0fxmw5j.wav,4.48,16000,1,train
id_omg88ehokpqt.wav,kumi,data/raw/id_omg88ehokpqt.wav,4.096,16000,1,train
id_44ooj502usaq.wav,saba,data/raw/id_44ooj502usaq.wav,4.096,16000,1,test
id_xnqyexcjtczz.wav,saba,data/raw/id_xnqyexcjtczz.wav,4.736,16000,1,train
id_94hkg1n8q9ys.wav,moja,data/raw/id_94hkg1n8q9ys.wav,4.64,16000,1,train
id_0e5aw7q5serg.wav,mbili,data/raw/id_0e5aw7q5serg.wav,4.0,16000,1,train
id_u13r6ir6sbsa.wav,tano,data/raw/id_u13r6ir6sbsa.wav,5.2,16000,1,train
id_pwrz9smho7in.wav,tisa,data/raw/id_pwrz9smho7in.wav,5.12,16000,1,train
id_exincp2hp1hk.wav,nane,data/raw/id_exincp2hp1hk.wav,4.16,16000,1,train
id_8yceuwbm7ack.wav,saba,data/raw/id_8yceuwbm7ack.wav,3.36,16000,1,test
id_se8q270y4mgg.wav,tano,data/raw/id_se8q270y4mgg.wav,5.52,16000,1,train
id_c7dw6shdeixa.wav,hapana,data/raw/id_c7dw6shdeixa.wav,5.28,16000,1,val
id_8zrb8ia2igpr.wav,nne,data/raw/id_8zrb8ia2igpr.wav,4.88,16000,1,val
id_ahq37fnh9yjn.wav,tisa,data/raw/id_ahq37fnh9yjn.wav,3.84,16000,1,train
id_l49pdbqla42b.wav,saba,data/raw/id_l49pdbqla42b.wav,4.32,16000,1,val
id_j9spcvqf7sn2.wav,moja,data/raw/id_j9spcvqf7sn2.wav,5.76,16000,1,train
id_v16begrbsli1.wav,moja,data/raw/id_v16begrbsli1.wav,4.16,16000,1,train
id_31ogk5zt8c4g.wav,sita,data/raw/id_31ogk5zt8c4g.wav,3.36,16000,1,val
id_w68wu2f2zwhq.wav,hapana,data/raw/id_w68wu2f2zwhq.wav,4.0,16000,1,train
id_rrr3gn602kut.wav,ndio,data/raw/id_rrr3gn602kut.wav,3.52,16000,1,train
id_zcv69j7ro6ec.wav,moja,data/raw/id_zcv69j7ro6ec.wav,4.4,16000,1,train
id_gh31vxgncxgs.wav,saba,data/raw/id_gh31vxgncxgs.wav,3.76,16000,1,train
id_1z5um2jl4b7m.wav,sita,data/raw/id_1z5um2jl4b7m.wav,5.28,16000,1,val
id_tyyudt6ey3eq.wav,mbili,data/raw/id_tyyudt6ey3eq.wav,4.4,16000,1,test
id_yavpwcuodpu9.wav,ndio,data/raw/id_yavpwcuodpu9.wav,4.88,16000,1,val
id_p1f54zu5mnga.wav,tano,data/raw/id_p1f54zu5mnga.wav,5.12,16000,1,val
id_50livgpkivvz.wav,tisa,data/raw/id_50livgpkivvz.wav,8.16,16000,1,train
id_3tu6zpdx3yz6.wav,hapana,data/raw/id_3tu6zpdx3yz6.wav,4.48,16000,1,val
id_b0xkuhn8557f.wav,hapana,data/raw/id_b0xkuhn8557f.wav,4.8,16000,1,train
id_gqg3mbipo36l.wav,tano,data/raw/id_gqg3mbipo36l.wav,4.096,16000,1,train
id_z2jwmzxahelm.wav,nne,data/raw/id_z2jwmzxahelm.wav,6.0,16000,1,val
id_1uh1rjrqhoxs.wav,ndio,data/raw/id_1uh1rjrqhoxs.wav,4.08,16000,1,train
id_adnjdi2si5u4.wav,tano,data/raw/id_adnjdi2si5u4.wav,5.44,16000,1,train
id_uy2jhz3invwn.wav,tatu,data/raw/id_uy2jhz3invwn.wav,4.24,16000,1,train
id_43eme1y1ckmj.wav,ndio,data/raw/id_43eme1y1ckmj.wav,4.48,16000,1,val
id_jupqp5k4cw4l.wav,hapana,data/raw/id_jupqp5k4cw4l.wav,4.56,16000,1,train
id_tegnxuaw6ema.wav,nane,data/raw/id_tegnxuaw6ema.wav,5.12,16000,1,train
id_chgafchv9ekb.wav,nne,data/raw/id_chgafchv9ekb.wav,3.52,16000,1,train
id_jns9cgq769x9.wav,saba,data/raw/id_jns9cgq769x9.wav,4.96,16000,1,val
id_xa8hpokihywn.wav,tisa,data/raw/id_xa8hpokihywn.wav,4.352,16000,1,train
id_jj60uf2fle0v.wav,mbili,data/raw/id_jj60uf2fle0v.wav,4.48,16000,1,train
id_unnf244qewjs.wav,mbili,data/raw/id_unnf244qewjs.wav,3.6,16000,1,train
id_2lmkko4tzyvh.wav,mbili,data/raw/id_2lmkko4tzyvh.wav,4.48,16000,1,train
id_4rj5wq4v206t.wav,nane,data/raw/id_4rj5wq4v206t.wav,4.64,16000,1,train
id_mdj6tbx1en27.wav,hapana,data/raw/id_mdj6tbx1en27.wav,6.16,16000,1,train
id_3pdbw37oyxo6.wav,tano,data/raw/id_3pdbw37oyxo6.wav,4.24,16000,1,train
id_byn3xzfnsy3r.wav,kumi,data/raw/id_byn3xzfnsy3r.wav,3.04,16000,1,train
id_f7d6gcq8dacq.wav,tano,data/raw/id_f7d6gcq8dacq.wav,2.8,16000,1,test
id_rt7r2e4s1du0.wav,kumi,data/raw/id_rt7r2e4s1du0.wav,4.16,16000,1,train
id_t07xo591vdto.wav,sita,data/raw/id_t07xo591vdto.wav,4.24,16000,1,test
id_796790yhcbsf.wav,sita,data/raw/id_796790yhcbsf.wav,4.56,16000,1,train
id_aa4rfxdldxt1.wav,tisa,data/raw/id_aa4rfxdldxt1.wav,2.96,16000,1,train
id_jytbvwce369m.wav,mbili,data/raw/id_jytbvwce369m.wav,3.76,16000,1,train
id_5o9h1sfbwou9.wav,tisa,data/raw/id_5o9h1sfbwou9.wav,2.96,16000,1,test
id_t9bpu4nrntbp.wav,ndio,data/raw/id_t9bpu4nrntbp.wav,4.24,16000,1,train
id_izcg725mgo83.wav,moja,data/raw/id_izcg725mgo83.wav,3.84,16000,1,train
id_2n4gx84x0cl8.wav,nane,data/raw/id_2n4gx84x0cl8.wav,3.44,16000,1,val
id_p7ulafpieq3u.wav,nne,data/raw/id_p7ulafpieq3u.wav,3.92,16000,1,train
id_5k085p4a2llq.wav,nane,data/raw/id_5k085p4a2llq.wav,5.6,16000,1,test
id_4kj20r8dgbcl.wav,tisa,data/raw/id_4kj20r8dgbcl.wav,5.44,16000,1,train
id_9myeo60xms76.wav,kumi,data/raw/id_9myeo60xms76.wav,3.44,16000,1,train
id_m4vbzdct7411.wav,mbili,data/raw/id_m4vbzdct7411.wav,3.92,16000,1,train
id_mohxcpritor5.wav,tano,data/raw/id_mohxcpritor5.wav,4.48,16000,1,train
id_4phgwcyug8r0.wav,moja,data/raw/id_4phgwcyug8r0.wav,4.4,16000,1,train
id_1jdrhgqxib7t.wav,nne,data/raw/id_1jdrhgqxib7t.wav,4.8,16000,1,train
id_exbhpn5dqcf5.wav,mbili,data/raw/id_exbhpn5dqcf5.wav,4.88,16000,1,train
id_luv5sii15cuw.wav,moja,data/raw/id_luv5sii15cuw.wav,3.36,16000,1,train
id_k87n1732iu56.wav,nne,data/raw/id_k87n1732iu56.wav,3.76,16000,1,val
id_gt761nff5ef4.wav,tisa,data/raw/id_gt761nff5ef4.wav,4.72,16000,1,val
id_7rs86tc1t0mh.wav,mbili,data/raw/id_7rs86tc1t0mh.wav,62.208,16000,1,train
id_vg6gcad53l67.wav,sita,data/raw/id_vg6gcad53l67.wav,4.352,16000,1,train
id_gkn92tnobawz.wav,sita,data/raw/id_gkn92tnobawz.wav,4.56,16000,1,val
id_e8090oppcstp.wav,nne,data/raw/id_e8090oppcstp.wav,5.76,16000,1,train
id_90pizlpc0t7o.wav,nane,data/raw/id_90pizlpc0t7o.wav,6.24,16000,1,val
id_qconko34be1q.wav,kumi,data/raw/id_qconko34be1q.wav,62.208,16000,1,train
id_0j7ud1pgj5e2.wav,nane,data/raw/id_0j7ud1pgj5e2.wav,4.608,16000,1,train
id_ozem1c492o55.wav,moja,data/raw/id_ozem1c492o55.wav,3.44,16000,1,train
id_ml99btoy9xt3.wav,sita,data/raw/id_ml99btoy9xt3.wav,10.88,16000,1,train
id_33lnbo3s5afn.wav,hapana,data/raw/id_33lnbo3s5afn.wav,5.52,16000,1,train
id_wyx32zqvfzl1.wav,tatu,data/raw/id_wyx32zqvfzl1.wav,6.64,16000,1,train
id_c60wpkfgs9k3.wav,tatu,data/raw/id_c60wpkfgs9k3.wav,3.68,16000,1,train
id_h7dnl3e7ihrc.wav,nane,data/raw/id_h7dnl3e7ihrc.wav,3.28,16000,1,test
id_0ht9cbvfkpsi.wav,nane,data/raw/id_0ht9cbvfkpsi.wav,4.56,16000,1,train
id_45l33iaqq62d.wav,tano,data/raw/id_45l33iaqq62d.wav,4.56,16000,1,train
id_d83yx79ccoy4.wav,nne,data/raw/id_d83yx79ccoy4.wav,4.4,16000,1,train
id_cdb5n9ghvf92.wav,tisa,data/raw/id_cdb5n9ghvf92.wav,3.84,16000,1,val
id_de4wa6s62hzd.wav,tano,data/raw/id_de4wa6s62hzd.wav,3.92,16000,1,train
id_rmt3z39kqt2a.wav,nne,data/raw/id_rmt3z39kqt2a.wav,5.28,16000,1,train
id_qsuimon7ntvh.wav,moja,data/raw/id_qsuimon7ntvh.wav,3.712,16000,1,train
id_bk8ulcpnh9qr.wav,tisa,data/raw/id_bk8ulcpnh9qr.wav,3.04,16000,1,val
id_4b8fmq4awffo.wav,nane,data/raw/id_4b8fmq4awffo.wav,3.52,16000,1,train
id_p6lityojcczr.wav,nane,data/raw/id_p6lityojcczr.wav,3.968,16000,1,train
id_etdaz15o5x3q.wav,tano,data/raw/id_etdaz15o5x3q.wav,4.08,16000,1,val
id_4u0208z7w6m1.wav,mbili,data/raw/id_4u0208z7w6m1.wav,3.84,16000,1,val
id_5rlc5o5n1s1b.wav,mbili,data/raw/id_5rlc5o5n1s1b.wav,3.68,16000,1,train
id_6h7hslslhz6a.wav,sita,data/raw/id_6h7hslslhz6a.wav,4.72,16000,1,test
id_d946zd75oix7.wav,nane,data/raw/id_d946zd75oix7.wav,3.68,16000,1,val
id_ni9z4dj1rkch.wav,moja,data/raw/id_ni9z4dj1rkch.wav,14.0,16000,1,train
id_xbjdbsm8osvx.wav,ndio,data/raw/id_xbjdbsm8osvx.wav,3.36,16000,1,train
id_g7up2a6v5cwi.wav,nne,data/raw/id_g7up2a6v5cwi.wav,3.36,16000,1,train
id_i5qzqf3fw71s.wav,saba,data/raw/id_i5qzqf3fw71s.wav,6.24,16000,1,test
id_mikph0xgpq7e.wav,hapana,data/raw/id_mikph0xgpq7e.wav,4.0,16000,1,train
id_dtfpsmh1mwqz.wav,sita,data/raw/id_dtfpsmh1mwqz.wav,3.28,16000,1,train
id_qv6a9xq2r6vz.wav,tano,data/raw/id_qv6a9xq2r6vz.wav,6.48,16000,1,train
id_i0pduqtj5z7b.wav,saba,data/raw/id_i0pduqtj5z7b.wav,5.28,16000,1,train
id_1pbophmb7y8l.wav,nane,data/raw/id_1pbophmb7y8l.wav,4.8,16000,1,train
id_q9ddicx8lij9.wav,moja,data/raw/id_q9ddicx8lij9.wav,3.12,16000,1,train
id_dyt6u0voutdi.wav,kumi,data/raw/id_dyt6u0voutdi.wav,4.4,16000,1,val
id_87ozmo8vxeay.wav,nane,data/raw/id_87ozmo8vxeay.wav,5.68,16000,1,test
id_jcvm2mj4ylmp.wav,moja,data/raw/id_jcvm2mj4ylmp.wav,3.92,16000,1,train
id_lpsmeyuj2555.wav,nane,data/raw/id_lpsmeyuj2555.wav,5.76,16000,1,val
id_w9yhpaq7r6wy.wav,tano,data/raw/id_w9yhpaq7r6wy.wav,3.52,16000,1,test
id_9d0xuj83rvhz.wav,tano,data/raw/id_9d0xuj83rvhz.wav,4.48,16000,1,test
id_5kozr25crq9w.wav,hapana,data/raw/id_5kozr25crq9w.wav,5.76,16000,1,val
id_t81wtadtvfw9.wav,hapana,data/raw/id_t81wtadtvfw9.wav,5.04,16000,1,train
id_8fwvvf7u24na.wav,tatu,data/raw/id_8fwvvf7u24na.wav,6.24,16000,1,train
id_2ojowkyni41z.wav,kumi,data/raw/id_2ojowkyni41z.wav,3.92,16000,1,train
id_jdn3dwxbeldt.wav,kumi,data/raw/id_jdn3dwxbeldt.wav,4.24,16000,1,train
id_t9i8wbdlrz1n.wav,tatu,data/raw/id_t9i8wbdlrz1n.wav,4.32,16000,1,train
id_s6esnuneldyk.wav,ndio,data/raw/id_s6esnuneldyk.wav,3.44,16000,1,train
id_m6scw04qi4lx.wav,kumi,data/raw/id_m6scw04qi4lx.wav,3.44,16000,1,train
id_0nnt1c1jb0ww.wav,ndio,data/raw/id_0nnt1c1jb0ww.wav,3.36,16000,1,train
id_mgxlww2b1yc9.wav,nne,data/raw/id_mgxlww2b1yc9.wav,3.52,16000,1,train
id_bgxcdrjk0v2e.wav,ndio,data/raw/id_bgxcdrjk0v2e.wav,4.224,16000,1,val
id_bsngwdek5wsh.wav,tisa,data/raw/id_bsngwdek5wsh.wav,5.36,16000,1,train
id_h8nzexy9icie.wav,moja,data/raw/id_h8nzexy9icie.wav,4.88,16000,1,test
id_lq1kvpagzhwg.wav,hapana,data/raw/id_lq1kvpagzhwg.wav,4.32,16000,1,train
id_c2fb4tbe8j8i.wav,ndio,data/raw/id_c2fb4tbe8j8i.wav,5.84,16000,1,test
id_whm3uesc0w3z.wav,kumi,data/raw/id_whm3uesc0w3z.wav,3.76,16000,1,train
id_9dtqvzepwb63.wav,ndio,data/raw/id_9dtqvzepwb63.wav,4.32,16000,1,train
id_jb7u1xdatwa4.wav,nne,data/raw/id_jb7u1xdatwa4.wav,5.12,16000,1,train
id_nzgf25xd4cy8.wav,hapana,data/raw/id_nzgf25xd4cy8.wav,3.68,16000,1,train
id_u417x7ecandv.wav,sita,data/raw/id_u417x7ecandv.wav,4.608,16000,1,val
id_uy1nxx669ngj.wav,nne,data/raw/id_uy1nxx669ngj.wav,3.6,16000,1,train
id_93agssyzshlu.wav,kumi,data/raw/id_93agssyzshlu.wav,3.92,16000,1,train
id_g7gt7q60x9fx.wav,tisa,data/raw/id_g7gt7q60x9fx.wav,3.6,16000,1,train
id_iihfba01m6c4.wav,mbili,data/raw/id_iihfba01m6c4.wav,8.08,16000,1,train
id_mhwb3h0ymqwd.wav,mbili,data/raw/id_mhwb3h0ymqwd.wav,3.04,16000,1,test
id_ughsq2qhi6b1.wav,saba,data/raw/id_ughsq2qhi6b1.wav,4.64,16000,1,train
id_b5a3vsmkz70l.wav,kumi,data/raw/id_b5a3vsmkz70l.wav,4.96,16000,1,train
id_h31plco0flme.wav,tano,data/raw/id_h31plco0flme.wav,4.16,16000,1,train
id_irmta5pf0hki.wav,kumi,data/raw/id_irmta5pf0hki.wav,6.32,16000,1,val
id_c0ny48df29cz.wav,ndio,data/raw/id_c0ny48df29cz.wav,8.48,16000,1,train
id_avt1uz28kpc2.wav,tatu,data/raw/id_avt1uz28kpc2.wav,3.36,16000,1,train
id_wjr028lkwj5z.wav,saba,data/raw/id_wjr028lkwj5z.wav,4.32,16000,1,train
id_3p147egpuix4.wav,moja,data/raw/id_3p147egpuix4.wav,4.224,16000,1,train
id_a3pmmgmca8pv.wav,ndio,data/raw/id_a3pmmgmca8pv.wav,5.68,16000,1,train
id_dwrarl42md2f.wav,saba,data/raw/id_dwrarl42md2f.wav,4.0,16000,1,train
id_njrdl87q56ko.wav,hapana,data/raw/id_njrdl87q56ko.wav,4.608,16000,1,train
id_v5j8y4lzz50f.wav,saba,data/raw/id_v5j8y4lzz50f.wav,3.76,16000,1,train
id_mgq2mjzeujvd.wav,ndio,data/raw/id_mgq2mjzeujvd.wav,4.16,16000,1,train
id_j3x7wv8s6jib.wav,ndio,data/raw/id_j3x7wv8s6jib.wav,4.16,16000,1,test
id_l9blzoau8rkr.wav,nne,data/raw/id_l9blzoau8rkr.wav,3.36,16000,1,test
id_3u65654jwik5.wav,tatu,data/raw/id_3u65654jwik5.wav,3.968,16000,1,val
id_9nl6vn9fla79.wav,kumi,data/raw/id_9nl6vn9fla79.wav,3.04,16000,1,train
id_zvtg1u5dtpuc.wav,tano,data/raw/id_zvtg1u5dtpuc.wav,3.584,16000,1,train
id_s2zd3l8flb6r.wav,nane,data/raw/id_s2zd3l8flb6r.wav,6.0,16000,1,test
id_fpnpzjpl5jrp.wav,moja,data/raw/id_fpnpzjpl5jrp.wav,4.16,16000,1,val
id_swgxdt14inp8.wav,tisa,data/raw/id_swgxdt14inp8.wav,3.44,16000,1,train
id_7d33xzzvd9ml.wav,sita,data/raw/id_7d33xzzvd9ml.wav,3.36,16000,1,val
id_8781n53tyz7z.wav,hapana,data/raw/id_8781n53tyz7z.wav,4.08,16000,1,train
id_olwvq70pc4gw.wav,mbili,data/raw/id_olwvq70pc4gw.wav,4.24,16000,1,train
id_d7kymwur14nx.wav,tisa,data/raw/id_d7kymwur14nx.wav,4.0,16000,1,val
id_q7gndkpctl6t.wav,saba,data/raw/id_q7gndkpctl6t.wav,4.56,16000,1,train
id_h4azpwzowgxy.wav,hapana,data/raw/id_h4azpwzowgxy.wav,7.296,16000,1,test
id_yxmwfph9izk9.wav,saba,data/raw/id_yxmwfph9izk9.wav,4.24,16000,1,val
id_5wajviimzv7f.wav,tatu,data/raw/id_5wajviimzv7f.wav,5.28,16000,1,train
id_n33f4gyld7hk.wav,nne,data/raw/id_n33f4gyld7hk.wav,3.712,16000,1,val
id_ab7uu2pwxum4.wav,moja,data/raw/id_ab7uu2pwxum4.wav,3.36,16000,1,train
id_7h4reqiwm3j9.wav,tatu,data/raw/id_7h4reqiwm3j9.wav,4.224,16000,1,train
id_weixje33tsig.wav,tano,data/raw/id_weixje33tsig.wav,8.064,16000,1,val
id_7yz9q65zmt7o.wav,moja,data/raw/id_7yz9q65zmt7o.wav,3.68,16000,1,val
id_b07vxoz6xdqd.wav,saba,data/raw/id_b07vxoz6xdqd.wav,4.88,16000,1,train
id_zyekklg3fk4d.wav,tano,data/raw/id_zyekklg3fk4d.wav,5.2,16000,1,train
id_ebes3dbgts2q.wav,sita,data/raw/id_ebes3dbgts2q.wav,5.12,16000,1,train
id_132bh0mszjj1.wav,nane,data/raw/id_132bh0mszjj1.wav,3.84,16000,1,train
id_dwojmnld3p8f.wav,kumi,data/raw/id_dwojmnld3p8f.wav,4.24,16000,1,train
id_ci697itfcqh1.wav,mbili,data/raw/id_ci697itfcqh1.wav,3.36,16000,1,test
id_xuwmh29i7jf4.wav,sita,data/raw/id_xuwmh29i7jf4.wav,4.24,16000,1,train
id_d4a57sgtqjuu.wav,sita,data/raw/id_d4a57sgtqjuu.wav,3.44,16000,1,train
id_s257bjdc2s5y.wav,tano,data/raw/id_s257bjdc2s5y.wav,3.2,16000,1,test
id_1qvgwc967jfk.wav,sita,data/raw/id_1qvgwc967jfk.wav,4.32,16000,1,train
id_c24q8fri3pgz.wav,tano,data/raw/id_c24q8fri3pgz.wav,4.08,16000,1,val
id_7a737rg5h2io.wav,ndio,data/raw/id_7a737rg5h2io.wav,4.0,16000,1,train
id_979h5rcr4asj.wav,tisa,data/raw/id_979h5rcr4asj.wav,4.96,16000,1,val
id_snt2jkd6nl4q.wav,moja,data/raw/id_snt2jkd6nl4q.wav,4.096,16000,1,train
id_qr6w9rhla6oy.wav,sita,data/raw/id_qr6w9rhla6oy.wav,3.52,16000,1,train
id_n0kf4fj14xz3.wav,moja,data/raw/id_n0kf4fj14xz3.wav,9.12,16000,1,train
id_8vtppid9fytg.wav,ndio,data/raw/id_8vtppid9fytg.wav,8.0,16000,1,train
id_3c8pexd17hxw.wav,tano,data/raw/id_3c8pexd17hxw.wav,4.16,16000,1,train
id_2tx4vs7n9buq.wav,tatu,data/raw/id_2tx4vs7n9buq.wav,3.52,16000,1,train
id_tzb2yh12h4xe.wav,nane,data/raw/id_tzb2yh12h4xe.wav,3.36,16000,1,val
id_wh9s08lh9wnh.wav,moja,data/raw/id_wh9s08lh9wnh.wav,4.24,16000,1,val
id_irhwvn34bo0y.wav,sita,data/raw/id_irhwvn34bo0y.wav,4.0,16000,1,train
id_yznjry4c146v.wav,sita,data/raw/id_yznjry4c146v.wav,5.6,16000,1,train
id_ak1smox18epv.wav,mbili,data/raw/id_ak1smox18epv.wav,3.84,16000,1,test
id_galxjnlftahx.wav,sita,data/raw/id_galxjnlftahx.wav,5.2,16000,1,test
id_ro7z5tntme08.wav,tatu,data/raw/id_ro7z5tntme08.wav,3.76,16000,1,train
id_eydugsi8wn17.wav,nne,data/raw/id_eydugsi8wn17.wav,5.36,16000,1,train
id_o0qmix19zxkc.wav,saba,data/raw/id_o0qmix19zxkc.wav,3.968,16000,1,train
id_q021be5oa4kg.wav,nne,data/raw/id_q021be5oa4kg.wav,3.68,16000,1,val
id_cs4w6oqhdi9v.wav,nane,data/raw/id_cs4w6oqhdi9v.wav,3.68,16000,1,train
id_qwasoo54axj5.wav,tisa,data/raw/id_qwasoo54axj5.wav,8.16,16000,1,train
id_n9nyz6iftimb.wav,hapana,data/raw/id_n9nyz6iftimb.wav,3.76,16000,1,train
id_6wkhgl8a8f8a.wav,tisa,data/raw/id_6wkhgl8a8f8a.wav,6.08,16000,1,train
id_86yhgs8rxfnd.wav,hapana,data/raw/id_86yhgs8rxfnd.wav,4.64,16000,1,val
id_xhtboznshdvs.wav,nne,data/raw/id_xhtboznshdvs.wav,3.84,16000,1,train
id_abd481tgk9yn.wav,nne,data/raw/id_abd481tgk9yn.wav,3.68,16000,1,train
id_2pemurklavcr.wav,nne,data/raw/id_2pemurklavcr.wav,4.96,16000,1,train
id_73ry0uvspsbk.wav,tano,data/raw/id_73ry0uvspsbk.wav,3.584,16000,1,train
id_gvhn186kwh3i.wav,sita,data/raw/id_gvhn186kwh3i.wav,3.6,16000,1,train
id_e4y4pzj1fbl5.wav,moja,data/raw/id_e4y4pzj1fbl5.wav,3.36,16000,1,train
id_cw0atars2ki2.wav,hapana,data/raw/id_cw0atars2ki2.wav,4.72,16000,1,train
id_3rfffdoekhtr.wav,saba,data/raw/id_3rfffdoekhtr.wav,4.16,16000,1,val
id_a2bwc07dbmcc.wav,tisa,data/raw/id_a2bwc07dbmcc.wav,3.36,16000,1,train
id_261a281m6rs1.wav,tisa,data/raw/id_261a281m6rs1.wav,5.504,16000,1,test
id_jeh9d7tge2zf.wav,ndio,data/raw/id_jeh9d7tge2zf.wav,3.6,16000,1,train
id_y0ofpylebult.wav,hapana,data/raw/id_y0ofpylebult.wav,7.36,16000,1,train
id_u7sfsi9q6wiq.wav,moja,data/raw/id_u7sfsi9q6wiq.wav,2.96,16000,1,train
id_uxl1j3j54y0d.wav,hapana,data/raw/id_uxl1j3j54y0d.wav,2.96,16000,1,train
id_uhw37ku1gw9v.wav,mbili,data/raw/id_uhw37ku1gw9v.wav,3.84,16000,1,test
id_pm0v2z2jpfc6.wav,hapana,data/raw/id_pm0v2z2jpfc6.wav,4.64,16000,1,test
id_m9o9tioryms2.wav,nane,data/raw/id_m9o9tioryms2.wav,3.92,16000,1,test
id_clht4bh2f9wd.wav,mbili,data/raw/id_clht4bh2f9wd.wav,3.84,16000,1,test
id_48s5x8b6ihzo.wav,tatu,data/raw/id_48s5x8b6ihzo.wav,4.8,16000,1,train
id_9qzp3nund7u2.wav,moja,data/raw/id_9qzp3nund7u2.wav,4.48,16000,1,train
id_chbn34foqfz6.wav,tisa,data/raw/id_chbn34foqfz6.wav,4.96,16000,1,test
id_2cm069q9psap.wav,tano,data/raw/id_2cm069q9psap.wav,3.04,16000,1,val
id_1225z4zxeq84.wav,hapana,data/raw/id_1225z4zxeq84.wav,4.4,16000,1,train
id_lyglgngppfk5.wav,saba,data/raw/id_lyglgngppfk5.wav,3.84,16000,1,val
id_0t2w98zu53z3.wav,nane,data/raw/id_0t2w98zu53z3.wav,4.736,16000,1,val
id_i42vwjlh438g.wav,hapana,data/raw/id_i42vwjlh438g.wav,4.16,16000,1,test
id_4aqkjof6trnz.wav,sita,data/raw/id_4aqkjof6trnz.wav,2.8,16000,1,val
id_rwvl01jw5prq.wav,mbili,data/raw/id_rwvl01jw5prq.wav,3.04,16000,1,train
id_s8si3s1tkmyk.wav,kumi,data/raw/id_s8si3s1tkmyk.wav,3.84,16000,1,val
id_l7c4whoiu71k.wav,sita,data/raw/id_l7c4whoiu71k.wav,3.36,16000,1,train
id_pxms69ats3ff.wav,saba,data/raw/id_pxms69ats3ff.wav,4.0,16000,1,val
id_fuyspzpeoekk.wav,tisa,data/raw/id_fuyspzpeoekk.wav,6.96,16000,1,train
id_vso41n7b6iua.wav,ndio,data/raw/id_vso41n7b6iua.wav,2.64,16000,1,train
id_xei6xr623kx6.wav,hapana,data/raw/id_xei6xr623kx6.wav,4.08,16000,1,train
id_n0zgfcigfg9v.wav,tisa,data/raw/id_n0zgfcigfg9v.wav,5.04,16000,1,train
id_zyjkvxony41m.wav,ndio,data/raw/id_zyjkvxony41m.wav,3.04,16000,1,train
id_5h970i2vq7y9.wav,moja,data/raw/id_5h970i2vq7y9.wav,3.68,16000,1,test
id_9w70j5c1ebkz.wav,tano,data/raw/id_9w70j5c1ebkz.wav,5.28,16000,1,test
id_a7r3ztw3bvl7.wav,nne,data/raw/id_a7r3ztw3bvl7.wav,4.24,16000,1,train
id_e41hkkvfrd1u.wav,tano,data/raw/id_e41hkkvfrd1u.wav,5.2,16000,1,train
id_w76jgaukcz4o.wav,sita,data/raw/id_w76jgaukcz4o.wav,3.84,16000,1,train
id_q8ublattuf6h.wav,ndio,data/raw/id_q8ublattuf6h.wav,3.44,16000,1,train
id_uvyirc5e6tnm.wav,saba,data/raw/id_uvyirc5e6tnm.wav,3.84,16000,1,train
id_28n2eg9p3ed9.wav,tatu,data/raw/id_28n2eg9p3ed9.wav,5.36,16000,1,train
id_px1vfsokq0uu.wav,tisa,data/raw/id_px1vfsokq0uu.wav,4.72,16000,1,train
id_cobls5w8q948.wav,kumi,data/raw/id_cobls5w8q948.wav,3.68,16000,1,train
id_t5a91uo9oetg.wav,hapana,data/raw/id_t5a91uo9oetg.wav,4.72,16000,1,train
id_rivr3qtmdrfi.wav,sita,data/raw/id_rivr3qtmdrfi.wav,4.0,16000,1,test
id_l6w1d92pnboe.wav,mbili,data/raw/id_l6w1d92pnboe.wav,3.92,16000,1,train
id_9wh9ef7tcsoq.wav,mbili,data/raw/id_9wh9ef7tcsoq.wav,4.48,16000,1,test
id_w7oynmmdjbo1.wav,sita,data/raw/id_w7oynmmdjbo1.wav,4.64,16000,1,train
id_jzraxxsjwwkx.wav,moja,data/raw/id_jzraxxsjwwkx.wav,4.72,16000,1,train
id_sjs8y8ck7fpa.wav,tano,data/raw/id_sjs8y8ck7fpa.wav,5.84,16000,1,train
id_iw02z9hwz6k4.wav,nne,data/raw/id_iw02z9hwz6k4.wav,3.84,16000,1,train
id_b5ez857boyhx.wav,nne,data/raw/id_b5ez857boyhx.wav,4.0,16000,1,train
id_m81vludrfw3x.wav,tisa,data/raw/id_m81vludrfw3x.wav,3.36,16000,1,train
id_81drplilq3k8.wav,nane,data/raw/id_81drplilq3k8.wav,3.52,16000,1,train
id_jiomxrcxrpsc.wav,nne,data/raw/id_jiomxrcxrpsc.wav,4.0,16000,1,train
id_vqne1h665p7b.wav,tatu,data/raw/id_vqne1h665p7b.wav,2.8,16000,1,train
id_8925m3vtl0w7.wav,nane,data/raw/id_8925m3vtl0w7.wav,4.0,16000,1,train
id_kr6daxzjinrs.wav,moja,data/raw/id_kr6daxzjinrs.wav,4.16,16000,1,val
id_0afzhnhqs4xw.wav,kumi,data/raw/id_0afzhnhqs4xw.wav,3.44,16000,1,train
id_id2aaha81obf.wav,kumi,data/raw/id_id2aaha81obf.wav,4.08,16000,1,train
id_y4hhckwhzn5t.wav,sita,data/raw/id_y4hhckwhzn5t.wav,4.08,16000,1,train
id_823rulz7dyg5.wav,tisa,data/raw/id_823rulz7dyg5.wav,4.0,16000,1,test
id_08q7xmh6wdrh.wav,ndio,data/raw/id_08q7xmh6wdrh.wav,3.36,16000,1,train
id_it5behtmsfu8.wav,tatu,data/raw/id_it5behtmsfu8.wav,6.72,16000,1,train
id_i4ko5owz9uko.wav,tisa,data/raw/id_i4ko5owz9uko.wav,4.72,16000,1,test
id_6eo1yxcezu5y.wav,moja,data/raw/id_6eo1yxcezu5y.wav,4.56,16000,1,test
id_ra6xbk0e6wo0.wav,tisa,data/raw/id_ra6xbk0e6wo0.wav,8.56,16000,1,train
id_ynada2n1kspe.wav,nne,data/raw/id_ynada2n1kspe.wav,4.64,16000,1,train
id_a942p72yyue2.wav,saba,data/raw/id_a942p72yyue2.wav,4.096,16000,1,train
id_wuwxoawstn3c.wav,hapana,data/raw/id_wuwxoawstn3c.wav,4.56,16000,1,val
id_s4gpgrtb6a1g.wav,sita,data/raw/id_s4gpgrtb6a1g.wav,4.08,16000,1,val
id_n8er949u5qwr.wav,tano,data/raw/id_n8er949u5qwr.wav,4.64,16000,1,val
id_2toxc1ee6ven.wav,hapana,data/raw/id_2toxc1ee6ven.wav,5.44,16000,1,val
id_ppyucw2y1afd.wav,nne,data/raw/id_ppyucw2y1afd.wav,4.64,16000,1,test
id_iipcchonorm2.wav,ndio,data/raw/id_iipcchonorm2.wav,5.76,16000,1,test
id_q6v2cje7qrql.wav,moja,data/raw/id_q6v2cje7qrql.wav,4.16,16000,1,train
id_2m296j37x3t4.wav,hapana,data/raw/id_2m296j37x3t4.wav,4.16,16000,1,train
id_6gcyp7hpqffg.wav,kumi,data/raw/id_6gcyp7hpqffg.wav,3.712,16000,1,train
id_uy4dyk2y8itg.wav,ndio,data/raw/id_uy4dyk2y8itg.wav,3.92,16000,1,val
id_vvpk26kq3l1z.wav,tano,data/raw/id_vvpk26kq3l1z.wav,4.096,16000,1,train
id_4nn0ijj9up0r.wav,tatu,data/raw/id_4nn0ijj9up0r.wav,3.76,16000,1,train
id_ojou06d0zosy.wav,tatu,data/raw/id_ojou06d0zosy.wav,4.608,16000,1,train
id_p28wynywbb5x.wav,nne,data/raw/id_p28wynywbb5x.wav,4.24,16000,1,train
id_algcdtnmm5au.wav,mbili,data/raw/id_algcdtnmm5au.wav,3.84,16000,1,train
id_1wunkz2ebred.wav,tatu,data/raw/id_1wunkz2ebred.wav,3.68,16000,1,train
id_nhunsq3lf4nz.wav,tatu,data/raw/id_nhunsq3lf4nz.wav,12.8,16000,1,test
id_o97vo4l5b94c.wav,sita,data/raw/id_o97vo4l5b94c.wav,4.16,16000,1,train
id_jeubabq2oi9o.wav,moja,data/raw/id_jeubabq2oi9o.wav,5.888,16000,1,train
id_mgfvj28nqnik.wav,mbili,data/raw/id_mgfvj28nqnik.wav,3.92,16000,1,train
id_e6igencrkmg2.wav,hapana,data/raw/id_e6igencrkmg2.wav,8.0,16000,1,train
id_sjrh07s2ulh9.wav,moja,data/raw/id_sjrh07s2ulh9.wav,4.4,16000,1,train
id_uf254b33d0pu.wav,hapana,data/raw/id_uf254b33d0pu.wav,4.4,16000,1,train
id_52lvcoiercqe.wav,nne,data/raw/id_52lvcoiercqe.wav,4.24,16000,1,train
id_yc3x5rwpzq3m.wav,saba,data/raw/id_yc3x5rwpzq3m.wav,5.28,16000,1,train
id_rzohz9x3f23o.wav,saba,data/raw/id_rzohz9x3f23o.wav,3.12,16000,1,train
id_llfpfcgu2tqq.wav,moja,data/raw/id_llfpfcgu2tqq.wav,3.84,16000,1,train
id_mqtcnjq5fqfj.wav,ndio,data/raw/id_mqtcnjq5fqfj.wav,5.6,16000,1,val
id_c8xurp64t3ta.wav,sita,data/raw/id_c8xurp64t3ta.wav,3.12,16000,1,val
id_oh6xpep9ubui.wav,kumi,data/raw/id_oh6xpep9ubui.wav,5.12,16000,1,train
id_1v5wfsshg1a7.wav,tatu,data/raw/id_1v5wfsshg1a7.wav,3.92,16000,1,train
id_ne8acq8h96dm.wav,nne,data/raw/id_ne8acq8h96dm.wav,4.48,16000,1,train
id_ow5408yh3eu1.wav,tano,data/raw/id_ow5408yh3eu1.wav,3.92,16000,1,train
id_3y2ejb6ohxxw.wav,tano,data/raw/id_3y2ejb6ohxxw.wav,3.84,16000,1,train
id_ttoscaav1le9.wav,tano,data/raw/id_ttoscaav1le9.wav,2.88,16000,1,val
id_1ztxm5ucc5hg.wav,tatu,data/raw/id_1ztxm5ucc5hg.wav,6.64,16000,1,train
id_seua7u84lcir.wav,kumi,data/raw/id_seua7u84lcir.wav,5.52,16000,1,train
id_3yeiwg6otoyt.wav,nane,data/raw/id_3yeiwg6otoyt.wav,4.24,16000,1,train
id_ziibvxfrmy4a.wav,tano,data/raw/id_ziibvxfrmy4a.wav,4.0,16000,1,train
id_yw98ixv6h17e.wav,mbili,data/raw/id_yw98ixv6h17e.wav,4.56,16000,1,train
id_ekbsdsm1j5k2.wav,sita,data/raw/id_ekbsdsm1j5k2.wav,3.76,16000,1,test
id_zvs2k33iy4i0.wav,kumi,data/raw/id_zvs2k33iy4i0.wav,3.36,16000,1,train
id_1h6vo8fba8gz.wav,ndio,data/raw/id_1h6vo8fba8gz.wav,4.8,16000,1,train
id_5aly5y4f0ihq.wav,tatu,data/raw/id_5aly5y4f0ihq.wav,4.96,16000,1,train
id_iqmv6ej4um5w.wav,kumi,data/raw/id_iqmv6ej4um5w.wav,6.8,16000,1,val
id_e1bgrj0mjgbz.wav,tatu,data/raw/id_e1bgrj0mjgbz.wav,4.736,16000,1,train
id_3n0gpmzmnb19.wav,nne,data/raw/id_3n0gpmzmnb19.wav,3.84,16000,1,train
id_n7a9ge9ge95s.wav,tisa,data/raw/id_n7a9ge9ge95s.wav,6.32,16000,1,train
id_50v96vxlekxs.wav,saba,data/raw/id_50v96vxlekxs.wav,5.248,16000,1,train
id_6515i93uhpj7.wav,mbili,data/raw/id_6515i93uhpj7.wav,4.16,16000,1,test
id_6mxwx62c6tni.wav,tisa,data/raw/id_6mxwx62c6tni.wav,3.92,16000,1,train
id_enrkelzb1agh.wav,sita,data/raw/id_enrkelzb1agh.wav,4.88,16000,1,train
id_c8klybca8kzh.wav,moja,data/raw/id_c8klybca8kzh.wav,5.28,16000,1,train
id_h03z2rj1k2ti.wav,moja,data/raw/id_h03z2rj1k2ti.wav,5.12,16000,1,train
id_ndbf7xm50qjl.wav,nane,data/raw/id_ndbf7xm50qjl.wav,7.552,16000,1,train
id_h9yezkgb7zsn.wav,tano,data/raw/id_h9yezkgb7zsn.wav,7.6,16000,1,train
id_x6gdi6y6gmli.wav,mbili,data/raw/id_x6gdi6y6gmli.wav,3.968,16000,1,test
id_6b7vc2apvvhy.wav,ndio,data/raw/id_6b7vc2apvvhy.wav,3.04,16000,1,train
id_jblr6ktr6x48.wav,sita,data/raw/id_jblr6ktr6x48.wav,3.84,16000,1,train
id_j6i8e20mrdad.wav,kumi,data/raw/id_j6i8e20mrdad.wav,4.96,16000,1,train
id_c52t02j4lqgm.wav,tatu,data/raw/id_c52t02j4lqgm.wav,4.48,16000,1,train
id_u201xgh6wl65.wav,tisa,data/raw/id_u201xgh6wl65.wav,5.2,16000,1,test
id_xa69aswwmi5f.wav,kumi,data/raw/id_xa69aswwmi5f.wav,3.6,16000,1,train
id_61k9l4k2fue7.wav,tano,data/raw/id_61k9l4k2fue7.wav,5.44,16000,1,train
id_hjg1xndevdf0.wav,tatu,data/raw/id_hjg1xndevdf0.wav,3.712,16000,1,train
id_16kqhay4iooq.wav,tatu,data/raw/id_16kqhay4iooq.wav,2.88,16000,1,train
id_mzgeu8maaaih.wav,moja,data/raw/id_mzgeu8maaaih.wav,4.08,16000,1,train
id_jlg45p65eems.wav,tatu,data/raw/id_jlg45p65eems.wav,3.52,16000,1,train
id_bceebr77n82u.wav,ndio,data/raw/id_bceebr77n82u.wav,3.28,16000,1,train
id_4n81rytif4wy.wav,tisa,data/raw/id_4n81rytif4wy.wav,6.4,16000,1,train
id_gb24a3tmudm5.wav,sita,data/raw/id_gb24a3tmudm5.wav,4.32,16000,1,train
id_5jnqlg9ydxwi.wav,nane,data/raw/id_5jnqlg9ydxwi.wav,2.88,16000,1,train
id_u6asbbej1msh.wav,tisa,data/raw/id_u6asbbej1msh.wav,3.36,16000,1,train
id_ettvq7khrcrl.wav,nane,data/raw/id_ettvq7khrcrl.wav,4.24,16000,1,val
id_lj2i1tb0ws4h.wav,nane,data/raw/id_lj2i1tb0ws4h.wav,4.0,16000,1,train
id_18qdpl0oqimu.wav,nne,data/raw/id_18qdpl0oqimu.wav,5.04,16000,1,train
id_ba57opmtt2kb.wav,tisa,data/raw/id_ba57opmtt2kb.wav,4.864,16000,1,test
id_4ycyr4jpvbs1.wav,tano,data/raw/id_4ycyr4jpvbs1.wav,4.64,16000,1,train
id_xdj1emjyd65v.wav,kumi,data/raw/id_xdj1emjyd65v.wav,4.24,16000,1,train
id_78b7b1p7q85a.wav,saba,data/raw/id_78b7b1p7q85a.wav,3.92,16000,1,val
id_5ptm51eulhnr.wav,moja,data/raw/id_5ptm51eulhnr.wav,3.712,16000,1,val
id_ay9zcb9a737m.wav,moja,data/raw/id_ay9zcb9a737m.wav,3.04,16000,1,train
id_z0y2flfli4nh.wav,sita,data/raw/id_z0y2flfli4nh.wav,5.376,16000,1,train
id_v296vn6dqina.wav,ndio,data/raw/id_v296vn6dqina.wav,4.72,16000,1,val
id_fv1aju79q0il.wav,nane,data/raw/id_fv1aju79q0il.wav,4.224,16000,1,train
id_e2ww8ffnbj6r.wav,moja,data/raw/id_e2ww8ffnbj6r.wav,5.84,16000,1,test
id_ewsdcy9m4ihe.wav,tisa,data/raw/id_ewsdcy9m4ihe.wav,3.68,16000,1,train
id_801xij8qyrxx.wav,ndio,data/raw/id_801xij8qyrxx.wav,3.76,16000,1,val
id_mr1a29uxppv7.wav,sita,data/raw/id_mr1a29uxppv7.wav,8.96,16000,1,train
id_xhq7jxdbjv9z.wav,saba,data/raw/id_xhq7jxdbjv9z.wav,4.4,16000,1,train
id_zm5lgpm8oe4j.wav,hapana,data/raw/id_zm5lgpm8oe4j.wav,4.88,16000,1,train
id_08qmc49cjsdi.wav,ndio,data/raw/id_08qmc49cjsdi.wav,3.92,16000,1,train
id_k2c2un1wo124.wav,ndio,data/raw/id_k2c2un1wo124.wav,3.68,16000,1,train
id_6ieub8u26ta7.wav,nne,data/raw/id_6ieub8u26ta7.wav,3.84,16000,1,train
id_qwd72p134a31.wav,tisa,data/raw/id_qwd72p134a31.wav,3.36,16000,1,train
id_k0aljwmcakxt.wav,nane,data/raw/id_k0aljwmcakxt.wav,4.08,16000,1,train
id_nk62wcksti5e.wav,saba,data/raw/id_nk62wcksti5e.wav,4.64,16000,1,train
id_cvoe2wd90f0s.wav,kumi,data/raw/id_cvoe2wd90f0s.wav,4.48,16000,1,train
id_xf9oj7ebxx3g.wav,nne,data/raw/id_xf9oj7ebxx3g.wav,5.2,16000,1,train
id_zzkwbl3d8s9e.wav,tano,data/raw/id_zzkwbl3d8s9e.wav,4.32,16000,1,train
id_eo443xz6dvrv.wav,ndio,data/raw/id_eo443xz6dvrv.wav,4.32,16000,1,val
id_998drlacm150.wav,nne,data/raw/id_998drlacm150.wav,4.08,16000,1,train
id_sxrx6ekmuk7t.wav,tatu,data/raw/id_sxrx6ekmuk7t.wav,4.24,16000,1,test
id_6w23l98c6r70.wav,tisa,data/raw/id_6w23l98c6r70.wav,2.88,16000,1,train
id_9dhrv0vgwhij.wav,nne,data/raw/id_9dhrv0vgwhij.wav,14.48,16000,1,test
id_c11698pwq9j9.wav,saba,data/raw/id_c11698pwq9j9.wav,5.04,16000,1,train
id_q3r45ppcwmdv.wav,ndio,data/raw/id_q3r45ppcwmdv.wav,4.96,16000,1,test
id_c02vgvnfyxxe.wav,hapana,data/raw/id_c02vgvnfyxxe.wav,6.16,16000,1,test
id_iavnk56925o1.wav,moja,data/raw/id_iavnk56925o1.wav,4.0,16000,1,train
id_l5cs9d1obloa.wav,kumi,data/raw/id_l5cs9d1obloa.wav,6.32,16000,1,train
id_qm1pra4t7f40.wav,sita,data/raw/id_qm1pra4t7f40.wav,3.6,16000,1,train
id_4xi7ms5fz6ud.wav,nne,data/raw/id_4xi7ms5fz6ud.wav,6.8,16000,1,val
id_obmy94ur8o5d.wav,tisa,data/raw/id_obmy94ur8o5d.wav,5.632,16000,1,train
id_4huet176wevp.wav,tano,data/raw/id_4huet176wevp.wav,4.8,16000,1,train
id_j0lpay3n0mlv.wav,saba,data/raw/id_j0lpay3n0mlv.wav,4.64,16000,1,train
id_hi0rn1tc0m2h.wav,nane,data/raw/id_hi0rn1tc0m2h.wav,5.6,16000,1,val
id_ut0mcm0gym19.wav,tano,data/raw/id_ut0mcm0gym19.wav,4.08,16000,1,train
id_7izpg0ych4rw.wav,nne,data/raw/id_7izpg0ych4rw.wav,2.96,16000,1,train
id_kc81qphk3oc1.wav,saba,data/raw/id_kc81qphk3oc1.wav,4.64,16000,1,test
id_28kyrhue1oaq.wav,hapana,data/raw/id_28kyrhue1oaq.wav,3.6,16000,1,train
id_5ncegxts20gf.wav,tisa,data/raw/id_5ncegxts20gf.wav,5.76,16000,1,train
id_rjlalb8r1r8f.wav,nne,data/raw/id_rjlalb8r1r8f.wav,5.92,16000,1,val
id_dc5mxkwqf8l5.wav,ndio,data/raw/id_dc5mxkwqf8l5.wav,4.096,16000,1,train
id_rd7yrzw43vsc.wav,nne,data/raw/id_rd7yrzw43vsc.wav,4.96,16000,1,train
id_xxmzi256jrtl.wav,kumi,data/raw/id_xxmzi256jrtl.wav,4.96,16000,1,test
id_noyobejbarfw.wav,moja,data/raw/id_noyobejbarfw.wav,37.76,16000,1,train
id_300k76hkwos8.wav,ndio,data/raw/id_300k76hkwos8.wav,4.4,16000,1,test
id_2ktye9zaa2ib.wav,nane,data/raw/id_2ktye9zaa2ib.wav,4.56,16000,1,train
id_g1jm3297ckjs.wav,tatu,data/raw/id_g1jm3297ckjs.wav,4.352,16000,1,train
id_zaax3uv4292f.wav,hapana,data/raw/id_zaax3uv4292f.wav,4.224,16000,1,train
id_3xx4pol9dbpn.wav,kumi,data/raw/id_3xx4pol9dbpn.wav,4.64,16000,1,train
id_6vqfo2fcyhr5.wav,kumi,data/raw/id_6vqfo2fcyhr5.wav,3.2,16000,1,test
id_yc018au091ct.wav,ndio,data/raw/id_yc018au091ct.wav,5.92,16000,1,train
id_sn4rzxvo7kbx.wav,mbili,data/raw/id_sn4rzxvo7kbx.wav,3.6,16000,1,train
id_cy4a9ip6pbrj.wav,sita,data/raw/id_cy4a9ip6pbrj.wav,4.8,16000,1,val
id_cjdee4mrvxeu.wav,nane,data/raw/id_cjdee4mrvxeu.wav,4.32,16000,1,train
id_fwm22sqiwyb8.wav,mbili,data/raw/id_fwm22sqiwyb8.wav,8.24,16000,1,train
id_ctr35dvbvp5r.wav,saba,data/raw/id_ctr35dvbvp5r.wav,4.352,16000,1,test
id_cuijy481yr6h.wav,kumi,data/raw/id_cuijy481yr6h.wav,4.224,16000,1,train
id_ntz8g3f8xvhk.wav,tano,data/raw/id_ntz8g3f8xvhk.wav,4.16,16000,1,test
id_oal51gwn78qv.wav,nane,data/raw/id_oal51gwn78qv.wav,2.88,16000,1,train
id_kfv0m2g0edvq.wav,moja,data/raw/id_kfv0m2g0edvq.wav,3.6,16000,1,val
id_xjqiv525rt55.wav,kumi,data/raw/id_xjqiv525rt55.wav,4.096,16000,1,train
id_nlowltxafnw9.wav,tisa,data/raw/id_nlowltxafnw9.wav,4.48,16000,1,train
id_1ea2yuhr58qg.wav,tisa,data/raw/id_1ea2yuhr58qg.wav,4.4,16000,1,val
id_akchazsbgsvf.wav,hapana,data/raw/id_akchazsbgsvf.wav,4.992,16000,1,train
id_pl700q0bb27a.wav,nane,data/raw/id_pl700q0bb27a.wav,3.52,16000,1,test
id_g8p41c3kzbwn.wav,tisa,data/raw/id_g8p41c3kzbwn.wav,4.992,16000,1,train
id_ntuwsldb6506.wav,nane,data/raw/id_ntuwsldb6506.wav,4.16,16000,1,train
id_fci2f40qtjxu.wav,tisa,data/raw/id_fci2f40qtjxu.wav,4.32,16000,1,train
id_64t9bbodqif3.wav,nne,data/raw/id_64t9bbodqif3.wav,4.8,16000,1,train
id_o9s5yumsgbtu.wav,tisa,data/raw/id_o9s5yumsgbtu.wav,3.6,16000,1,test
id_3fz0wezf35yu.wav,ndio,data/raw/id_3fz0wezf35yu.wav,3.68,16000,1,train
id_eui48zuwdrrj.wav,mbili,data/raw/id_eui48zuwdrrj.wav,4.16,16000,1,train
id_mquvxgotnzi6.wav,saba,data/raw/id_mquvxgotnzi6.wav,3.44,16000,1,train
id_0r3yinjho1sp.wav,mbili,data/raw/id_0r3yinjho1sp.wav,8.56,16000,1,train
id_hbu1iqqgwno1.wav,tano,data/raw/id_hbu1iqqgwno1.wav,5.6,16000,1,train
id_gzdbwu53bs8p.wav,ndio,data/raw/id_gzdbwu53bs8p.wav,3.28,16000,1,val
id_ee76x2cfzou6.wav,nne,data/raw/id_ee76x2cfzou6.wav,3.76,16000,1,train
id_hrm17h8jh93t.wav,hapana,data/raw/id_hrm17h8jh93t.wav,3.84,16000,1,val
id_m4h70hpvqkae.wav,nne,data/raw/id_m4h70hpvqkae.wav,4.72,16000,1,train
id_hycb5tfa3b9r.wav,kumi,data/raw/id_hycb5tfa3b9r.wav,3.44,16000,1,val
id_zt8g7h15360k.wav,mbili,data/raw/id_zt8g7h15360k.wav,4.864,16000,1,val
id_0a9r27bb48na.wav,kumi,data/raw/id_0a9r27bb48na.wav,3.76,16000,1,val
id_d5f9fr569wrb.wav,nne,data/raw/id_d5f9fr569wrb.wav,3.52,16000,1,test
id_y86egnshxs21.wav,hapana,data/raw/id_y86egnshxs21.wav,4.56,16000,1,test
id_ytmbth2ezy9r.wav,nne,data/raw/id_ytmbth2ezy9r.wav,2.8,16000,1,val
id_e1rgk0c4kifw.wav,tano,data/raw/id_e1rgk0c4kifw.wav,3.44,16000,1,test
id_c71ebac7m7b2.wav,nne,data/raw/id_c71ebac7m7b2.wav,3.84,16000,1,train
id_yn8wcaporh2v.wav,tano,data/raw/id_yn8wcaporh2v.wav,5.28,16000,1,test
id_jhvjm9plbiut.wav,tano,data/raw/id_jhvjm9plbiut.wav,3.76,16000,1,train
id_12693x5drnl0.wav,hapana,data/raw/id_12693x5drnl0.wav,2.88,16000,1,train
id_kg7d9hl7uy6l.wav,tano,data/raw/id_kg7d9hl7uy6l.wav,5.92,16000,1,train
id_xlks99i50b3r.wav,moja,data/raw/id_xlks99i50b3r.wav,3.84,16000,1,train
id_co8pajamwgvk.wav,hapana,data/raw/id_co8pajamwgvk.wav,4.0,16000,1,test
id_usbe24qaq2zj.wav,tano,data/raw/id_usbe24qaq2zj.wav,4.72,16000,1,train
id_7yq99yz8tc3u.wav,mbili,data/raw/id_7yq99yz8tc3u.wav,5.36,16000,1,train
id_b12sv0nhjhi8.wav,tatu,data/raw/id_b12sv0nhjhi8.wav,6.0,16000,1,train
id_3ezd31cok7yj.wav,tatu,data/raw/id_3ezd31cok7yj.wav,3.6,16000,1,train
id_91p3i9pqe9hy.wav,nane,data/raw/id_91p3i9pqe9hy.wav,4.4,16000,1,train
id_2dd7i5w6pm0x.wav,moja,data/raw/id_2dd7i5w6pm0x.wav,4.224,16000,1,train
id_0tohz5ikljpv.wav,tatu,data/raw/id_0tohz5ikljpv.wav,4.08,16000,1,train
id_7hr9nfleioqe.wav,tisa,data/raw/id_7hr9nfleioqe.wav,4.608,16000,1,train
id_kkxr5l6hj6ab.wav,sita,data/raw/id_kkxr5l6hj6ab.wav,3.2,16000,1,test
id_wbq9ec6u2q00.wav,mbili,data/raw/id_wbq9ec6u2q00.wav,4.96,16000,1,train
id_how31nso2xo5.wav,mbili,data/raw/id_how31nso2xo5.wav,4.32,16000,1,test
id_a9bt0wl3ppod.wav,hapana,data/raw/id_a9bt0wl3ppod.wav,4.48,16000,1,train
id_4wz8yh8w8d72.wav,nane,data/raw/id_4wz8yh8w8d72.wav,3.76,16000,1,test
id_yiiunjzt7k88.wav,hapana,data/raw/id_yiiunjzt7k88.wav,4.48,16000,1,train
id_1nnv73elkrvs.wav,ndio,data/raw/id_1nnv73elkrvs.wav,4.48,16000,1,train
id_k07b4nf1idae.wav,ndio,data/raw/id_k07b4nf1idae.wav,2.8,16000,1,train
id_e9hyz60vn1mb.wav,sita,data/raw/id_e9hyz60vn1mb.wav,4.24,16000,1,train
id_a5n934nl7sny.wav,tano,data/raw/id_a5n934nl7sny.wav,3.2,16000,1,train
id_cnhztqv0936z.wav,kumi,data/raw/id_cnhztqv0936z.wav,4.736,16000,1,test
id_a8ehzbfonu66.wav,saba,data/raw/id_a8ehzbfonu66.wav,4.08,16000,1,test
id_xr6h9mdb7ah8.wav,sita,data/raw/id_xr6h9mdb7ah8.wav,3.36,16000,1,train
id_798ixpgenmb2.wav,tano,data/raw/id_798ixpgenmb2.wav,3.68,16000,1,train
id_4zu9um5qtb5s.wav,kumi,data/raw/id_4zu9um5qtb5s.wav,5.92,16000,1,train
id_r7081y0xtos0.wav,mbili,data/raw/id_r7081y0xtos0.wav,2.8,16000,1,train
id_x6pwbbauckx0.wav,tatu,data/raw/id_x6pwbbauckx0.wav,3.68,16000,1,train
id_7p69sna3ha9y.wav,nne,data/raw/id_7p69sna3ha9y.wav,4.0,16000,1,train
id_efkmat6yqp5e.wav,mbili,data/raw/id_efkmat6yqp5e.wav,4.72,16000,1,train
id_dihamc9u39ww.wav,kumi,data/raw/id_dihamc9u39ww.wav,4.736,16000,1,test
id_pkzcetb1qkps.wav,moja,data/raw/id_pkzcetb1qkps.wav,4.56,16000,1,train
id_2x82riggnjvw.wav,kumi,data/raw/id_2x82riggnjvw.wav,4.4,16000,1,train
id_3fee2wtkma23.wav,nane,data/raw/id_3fee2wtkma23.wav,4.56,16000,1,train
id_qanj7xspevy0.wav,hapana,data/raw/id_qanj7xspevy0.wav,6.24,16000,1,val
id_qtrotyfmkb31.wav,moja,data/raw/id_qtrotyfmkb31.wav,3.36,16000,1,train
id_5htphtiy5uac.wav,moja,data/raw/id_5htphtiy5uac.wav,4.64,16000,1,val
id_h1a84dsaneua.wav,tatu,data/raw/id_h1a84dsaneua.wav,4.0,16000,1,test
id_zf3zp667phpo.wav,saba,data/raw/id_zf3zp667phpo.wav,4.08,16000,1,train
id_u206v9cl7e63.wav,sita,data/raw/id_u206v9cl7e63.wav,4.16,16000,1,train
id_t22q3pi1hoc5.wav,sita,data/raw/id_t22q3pi1hoc5.wav,7.36,16000,1,train
id_cbgyigy1pqzz.wav,sita,data/raw/id_cbgyigy1pqzz.wav,4.8,16000,1,test
id_lwlx3d7p65k7.wav,tano,data/raw/id_lwlx3d7p65k7.wav,3.968,16000,1,val
id_q022n07kg3sn.wav,moja,data/raw/id_q022n07kg3sn.wav,3.92,16000,1,train
id_p2o83qzep1c9.wav,tisa,data/raw/id_p2o83qzep1c9.wav,5.68,16000,1,train
id_pmfftku2wn4t.wav,hapana,data/raw/id_pmfftku2wn4t.wav,3.44,16000,1,test
id_kjugrfyhbed7.wav,moja,data/raw/id_kjugrfyhbed7.wav,3.76,16000,1,train
id_g36hjyb1uu6h.wav,tano,data/raw/id_g36hjyb1uu6h.wav,3.68,16000,1,val
id_aaowqeym43w2.wav,ndio,data/raw/id_aaowqeym43w2.wav,3.44,16000,1,val
id_hgwjqp04scsi.wav,moja,data/raw/id_hgwjqp04scsi.wav,3.84,16000,1,train
id_g6ui4xctk8hu.wav,kumi,data/raw/id_g6ui4xctk8hu.wav,3.68,16000,1,train
id_3c9kgshkpw5z.wav,nane,data/raw/id_3c9kgshkpw5z.wav,6.48,16000,1,val
id_96bdnvk7bxs4.wav,nne,data/raw/id_96bdnvk7bxs4.wav,3.6,16000,1,train
id_u02jty16yn6s.wav,tano,data/raw/id_u02jty16yn6s.wav,3.84,16000,1,val
id_az3ul0wqaxzy.wav,tatu,data/raw/id_az3ul0wqaxzy.wav,3.76,16000,1,train
id_gy8ohvh72rm7.wav,tatu,data/raw/id_gy8ohvh72rm7.wav,8.56,16000,1,train
id_kv9i7cott9yv.wav,tano,data/raw/id_kv9i7cott9yv.wav,3.84,16000,1,test
id_icv7dc1m2lrs.wav,nne,data/raw/id_icv7dc1m2lrs.wav,4.096,16000,1,train
id_7jzwoaacfbpo.wav,hapana,data/raw/id_7jzwoaacfbpo.wav,4.32,16000,1,test
id_zu7epoy0q31e.wav,moja,data/raw/id_zu7epoy0q31e.wav,3.28,16000,1,train
id_4semjrxvrfrd.wav,moja,data/raw/id_4semjrxvrfrd.wav,4.08,16000,1,train
id_jau8lr8cqqko.wav,kumi,data/raw/id_jau8lr8cqqko.wav,4.0,16000,1,train
id_qbuogj3a8wv1.wav,saba,data/raw/id_qbuogj3a8wv1.wav,4.56,16000,1,val
id_t06cia8cn32n.wav,tano,data/raw/id_t06cia8cn32n.wav,6.24,16000,1,train
id_axoylmnwo3s9.wav,nane,data/raw/id_axoylmnwo3s9.wav,4.32,16000,1,test
id_xp89pwxj17yh.wav,kumi,data/raw/id_xp89pwxj17yh.wav,8.0,16000,1,test
id_beukdhd0grnw.wav,mbili,data/raw/id_beukdhd0grnw.wav,3.44,16000,1,train
id_yqsyxoy7jbn4.wav,hapana,data/raw/id_yqsyxoy7jbn4.wav,3.52,16000,1,train
id_n3hyjqutup8w.wav,tano,data/raw/id_n3hyjqutup8w.wav,3.968,16000,1,train
id_q2nz2lah0a2w.wav,tatu,data/raw/id_q2nz2lah0a2w.wav,3.28,16000,1,train
id_38iqgvgqxse1.wav,moja,data/raw/id_38iqgvgqxse1.wav,5.68,16000,1,train
id_n4q86rsq29hl.wav,tano,data/raw/id_n4q86rsq29hl.wav,3.328,16000,1,train
id_2ry6eauufzfd.wav,tatu,data/raw/id_2ry6eauufzfd.wav,4.16,16000,1,val
id_vely75enbkc2.wav,tano,data/raw/id_vely75enbkc2.wav,4.72,16000,1,train
id_ltggexqidequ.wav,hapana,data/raw/id_ltggexqidequ.wav,3.6,16000,1,val
id_22w0lz0fa43k.wav,tatu,data/raw/id_22w0lz0fa43k.wav,4.864,16000,1,train
id_3xhdq222r507.wav,mbili,data/raw/id_3xhdq222r507.wav,6.32,16000,1,train
id_lh4n6dqcq1ku.wav,mbili,data/raw/id_lh4n6dqcq1ku.wav,3.6,16000,1,train
id_j281trj9e2ef.wav,moja,data/raw/id_j281trj9e2ef.wav,4.48,16000,1,test
id_hzo72obgp7rb.wav,kumi,data/raw/id_hzo72obgp7rb.wav,4.96,16000,1,train
id_v32bwosos4mu.wav,tatu,data/raw/id_v32bwosos4mu.wav,4.4,16000,1,test
id_c3peoiq1t3ft.wav,mbili,data/raw/id_c3peoiq1t3ft.wav,5.36,16000,1,train
id_xr5ocxnrjfz6.wav,sita,data/raw/id_xr5ocxnrjfz6.wav,6.0,16000,1,test
id_9p4bhutnxoaz.wav,sita,data/raw/id_9p4bhutnxoaz.wav,4.608,16000,1,val
id_jgetcbg3s3bp.wav,mbili,data/raw/id_jgetcbg3s3bp.wav,2.72,16000,1,train
id_afngbfy2bd1q.wav,nane,data/raw/id_afngbfy2bd1q.wav,3.92,16000,1,train
id_40hja8nyywdd.wav,tano,data/raw/id_40hja8nyywdd.wav,4.08,16000,1,train
id_r8u9y2vjn6zr.wav,hapana,data/raw/id_r8u9y2vjn6zr.wav,5.28,16000,1,val
id_gvbq8ymkhxqv.wav,nane,data/raw/id_gvbq8ymkhxqv.wav,5.04,16000,1,test
id_y6hxa8qd4vp5.wav,saba,data/raw/id_y6hxa8qd4vp5.wav,3.36,16000,1,test
id_olcpgeoj3c2r.wav,ndio,data/raw/id_olcpgeoj3c2r.wav,3.328,16000,1,val
id_vr4lnksn9gep.wav,kumi,data/raw/id_vr4lnksn9gep.wav,4.24,16000,1,train
id_h0buv6cdax36.wav,mbili,data/raw/id_h0buv6cdax36.wav,3.36,16000,1,train
id_aw8rew98kxmq.wav,sita,data/raw/id_aw8rew98kxmq.wav,4.48,16000,1,test
id_z8qufmxahxi3.wav,nane,data/raw/id_z8qufmxahxi3.wav,6.88,16000,1,train
id_88u561vjuxva.wav,hapana,data/raw/id_88u561vjuxva.wav,3.44,16000,1,train
id_ggp4jugydxxn.wav,hapana,data/raw/id_ggp4jugydxxn.wav,3.92,16000,1,train
id_5mfo78ikelk7.wav,tano,data/raw/id_5mfo78ikelk7.wav,3.84,16000,1,train
id_qe2bmybhllbb.wav,saba,data/raw/id_qe2bmybhllbb.wav,3.36,16000,1,val
id_5ui2niq5yll9.wav,tisa,data/raw/id_5ui2niq5yll9.wav,3.84,16000,1,train
id_r4pi37axnl8w.wav,saba,data/raw/id_r4pi37axnl8w.wav,2.88,16000,1,train
id_xr9apuvtb35i.wav,tano,data/raw/id_xr9apuvtb35i.wav,3.28,16000,1,train
id_8c3z26adlmsq.wav,nane,data/raw/id_8c3z26adlmsq.wav,5.2,16000,1,train
id_8b2fv4fqurr1.wav,saba,data/raw/id_8b2fv4fqurr1.wav,3.12,16000,1,train
id_bw6s9g7adpza.wav,nne,data/raw/id_bw6s9g7adpza.wav,4.224,16000,1,test
id_655opz83f256.wav,hapana,data/raw/id_655opz83f256.wav,4.48,16000,1,test
id_9kuvo7i5avm5.wav,ndio,data/raw/id_9kuvo7i5avm5.wav,4.24,16000,1,train
id_489h1yy8isqf.wav,nne,data/raw/id_489h1yy8isqf.wav,5.84,16000,1,train
id_43xn9tcjddi2.wav,moja,data/raw/id_43xn9tcjddi2.wav,5.44,16000,1,test
id_qiy1b23g1epr.wav,hapana,data/raw/id_qiy1b23g1epr.wav,3.28,16000,1,train
id_ohj7j97z85ec.wav,sita,data/raw/id_ohj7j97z85ec.wav,4.32,16000,1,train
id_rnd6owwk8mfv.wav,ndio,data/raw/id_rnd6owwk8mfv.wav,2.96,16000,1,train
id_lqwx4emx15sv.wav,nne,data/raw/id_lqwx4emx15sv.wav,4.96,16000,1,train
id_m913fo07h9oe.wav,kumi,data/raw/id_m913fo07h9oe.wav,4.32,16000,1,train
id_lcb8snwbhsfp.wav,tatu,data/raw/id_lcb8snwbhsfp.wav,5.2,16000,1,train
id_1025345v7gry.wav,tatu,data/raw/id_1025345v7gry.wav,4.0,16000,1,train
id_aclq86lnta44.wav,kumi,data/raw/id_aclq86lnta44.wav,5.92,16000,1,test
id_hiyh9v4mxn77.wav,saba,data/raw/id_hiyh9v4mxn77.wav,5.76,16000,1,train
id_44lznee8c9ez.wav,tatu,data/raw/id_44lznee8c9ez.wav,3.28,16000,1,train
id_jb0mbuarsash.wav,kumi,data/raw/id_jb0mbuarsash.wav,4.08,16000,1,train
id_675r29mbc76i.wav,kumi,data/raw/id_675r29mbc76i.wav,3.12,16000,1,train
id_2ffw0em3f7no.wav,tatu,data/raw/id_2ffw0em3f7no.wav,3.12,16000,1,val
id_f222q7qtvsjc.wav,kumi,data/raw/id_f222q7qtvsjc.wav,7.2,16000,1,train
id_fu28r8oo9v13.wav,tisa,data/raw/id_fu28r8oo9v13.wav,5.52,16000,1,train
id_20ivv7yv7o7e.wav,mbili,data/raw/id_20ivv7yv7o7e.wav,4.72,16000,1,train
id_2dx95jkzoejz.wav,kumi,data/raw/id_2dx95jkzoejz.wav,6.8,16000,1,train
id_nxqpar9xbymg.wav,tisa,data/raw/id_nxqpar9xbymg.wav,3.52,16000,1,train
id_wlgp1iwxdqah.wav,mbili,data/raw/id_wlgp1iwxdqah.wav,3.84,16000,1,train
id_he0ob6dogs97.wav,ndio,data/raw/id_he0ob6dogs97.wav,4.88,16000,1,train
id_wlcjddfyz1ky.wav,tatu,data/raw/id_wlcjddfyz1ky.wav,4.56,16000,1,train
id_n2jq6ofn1gjk.wav,hapana,data/raw/id_n2jq6ofn1gjk.wav,6.272,16000,1,val
id_08b0ikkg78k1.wav,nne,data/raw/id_08b0ikkg78k1.wav,12.672,16000,1,train
id_uytqysvlihux.wav,kumi,data/raw/id_uytqysvlihux.wav,6.16,16000,1,train
id_cd8cgm64i4z4.wav,ndio,data/raw/id_cd8cgm64i4z4.wav,4.16,16000,1,train
id_pkoy97p8b13q.wav,kumi,data/raw/id_pkoy97p8b13q.wav,3.12,16000,1,train
id_zuk6d5c6tp8x.wav,sita,data/raw/id_zuk6d5c6tp8x.wav,3.84,16000,1,val
id_5ro1uwe9bxk7.wav,ndio,data/raw/id_5ro1uwe9bxk7.wav,3.28,16000,1,train
id_fm3ninjl2w6f.wav,tano,data/raw/id_fm3ninjl2w6f.wav,3.28,16000,1,train
id_sdwq1fnaqvdz.wav,nane,data/raw/id_sdwq1fnaqvdz.wav,5.52,16000,1,val
id_j8uibxhonew9.wav,kumi,data/raw/id_j8uibxhonew9.wav,4.48,16000,1,train
id_3lwko257r14u.wav,moja,data/raw/id_3lwko257r14u.wav,3.328,16000,1,train
id_m0i66e7t1ksd.wav,nane,data/raw/id_m0i66e7t1ksd.wav,7.76,16000,1,train
id_qlhz5x0mxumk.wav,tisa,data/raw/id_qlhz5x0mxumk.wav,4.08,16000,1,train
id_m8g61cx1u4ha.wav,ndio,data/raw/id_m8g61cx1u4ha.wav,3.2,16000,1,train
id_xn860zqh17xw.wav,tano,data/raw/id_xn860zqh17xw.wav,4.08,16000,1,val
id_8lnqg1xucd1k.wav,hapana,data/raw/id_8lnqg1xucd1k.wav,4.4,16000,1,test
id_xun1a85y1t9i.wav,kumi,data/raw/id_xun1a85y1t9i.wav,2.64,16000,1,val
id_peqjyodkns0r.wav,sita,data/raw/id_peqjyodkns0r.wav,2.88,16000,1,val
id_ozm898c4vmjz.wav,kumi,data/raw/id_ozm898c4vmjz.wav,4.08,16000,1,test
id_oiy2ogpk040t.wav,moja,data/raw/id_oiy2ogpk040t.wav,6.16,16000,1,train
id_6qznxlsgi7rh.wav,tatu,data/raw/id_6qznxlsgi7rh.wav,5.04,16000,1,train
id_wgucy4dwh83t.wav,moja,data/raw/id_wgucy4dwh83t.wav,4.16,16000,1,train
id_uegn3hwrd2eo.wav,sita,data/raw/id_uegn3hwrd2eo.wav,3.92,16000,1,train
id_i9t25g1mam0u.wav,hapana,data/raw/id_i9t25g1mam0u.wav,3.968,16000,1,train
id_rk44p07348iv.wav,nane,data/raw/id_rk44p07348iv.wav,5.68,16000,1,train
id_wj205l8cotsc.wav,saba,data/raw/id_wj205l8cotsc.wav,4.32,16000,1,test
id_cza0t1pzjj1x.wav,nne,data/raw/id_cza0t1pzjj1x.wav,4.08,16000,1,train
id_jtdryobm1anq.wav,tatu,data/raw/id_jtdryobm1anq.wav,4.16,16000,1,train
id_i9omy4ouobmr.wav,ndio,data/raw/id_i9omy4ouobmr.wav,6.72,16000,1,train
id_xhe0zysz6ctj.wav,ndio,data/raw/id_xhe0zysz6ctj.wav,3.92,16000,1,train
id_y4aj1oi5vlhq.wav,ndio,data/raw/id_y4aj1oi5vlhq.wav,5.04,16000,1,train
id_95g921y5hk5l.wav,tatu,data/raw/id_95g921y5hk5l.wav,3.68,16000,1,train
id_idavrfs27r6h.wav,tano,data/raw/id_idavrfs27r6h.wav,4.48,16000,1,train
id_tvrksbsbsh7i.wav,nane,data/raw/id_tvrksbsbsh7i.wav,4.24,16000,1,train
id_a3y5q4eouq14.wav,ndio,data/raw/id_a3y5q4eouq14.wav,4.4,16000,1,val
id_trstfzmv954d.wav,tatu,data/raw/id_trstfzmv954d.wav,4.64,16000,1,test
id_yt42jv5i5xcd.wav,nane,data/raw/id_yt42jv5i5xcd.wav,62.24,16000,1,val
id_r3e7x9z858mr.wav,nane,data/raw/id_r3e7x9z858mr.wav,5.44,16000,1,train
id_ahfbx52nwlbb.wav,tisa,data/raw/id_ahfbx52nwlbb.wav,5.44,16000,1,train
id_02rt0p2zqm6s.wav,mbili,data/raw/id_02rt0p2zqm6s.wav,5.28,16000,1,train
id_b5q127tpbhia.wav,kumi,data/raw/id_b5q127tpbhia.wav,4.48,16000,1,train
id_hckhccpfvzwa.wav,tisa,data/raw/id_hckhccpfvzwa.wav,4.8,16000,1,train
id_9v7pg4pwmf6h.wav,sita,data/raw/id_9v7pg4pwmf6h.wav,3.44,16000,1,val
id_stkl65535rlv.wav,sita,data/raw/id_stkl65535rlv.wav,4.096,16000,1,train
id_pvn92l073fv7.wav,tatu,data/raw/id_pvn92l073fv7.wav,4.864,16000,1,val
id_jzbjxbq3pqa7.wav,nne,data/raw/id_jzbjxbq3pqa7.wav,3.04,16000,1,train
id_1y45241c0xdg.wav,ndio,data/raw/id_1y45241c0xdg.wav,4.4,16000,1,train
id_0uxx7uona5k3.wav,sita,data/raw/id_0uxx7uona5k3.wav,3.6,16000,1,test
id_5dw3ztj4spqg.wav,nane,data/raw/id_5dw3ztj4spqg.wav,3.2,16000,1,train
id_orzfctzqm2zi.wav,nne,data/raw/id_orzfctzqm2zi.wav,5.28,16000,1,train
id_cmlxsufpks9i.wav,mbili,data/raw/id_cmlxsufpks9i.wav,9.2,16000,1,val
id_zs1tyhcscu9m.wav,mbili,data/raw/id_zs1tyhcscu9m.wav,3.36,16000,1,train
id_80lp58kkl2cc.wav,tatu,data/raw/id_80lp58kkl2cc.wav,3.2,16000,1,train
id_nyq4xv60vgcj.wav,nane,data/raw/id_nyq4xv60vgcj.wav,6.32,16000,1,train
id_dzkgw1jt5oxc.wav,ndio,data/raw/id_dzkgw1jt5oxc.wav,4.56,16000,1,val
id_o9mj3jigqu08.wav,mbili,data/raw/id_o9mj3jigqu08.wav,7.76,16000,1,val
id_fxf1va9pckl6.wav,moja,data/raw/id_fxf1va9pckl6.wav,4.32,16000,1,test
id_bov9nyxpvo3d.wav,saba,data/raw/id_bov9nyxpvo3d.wav,5.12,16000,1,train
id_npt7xn4c7e76.wav,mbili,data/raw/id_npt7xn4c7e76.wav,4.864,16000,1,train
id_a98aatad896m.wav,nane,data/raw/id_a98aatad896m.wav,3.12,16000,1,val
id_343ecwec1es5.wav,kumi,data/raw/id_343ecwec1es5.wav,5.6,16000,1,train
id_de3k2kxeck4z.wav,nane,data/raw/id_de3k2kxeck4z.wav,4.16,16000,1,train
id_8y6fgf8mqo4r.wav,nane,data/raw/id_8y6fgf8mqo4r.wav,3.76,16000,1,train
id_jf3rpb4itodn.wav,hapana,data/raw/id_jf3rpb4itodn.wav,4.16,16000,1,train
id_h1gwdlfjqprw.wav,saba,data/raw/id_h1gwdlfjqprw.wav,4.64,16000,1,train
id_qe3b7vcv1yw3.wav,tisa,data/raw/id_qe3b7vcv1yw3.wav,10.16,16000,1,test
id_gqb2lp0fznf2.wav,sita,data/raw/id_gqb2lp0fznf2.wav,5.12,16000,1,train
id_n4zfnu0182ji.wav,ndio,data/raw/id_n4zfnu0182ji.wav,4.24,16000,1,train
id_m41ealvpw3ra.wav,tano,data/raw/id_m41ealvpw3ra.wav,3.36,16000,1,train
id_ssh7xcoaaxsk.wav,saba,data/raw/id_ssh7xcoaaxsk.wav,4.8,16000,1,test
id_1rd1valqahgw.wav,saba,data/raw/id_1rd1valqahgw.wav,5.52,16000,1,train
id_d86tt17ppv8q.wav,tano,data/raw/id_d86tt17ppv8q.wav,4.08,16000,1,train
id_rchwiklhp4a2.wav,sita,data/raw/id_rchwiklhp4a2.wav,8.0,16000,1,test
id_wkf6b80ez2y2.wav,hapana,data/raw/id_wkf6b80ez2y2.wav,3.36,16000,1,test
id_710tsclefl7o.wav,hapana,data/raw/id_710tsclefl7o.wav,3.6,16000,1,train
id_32p1el13bwqx.wav,hapana,data/raw/id_32p1el13bwqx.wav,3.76,16000,1,train
id_0r7awrawc36d.wav,sita,data/raw/id_0r7awrawc36d.wav,5.248,16000,1,val
id_052d2n084g6e.wav,nane,data/raw/id_052d2n084g6e.wav,4.48,16000,1,train
id_c8edn39igqou.wav,tisa,data/raw/id_c8edn39igqou.wav,4.96,16000,1,train
id_js3zqqy5ly15.wav,ndio,data/raw/id_js3zqqy5ly15.wav,5.04,16000,1,train
id_djzo2b30e952.wav,nane,data/raw/id_djzo2b30e952.wav,3.712,16000,1,train
id_biu2c55upoym.wav,kumi,data/raw/id_biu2c55upoym.wav,4.72,16000,1,val
id_7zr5lsaahcdu.wav,hapana,data/raw/id_7zr5lsaahcdu.wav,6.528,16000,1,val
id_rf50jrofej1e.wav,sita,data/raw/id_rf50jrofej1e.wav,4.32,16000,1,train
id_bvwygbnjfpqk.wav,tatu,data/raw/id_bvwygbnjfpqk.wav,3.92,16000,1,train
id_6ys2o4y3a80r.wav,hapana,data/raw/id_6ys2o4y3a80r.wav,4.72,16000,1,train
id_imvxo1g1dh5m.wav,mbili,data/raw/id_imvxo1g1dh5m.wav,49.408,16000,1,val
id_qhlxzool2zt7.wav,tano,data/raw/id_qhlxzool2zt7.wav,5.12,16000,1,train
id_izu4qqxn0fca.wav,mbili,data/raw/id_izu4qqxn0fca.wav,4.56,16000,1,train
id_p3657su2xuif.wav,hapana,data/raw/id_p3657su2xuif.wav,4.24,16000,1,train
id_myu1h7kpqmr5.wav,tano,data/raw/id_myu1h7kpqmr5.wav,4.0,16000,1,train
id_xncvo0g3ocv3.wav,nane,data/raw/id_xncvo0g3ocv3.wav,3.28,16000,1,train
id_f90oc1jnzbse.wav,ndio,data/raw/id_f90oc1jnzbse.wav,4.16,16000,1,train
id_rvxj30vyd4ve.wav,kumi,data/raw/id_rvxj30vyd4ve.wav,3.92,16000,1,train
id_pglcrdaf3m07.wav,tano,data/raw/id_pglcrdaf3m07.wav,4.64,16000,1,train
id_yty5uhlw4i7r.wav,nne,data/raw/id_yty5uhlw4i7r.wav,3.12,16000,1,train
id_7yoeziq1rp1o.wav,tano,data/raw/id_7yoeziq1rp1o.wav,4.16,16000,1,train
id_7f91xbvh8spl.wav,ndio,data/raw/id_7f91xbvh8spl.wav,4.224,16000,1,train
id_ojq0on1hiugb.wav,tatu,data/raw/id_ojq0on1hiugb.wav,3.76,16000,1,train
id_n39l4uejrf9x.wav,sita,data/raw/id_n39l4uejrf9x.wav,8.48,16000,1,train
id_ezsn58igbhih.wav,nane,data/raw/id_ezsn58igbhih.wav,4.48,16000,1,train
id_7q3auqf46dp9.wav,moja,data/raw/id_7q3auqf46dp9.wav,4.864,16000,1,train
id_vid07p1r3n3b.wav,nane,data/raw/id_vid07p1r3n3b.wav,4.352,16000,1,val
id_lmvrjlvtk8gr.wav,nane,data/raw/id_lmvrjlvtk8gr.wav,7.424,16000,1,test
id_taki0ypga2mi.wav,hapana,data/raw/id_taki0ypga2mi.wav,5.76,16000,1,train
id_oz1aress4a2o.wav,kumi,data/raw/id_oz1aress4a2o.wav,2.96,16000,1,train
id_p7ecbqbeaho9.wav,saba,data/raw/id_p7ecbqbeaho9.wav,4.864,16000,1,test
id_5s5ihian5fva.wav,nne,data/raw/id_5s5ihian5fva.wav,4.08,16000,1,val
id_5l4wa0qa62wf.wav,sita,data/raw/id_5l4wa0qa62wf.wav,4.24,16000,1,train
id_9jwsincsjqxb.wav,tisa,data/raw/id_9jwsincsjqxb.wav,4.8,16000,1,train
id_ipweb3j00wz4.wav,nne,data/raw/id_ipweb3j00wz4.wav,4.096,16000,1,train
id_91km4rrf8cde.wav,tano,data/raw/id_91km4rrf8cde.wav,2.72,16000,1,train
id_r9tywacvjc3t.wav,ndio,data/raw/id_r9tywacvjc3t.wav,3.712,16000,1,train
id_ck0f7jjzrb62.wav,nne,data/raw/id_ck0f7jjzrb62.wav,5.2,16000,1,train
id_sl3dc1niqpww.wav,ndio,data/raw/id_sl3dc1niqpww.wav,4.16,16000,1,train
id_0kbkytu57yvs.wav,sita,data/raw/id_0kbkytu57yvs.wav,7.04,16000,1,test
id_7dixb1qay2no.wav,kumi,data/raw/id_7dixb1qay2no.wav,2.8,16000,1,train
id_0kxhzqwpppwk.wav,hapana,data/raw/id_0kxhzqwpppwk.wav,4.88,16000,1,val
id_m9i0ym7mrf44.wav,saba,data/raw/id_m9i0ym7mrf44.wav,4.8,16000,1,val
id_gqg8zirklplc.wav,tisa,data/raw/id_gqg8zirklplc.wav,5.28,16000,1,train
id_hngtb77ftgwa.wav,kumi,data/raw/id_hngtb77ftgwa.wav,4.32,16000,1,train
id_qh8juxjka9bj.wav,nane,data/raw/id_qh8juxjka9bj.wav,4.352,16000,1,train
id_at0vgpe3z8h7.wav,sita,data/raw/id_at0vgpe3z8h7.wav,4.0,16000,1,train
id_3i7rr3mua8mq.wav,mbili,data/raw/id_3i7rr3mua8mq.wav,6.784,16000,1,test
id_os88ex3c3u49.wav,nane,data/raw/id_os88ex3c3u49.wav,4.0,16000,1,test
id_l1lcm1k62tgg.wav,tatu,data/raw/id_l1lcm1k62tgg.wav,4.4,16000,1,test
id_jv2ramr884vx.wav,saba,data/raw/id_jv2ramr884vx.wav,3.28,16000,1,test
id_hhghk6yhg7zs.wav,saba,data/raw/id_hhghk6yhg7zs.wav,5.6,16000,1,train
id_heuu73wv6tls.wav,mbili,data/raw/id_heuu73wv6tls.wav,3.12,16000,1,train
id_zh5aso2qzjfi.wav,moja,data/raw/id_zh5aso2qzjfi.wav,3.68,16000,1,train
id_ui0eyx7ck72k.wav,nane,data/raw/id_ui0eyx7ck72k.wav,4.48,16000,1,train
id_o45bknrzkqsm.wav,sita,data/raw/id_o45bknrzkqsm.wav,5.36,16000,1,val
id_6mep8u7jcl6c.wav,nne,data/raw/id_6mep8u7jcl6c.wav,4.4,16000,1,train
id_ipurvwi8cujh.wav,moja,data/raw/id_ipurvwi8cujh.wav,4.08,16000,1,train
id_yz6aom2mo6ih.wav,sita,data/raw/id_yz6aom2mo6ih.wav,3.28,16000,1,train
id_mly26efw104n.wav,nne,data/raw/id_mly26efw104n.wav,10.72,16000,1,train
id_6xt0oapbzfm8.wav,tatu,data/raw/id_6xt0oapbzfm8.wav,4.4,16000,1,val
id_18n2b0l57nsp.wav,nane,data/raw/id_18n2b0l57nsp.wav,4.352,16000,1,train
id_gqqkikmkx8yp.wav,moja,data/raw/id_gqqkikmkx8yp.wav,4.96,16000,1,test
id_x7bolnlofmfx.wav,nne,data/raw/id_x7bolnlofmfx.wav,4.32,16000,1,train
id_iz9x1oze8vjq.wav,nne,data/raw/id_iz9x1oze8vjq.wav,3.28,16000,1,val
id_6zzq5seczqen.wav,tatu,data/raw/id_6zzq5seczqen.wav,3.36,16000,1,train
id_cd82kud46wpu.wav,nne,data/raw/id_cd82kud46wpu.wav,3.76,16000,1,train
id_z54zn9dyctg2.wav,nane,data/raw/id_z54zn9dyctg2.wav,5.248,16000,1,train
id_e6bctddrcdwl.wav,tisa,data/raw/id_e6bctddrcdwl.wav,6.72,16000,1,test
id_169bu2n1892k.wav,nane,data/raw/id_169bu2n1892k.wav,3.44,16000,1,train
id_cwwrk7afoax5.wav,saba,data/raw/id_cwwrk7afoax5.wav,3.2,16000,1,train
id_clg37pla3snz.wav,tisa,data/raw/id_clg37pla3snz.wav,7.44,16000,1,train
id_4ll3yf4fcq6e.wav,nne,data/raw/id_4ll3yf4fcq6e.wav,3.44,16000,1,test
id_riz8n3zgu5nc.wav,tatu,data/raw/id_riz8n3zgu5nc.wav,4.48,16000,1,val
id_lbedtehdjc5q.wav,ndio,data/raw/id_lbedtehdjc5q.wav,3.68,16000,1,train
id_cqh1v89t7m1t.wav,mbili,data/raw/id_cqh1v89t7m1t.wav,3.92,16000,1,test
id_jo6f1ef6uoqf.wav,tatu,data/raw/id_jo6f1ef6uoqf.wav,4.736,16000,1,train
id_kc45z2fw8ybh.wav,tano,data/raw/id_kc45z2fw8ybh.wav,4.16,16000,1,val
id_vwpuz4i9vgkx.wav,mbili,data/raw/id_vwpuz4i9vgkx.wav,5.68,16000,1,train
id_gp32kp3wfhq2.wav,tano,data/raw/id_gp32kp3wfhq2.wav,3.76,16000,1,train
id_ke9iku0q76f1.wav,kumi,data/raw/id_ke9iku0q76f1.wav,2.8,16000,1,train
id_vvpcrv23uege.wav,ndio,data/raw/id_vvpcrv23uege.wav,4.48,16000,1,val
id_r62xen76u4e6.wav,sita,data/raw/id_r62xen76u4e6.wav,5.04,16000,1,train
id_xjd9b7slwb28.wav,ndio,data/raw/id_xjd9b7slwb28.wav,4.24,16000,1,train
id_r4l5g4992pcl.wav,ndio,data/raw/id_r4l5g4992pcl.wav,3.04,16000,1,train
id_cabxws6ngycr.wav,nne,data/raw/id_cabxws6ngycr.wav,4.32,16000,1,train
id_c88d3pdhfaui.wav,ndio,data/raw/id_c88d3pdhfaui.wav,5.12,16000,1,val
id_gqpoanm55a37.wav,mbili,data/raw/id_gqpoanm55a37.wav,3.36,16000,1,train
id_xjqhwid1hgjz.wav,sita,data/raw/id_xjqhwid1hgjz.wav,4.48,16000,1,train
id_veva5988d6ix.wav,hapana,data/raw/id_veva5988d6ix.wav,4.24,16000,1,train
id_5dqj1ld511kg.wav,saba,data/raw/id_5dqj1ld511kg.wav,4.56,16000,1,train
id_8wc1j41bu4p2.wav,saba,data/raw/id_8wc1j41bu4p2.wav,4.224,16000,1,test
id_c1ea0e51yetr.wav,nane,data/raw/id_c1ea0e51yetr.wav,4.16,16000,1,train
id_m4pmyoplloq9.wav,saba,data/raw/id_m4pmyoplloq9.wav,3.92,16000,1,test
id_urmnukvuuzu7.wav,tatu,data/raw/id_urmnukvuuzu7.wav,3.76,16000,1,train
id_ar1cbaaq2kw6.wav,kumi,data/raw/id_ar1cbaaq2kw6.wav,5.12,16000,1,val
id_uq7fd55jmric.wav,nane,data/raw/id_uq7fd55jmric.wav,5.12,16000,1,test
id_v8szklm1m4ih.wav,tano,data/raw/id_v8szklm1m4ih.wav,3.36,16000,1,train
id_qfw5p9ufsrvf.wav,nne,data/raw/id_qfw5p9ufsrvf.wav,4.224,16000,1,train
id_f78cls1lk3x9.wav,nne,data/raw/id_f78cls1lk3x9.wav,3.584,16000,1,train
id_583akl40fz8w.wav,nne,data/raw/id_583akl40fz8w.wav,4.0,16000,1,val
id_p9h1hg9c7de5.wav,nne,data/raw/id_p9h1hg9c7de5.wav,4.0,16000,1,train
id_3n8b95x59exw.wav,tano,data/raw/id_3n8b95x59exw.wav,4.0,16000,1,train
id_lduvyw6ck4ea.wav,tano,data/raw/id_lduvyw6ck4ea.wav,6.96,16000,1,train
id_02gnxhol6cek.wav,tano,data/raw/id_02gnxhol6cek.wav,6.24,16000,1,train
id_1fl8vl27b0ri.wav,moja,data/raw/id_1fl8vl27b0ri.wav,3.6,16000,1,test
id_yogqeztnbkld.wav,tisa,data/raw/id_yogqeztnbkld.wav,4.56,16000,1,train
id_r3lvet993su7.wav,moja,data/raw/id_r3lvet993su7.wav,3.2,16000,1,test
id_fcm4kllovl4p.wav,mbili,data/raw/id_fcm4kllovl4p.wav,5.28,16000,1,val
id_8jyadbv3c4jd.wav,ndio,data/raw/id_8jyadbv3c4jd.wav,3.36,16000,1,train
id_hme25doaw4n4.wav,nane,data/raw/id_hme25doaw4n4.wav,4.992,16000,1,test
id_u5js6ytxfv3q.wav,tatu,data/raw/id_u5js6ytxfv3q.wav,4.608,16000,1,train
id_awb9zz35exud.wav,tano,data/raw/id_awb9zz35exud.wav,2.88,16000,1,test
id_nukkm5jjsxxy.wav,mbili,data/raw/id_nukkm5jjsxxy.wav,3.712,16000,1,train
id_sbc61ne4a7ys.wav,saba,data/raw/id_sbc61ne4a7ys.wav,4.736,16000,1,train
id_3l6pjwqwtsdm.wav,moja,data/raw/id_3l6pjwqwtsdm.wav,4.56,16000,1,train
id_2aoxj1d8wvqw.wav,sita,data/raw/id_2aoxj1d8wvqw.wav,7.04,16000,1,val
id_9nhsialypfu5.wav,tano,data/raw/id_9nhsialypfu5.wav,4.8,16000,1,train
id_lie6717iixch.wav,tisa,data/raw/id_lie6717iixch.wav,3.6,16000,1,train
id_mtshmkv0dhps.wav,mbili,data/raw/id_mtshmkv0dhps.wav,3.44,16000,1,train
id_8lyes384sk5h.wav,tisa,data/raw/id_8lyes384sk5h.wav,5.52,16000,1,train
id_aqkrqidp0fa8.wav,nne,data/raw/id_aqkrqidp0fa8.wav,3.28,16000,1,train
id_z4a8jm21uhmt.wav,mbili,data/raw/id_z4a8jm21uhmt.wav,6.16,16000,1,test
id_ju507ixw2fk1.wav,kumi,data/raw/id_ju507ixw2fk1.wav,4.32,16000,1,train
id_jo8wl47wss2k.wav,moja,data/raw/id_jo8wl47wss2k.wav,4.608,16000,1,train
id_lndygg9eh83h.wav,kumi,data/raw/id_lndygg9eh83h.wav,3.68,16000,1,train
id_1oaqtr0qfagr.wav,moja,data/raw/id_1oaqtr0qfagr.wav,4.8,16000,1,test
id_kx88wgu6tode.wav,sita,data/raw/id_kx88wgu6tode.wav,5.68,16000,1,train
id_usxah42fmi35.wav,tatu,data/raw/id_usxah42fmi35.wav,5.44,16000,1,train
id_qrk3zkhbygxi.wav,tisa,data/raw/id_qrk3zkhbygxi.wav,4.4,16000,1,train
id_54d0c5chzq2v.wav,tisa,data/raw/id_54d0c5chzq2v.wav,5.52,16000,1,train
id_dym9btiw9dfw.wav,hapana,data/raw/id_dym9btiw9dfw.wav,3.36,16000,1,train
id_3gopniagk4ms.wav,tisa,data/raw/id_3gopniagk4ms.wav,3.6,16000,1,train
id_icma48soboev.wav,saba,data/raw/id_icma48soboev.wav,4.4,16000,1,train
id_6cx0xnon41r7.wav,sita,data/raw/id_6cx0xnon41r7.wav,4.32,16000,1,train
id_uumlkzckx9q0.wav,mbili,data/raw/id_uumlkzckx9q0.wav,3.68,16000,1,train
id_blovoxmwftrc.wav,tisa,data/raw/id_blovoxmwftrc.wav,6.32,16000,1,train
id_tdo0t77xsntv.wav,mbili,data/raw/id_tdo0t77xsntv.wav,6.16,16000,1,val
id_y9ew39kchshr.wav,moja,data/raw/id_y9ew39kchshr.wav,4.608,16000,1,test
id_llyxwan6x9ib.wav,kumi,data/raw/id_llyxwan6x9ib.wav,4.48,16000,1,train
id_vwnpqdg7xz7b.wav,nne,data/raw/id_vwnpqdg7xz7b.wav,3.968,16000,1,val
id_c70hyu9apoag.wav,tatu,data/raw/id_c70hyu9apoag.wav,4.56,16000,1,train
id_qp2exgpeewvo.wav,hapana,data/raw/id_qp2exgpeewvo.wav,7.84,16000,1,train
id_gznb39fawkdt.wav,tano,data/raw/id_gznb39fawkdt.wav,4.24,16000,1,train
id_pxqvkfr01tzv.wav,tano,data/raw/id_pxqvkfr01tzv.wav,7.808,16000,1,train
id_6082bqc218pp.wav,kumi,data/raw/id_6082bqc218pp.wav,4.56,16000,1,train
id_pbw5m68y94kn.wav,mbili,data/raw/id_pbw5m68y94kn.wav,4.24,16000,1,val
id_vtdtoem9lcbh.wav,saba,data/raw/id_vtdtoem9lcbh.wav,3.84,16000,1,train
id_zxdsbyl606e7.wav,kumi,data/raw/id_zxdsbyl606e7.wav,4.32,16000,1,train
id_1hoz655dyxuo.wav,hapana,data/raw/id_1hoz655dyxuo.wav,3.28,16000,1,train
id_ungzelxpo587.wav,tatu,data/raw/id_ungzelxpo587.wav,4.24,16000,1,val
id_2yu4yrcgq4mj.wav,tisa,data/raw/id_2yu4yrcgq4mj.wav,3.84,16000,1,train
id_6arofv0ed8mt.wav,moja,data/raw/id_6arofv0ed8mt.wav,4.0,16000,1,train
id_kxbic8yrn4g7.wav,tatu,data/raw/id_kxbic8yrn4g7.wav,5.52,16000,1,train
id_e1vmvfrgrcvs.wav,saba,data/raw/id_e1vmvfrgrcvs.wav,3.68,16000,1,train
id_qp8wte1v4if1.wav,saba,data/raw/id_qp8wte1v4if1.wav,5.52,16000,1,val
id_xsh3vh9wqre7.wav,hapana,data/raw/id_xsh3vh9wqre7.wav,5.04,16000,1,train
id_f3d68zynnpcj.wav,mbili,data/raw/id_f3d68zynnpcj.wav,4.0,16000,1,val
id_2dd7jya7rdx4.wav,sita,data/raw/id_2dd7jya7rdx4.wav,4.224,16000,1,train
id_elyf5s47mwml.wav,nne,data/raw/id_elyf5s47mwml.wav,6.08,16000,1,val
id_i0vmezgoe8sp.wav,tisa,data/raw/id_i0vmezgoe8sp.wav,4.08,16000,1,val
id_p22oyx200wge.wav,nne,data/raw/id_p22oyx200wge.wav,3.36,16000,1,train
id_4v8ap7315sx9.wav,mbili,data/raw/id_4v8ap7315sx9.wav,5.04,16000,1,train
id_8oif8t8z45yy.wav,mbili,data/raw/id_8oif8t8z45yy.wav,5.76,16000,1,train
id_keo1hrr8cv7l.wav,ndio,data/raw/id_keo1hrr8cv7l.wav,3.28,16000,1,train
id_an1s6i3uc5r7.wav,sita,data/raw/id_an1s6i3uc5r7.wav,3.44,16000,1,test
id_ks2c2rgu4o2r.wav,mbili,data/raw/id_ks2c2rgu4o2r.wav,3.968,16000,1,train
id_g5oo1drko5rn.wav,ndio,data/raw/id_g5oo1drko5rn.wav,3.92,16000,1,test
id_y9f2c398543q.wav,kumi,data/raw/id_y9f2c398543q.wav,3.6,16000,1,train
id_3u4bhmvilf8t.wav,tisa,data/raw/id_3u4bhmvilf8t.wav,4.16,16000,1,train
id_83cvn96lvva4.wav,mbili,data/raw/id_83cvn96lvva4.wav,4.16,16000,1,train
id_y2srjhqtou6c.wav,sita,data/raw/id_y2srjhqtou6c.wav,4.0,16000,1,train
id_jdew6x7qyanc.wav,sita,data/raw/id_jdew6x7qyanc.wav,5.04,16000,1,train
id_d1g495f1j6ea.wav,tano,data/raw/id_d1g495f1j6ea.wav,4.224,16000,1,test
id_s110qvr3smzm.wav,mbili,data/raw/id_s110qvr3smzm.wav,4.24,16000,1,test
id_zho37lfbspm4.wav,kumi,data/raw/id_zho37lfbspm4.wav,3.04,16000,1,train
id_bsjwdptexybm.wav,tano,data/raw/id_bsjwdptexybm.wav,3.84,16000,1,train
id_wi18m323924n.wav,tisa,data/raw/id_wi18m323924n.wav,3.968,16000,1,train
id_ckdx4qyac694.wav,moja,data/raw/id_ckdx4qyac694.wav,6.72,16000,1,test
id_a13dy9i8zncc.wav,nane,data/raw/id_a13dy9i8zncc.wav,4.16,16000,1,train
id_3p4b7mcsyovz.wav,hapana,data/raw/id_3p4b7mcsyovz.wav,3.6,16000,1,train
id_33zb7jvlr24c.wav,hapana,data/raw/id_33zb7jvlr24c.wav,4.16,16000,1,val
id_113b1nm7lrc4.wav,tisa,data/raw/id_113b1nm7lrc4.wav,4.864,16000,1,train
id_74nh35tf8ahp.wav,moja,data/raw/id_74nh35tf8ahp.wav,6.64,16000,1,train
id_x0dhreogq9s8.wav,tatu,data/raw/id_x0dhreogq9s8.wav,4.96,16000,1,train
id_ug9366c9nnov.wav,sita,data/raw/id_ug9366c9nnov.wav,6.56,16000,1,test
id_7oywkfu3rls4.wav,nane,data/raw/id_7oywkfu3rls4.wav,4.8,16000,1,train
id_p5mczc3rv2wk.wav,moja,data/raw/id_p5mczc3rv2wk.wav,7.28,16000,1,train
id_1bxrd1cmac6f.wav,tano,data/raw/id_1bxrd1cmac6f.wav,4.08,16000,1,test
id_gn1ngkljof8s.wav,kumi,data/raw/id_gn1ngkljof8s.wav,4.24,16000,1,test
id_63zhe51wypf9.wav,nne,data/raw/id_63zhe51wypf9.wav,6.8,16000,1,train
id_g3ur6kbf4u3o.wav,tisa,data/raw/id_g3ur6kbf4u3o.wav,3.2,16000,1,train
id_tqsjx3c518rc.wav,nne,data/raw/id_tqsjx3c518rc.wav,4.08,16000,1,train
id_qg33rgusly8w.wav,nne,data/raw/id_qg33rgusly8w.wav,7.76,16000,1,train
id_dorl5v6bse1l.wav,nane,data/raw/id_dorl5v6bse1l.wav,4.8,16000,1,train
id_d0w5pb0vs9xo.wav,saba,data/raw/id_d0w5pb0vs9xo.wav,2.88,16000,1,train
id_8kwro8rp6slb.wav,nane,data/raw/id_8kwro8rp6slb.wav,3.68,16000,1,val
id_4l2tt96kaaht.wav,sita,data/raw/id_4l2tt96kaaht.wav,3.76,16000,1,train
id_kd6i4g770kdy.wav,nane,data/raw/id_kd6i4g770kdy.wav,4.48,16000,1,test
id_vk5godl30rzc.wav,hapana,data/raw/id_vk5godl30rzc.wav,4.4,16000,1,train
id_n044urnv2zuh.wav,tano,data/raw/id_n044urnv2zuh.wav,3.968,16000,1,train
id_cpue1ijxno8g.wav,ndio,data/raw/id_cpue1ijxno8g.wav,3.968,16000,1,train
id_deshokjwh4v0.wav,hapana,data/raw/id_deshokjwh4v0.wav,5.84,16000,1,val
id_itkdpo9yhp1t.wav,tisa,data/raw/id_itkdpo9yhp1t.wav,4.16,16000,1,train
id_nxaluujop0qk.wav,tatu,data/raw/id_nxaluujop0qk.wav,4.32,16000,1,train
id_dls4ym4mjgu7.wav,tatu,data/raw/id_dls4ym4mjgu7.wav,7.68,16000,1,train
id_oiqvisx2vorl.wav,sita,data/raw/id_oiqvisx2vorl.wav,4.8,16000,1,train
id_dqmq2w2ngry0.wav,mbili,data/raw/id_dqmq2w2ngry0.wav,4.16,16000,1,train
id_1a7ortjxaqj4.wav,tatu,data/raw/id_1a7ortjxaqj4.wav,4.64,16000,1,train
id_amtbp2zrdt2v.wav,nane,data/raw/id_amtbp2zrdt2v.wav,5.36,16000,1,train
id_7vspd6lf1hdt.wav,moja,data/raw/id_7vspd6lf1hdt.wav,5.92,16000,1,test
id_k14al3oi3dsl.wav,ndio,data/raw/id_k14al3oi3dsl.wav,5.6,16000,1,train
id_xv0v9zzodpfn.wav,sita,data/raw/id_xv0v9zzodpfn.wav,6.08,16000,1,train
id_r9lf1obkwslh.wav,tatu,data/raw/id_r9lf1obkwslh.wav,3.28,16000,1,val
id_809618hcnonu.wav,sita,data/raw/id_809618hcnonu.wav,3.6,16000,1,train
id_w5ffja120wyb.wav,sita,data/raw/id_w5ffja120wyb.wav,3.76,16000,1,train
id_zlfye2qpp812.wav,ndio,data/raw/id_zlfye2qpp812.wav,62.08,16000,1,val
id_33dxgna8ce62.wav,sita,data/raw/id_33dxgna8ce62.wav,6.88,16000,1,train
id_1li2ku75j94g.wav,tatu,data/raw/id_1li2ku75j94g.wav,6.4,16000,1,val
id_n9jhnmikkyts.wav,hapana,data/raw/id_n9jhnmikkyts.wav,4.56,16000,1,test
id_vzq0eb74bq4y.wav,tano,data/raw/id_vzq0eb74bq4y.wav,4.88,16000,1,train
id_w5ikop6cxmj6.wav,sita,data/raw/id_w5ikop6cxmj6.wav,3.84,16000,1,train
id_f8ipidfmi08p.wav,sita,data/raw/id_f8ipidfmi08p.wav,3.968,16000,1,train
id_obvyrc9fhll9.wav,nane,data/raw/id_obvyrc9fhll9.wav,4.24,16000,1,train
id_gcmpl6zpq0wx.wav,moja,data/raw/id_gcmpl6zpq0wx.wav,3.92,16000,1,test
id_yiajg3i83ef8.wav,kumi,data/raw/id_yiajg3i83ef8.wav,4.0,16000,1,val
id_uxz0zjj69hy5.wav,tano,data/raw/id_uxz0zjj69hy5.wav,4.8,16000,1,test
id_on6o0lutuoea.wav,kumi,data/raw/id_on6o0lutuoea.wav,3.76,16000,1,train
id_n1fcerruuwhq.wav,hapana,data/raw/id_n1fcerruuwhq.wav,2.8,16000,1,train
id_zqvhrxeqf9rn.wav,tisa,data/raw/id_zqvhrxeqf9rn.wav,5.2,16000,1,train
id_2h0h7uny06df.wav,nane,data/raw/id_2h0h7uny06df.wav,5.28,16000,1,train
id_xlh4nadhrwa1.wav,kumi,data/raw/id_xlh4nadhrwa1.wav,26.4,16000,1,test
id_qlqkj5dhp9eq.wav,sita,data/raw/id_qlqkj5dhp9eq.wav,2.96,16000,1,train
id_0drn03ed7y9u.wav,tatu,data/raw/id_0drn03ed7y9u.wav,4.4,16000,1,train
id_6nw7a125aewx.wav,nane,data/raw/id_6nw7a125aewx.wav,3.92,16000,1,test
id_c48r08b67dj0.wav,kumi,data/raw/id_c48r08b67dj0.wav,2.8,16000,1,val
id_nxn37xuppti3.wav,tisa,data/raw/id_nxn37xuppti3.wav,3.92,16000,1,train
id_n1nd14u7u848.wav,moja,data/raw/id_n1nd14u7u848.wav,2.72,16000,1,train
id_00hqhzl5653c.wav,ndio,data/raw/id_00hqhzl5653c.wav,3.6,16000,1,test
id_s1rtusftdneh.wav,hapana,data/raw/id_s1rtusftdneh.wav,4.72,16000,1,train
id_30cs2stw0ei6.wav,kumi,data/raw/id_30cs2stw0ei6.wav,4.0,16000,1,train
id_6uh0lbu4im4c.wav,nane,data/raw/id_6uh0lbu4im4c.wav,4.16,16000,1,train
id_tesbm3el5o11.wav,saba,data/raw/id_tesbm3el5o11.wav,4.24,16000,1,val
id_v4t4tamrpx8u.wav,nne,data/raw/id_v4t4tamrpx8u.wav,4.32,16000,1,train
id_ecpb17kbtpar.wav,tisa,data/raw/id_ecpb17kbtpar.wav,4.88,16000,1,train
id_m7p6eekewgfi.wav,ndio,data/raw/id_m7p6eekewgfi.wav,3.68,16000,1,train
id_ennsxt4prxmu.wav,tisa,data/raw/id_ennsxt4prxmu.wav,5.12,16000,1,train
id_9vw7pywnhtgg.wav,saba,data/raw/id_9vw7pywnhtgg.wav,4.64,16000,1,train
id_zmyo57zfha6s.wav,nane,data/raw/id_zmyo57zfha6s.wav,5.76,16000,1,val
id_47iplmbhbbx2.wav,ndio,data/raw/id_47iplmbhbbx2.wav,5.92,16000,1,val
id_9bbz7alxy9wb.wav,mbili,data/raw/id_9bbz7alxy9wb.wav,3.36,16000,1,train
id_2beg86f1n08p.wav,moja,data/raw/id_2beg86f1n08p.wav,3.68,16000,1,val
id_2ylectoxtr8n.wav,sita,data/raw/id_2ylectoxtr8n.wav,4.96,16000,1,train
id_kh70vqs8jxo5.wav,saba,data/raw/id_kh70vqs8jxo5.wav,3.76,16000,1,train
id_ogeqaemr3bg3.wav,sita,data/raw/id_ogeqaemr3bg3.wav,2.96,16000,1,train
id_qu639jrlyovk.wav,ndio,data/raw/id_qu639jrlyovk.wav,4.0,16000,1,train
id_yv0wugfsg1ao.wav,mbili,data/raw/id_yv0wugfsg1ao.wav,3.28,16000,1,test
id_twp8kzflzc9b.wav,tatu,data/raw/id_twp8kzflzc9b.wav,5.92,16000,1,test
id_1bsffklq1fqu.wav,tisa,data/raw/id_1bsffklq1fqu.wav,5.6,16000,1,train
id_buqzbwerrj7l.wav,saba,data/raw/id_buqzbwerrj7l.wav,5.2,16000,1,test
id_2b5hydw7ouoi.wav,tisa,data/raw/id_2b5hydw7ouoi.wav,3.44,16000,1,val
id_ie95geu63t66.wav,hapana,data/raw/id_ie95geu63t66.wav,3.84,16000,1,train
id_qmsgjp9f7uxb.wav,kumi,data/raw/id_qmsgjp9f7uxb.wav,4.96,16000,1,test
id_kstrzx615274.wav,moja,data/raw/id_kstrzx615274.wav,4.08,16000,1,train
id_7us8kaz1736o.wav,tatu,data/raw/id_7us8kaz1736o.wav,4.08,16000,1,val
id_syqthfv83eu2.wav,saba,data/raw/id_syqthfv83eu2.wav,4.88,16000,1,train
id_7wg9jso6qqrw.wav,nne,data/raw/id_7wg9jso6qqrw.wav,3.52,16000,1,train
id_arq496wv7nq7.wav,moja,data/raw/id_arq496wv7nq7.wav,5.52,16000,1,train
id_7jp0zhso80hw.wav,nane,data/raw/id_7jp0zhso80hw.wav,5.12,16000,1,train
id_8a7i45e13z5d.wav,tatu,data/raw/id_8a7i45e13z5d.wav,4.096,16000,1,val
id_7pmk1x7f1kvk.wav,tisa,data/raw/id_7pmk1x7f1kvk.wav,4.32,16000,1,train
id_3k77zd22abns.wav,nne,data/raw/id_3k77zd22abns.wav,3.6,16000,1,train
id_sj8179j9i6nw.wav,saba,data/raw/id_sj8179j9i6nw.wav,4.08,16000,1,train
id_yjooce1llkg3.wav,moja,data/raw/id_yjooce1llkg3.wav,3.84,16000,1,val
id_9fy4way7pj8c.wav,ndio,data/raw/id_9fy4way7pj8c.wav,3.584,16000,1,test
id_tw7ylhb8un5p.wav,moja,data/raw/id_tw7ylhb8un5p.wav,3.76,16000,1,val
id_ae1z3omv3z2i.wav,mbili,data/raw/id_ae1z3omv3z2i.wav,4.8,16000,1,val
id_tsgy9tt0gzir.wav,nane,data/raw/id_tsgy9tt0gzir.wav,6.16,16000,1,val
id_2hbi2ir8bed1.wav,saba,data/raw/id_2hbi2ir8bed1.wav,4.0,16000,1,train
id_obekfv4lwcoy.wav,nane,data/raw/id_obekfv4lwcoy.wav,3.36,16000,1,train
id_98qzlkoo78am.wav,kumi,data/raw/id_98qzlkoo78am.wav,3.28,16000,1,train
id_3de5isyfv5nd.wav,hapana,data/raw/id_3de5isyfv5nd.wav,6.96,16000,1,train
id_5qagomuwe6iy.wav,nne,data/raw/id_5qagomuwe6iy.wav,4.72,16000,1,train
id_93fd8w8p1nxc.wav,kumi,data/raw/id_93fd8w8p1nxc.wav,3.12,16000,1,train
id_r4fdw6zey6h5.wav,tisa,data/raw/id_r4fdw6zey6h5.wav,4.08,16000,1,train
id_djdwa9dfjf5c.wav,tatu,data/raw/id_djdwa9dfjf5c.wav,4.88,16000,1,train
id_aru2jpbjdfd2.wav,kumi,data/raw/id_aru2jpbjdfd2.wav,4.16,16000,1,test
id_gwbud7tglcla.wav,tisa,data/raw/id_gwbud7tglcla.wav,3.2,16000,1,val
id_3b08magdq64p.wav,mbili,data/raw/id_3b08magdq64p.wav,5.68,16000,1,train
id_pwexletl4g7y.wav,sita,data/raw/id_pwexletl4g7y.wav,5.12,16000,1,train
id_ldnjoueud71n.wav,tisa,data/raw/id_ldnjoueud71n.wav,4.608,16000,1,train
id_7o8r82oylpat.wav,mbili,data/raw/id_7o8r82oylpat.wav,4.0,16000,1,train
id_ypaayqws5kqq.wav,saba,data/raw/id_ypaayqws5kqq.wav,3.84,16000,1,test
id_1a8vrokrnq9z.wav,nne,data/raw/id_1a8vrokrnq9z.wav,6.144,16000,1,test
id_dcomrvno0sa8.wav,saba,data/raw/id_dcomrvno0sa8.wav,3.44,16000,1,train
id_rutlmifnna08.wav,moja,data/raw/id_rutlmifnna08.wav,4.08,16000,1,train
id_am3s54mtx10h.wav,tatu,data/raw/id_am3s54mtx10h.wav,3.76,16000,1,val
id_uo7uadcn2fvc.wav,saba,data/raw/id_uo7uadcn2fvc.wav,3.76,16000,1,train
id_tl1iphni82w6.wav,mbili,data/raw/id_tl1iphni82w6.wav,4.08,16000,1,train
id_ji9hhxlfd0ms.wav,nne,data/raw/id_ji9hhxlfd0ms.wav,3.584,16000,1,train
id_ox8iukophywm.wav,saba,data/raw/id_ox8iukophywm.wav,5.04,16000,1,train
id_31fq4iy1s0lu.wav,nne,data/raw/id_31fq4iy1s0lu.wav,4.08,16000,1,train
id_n0iljyx17d9m.wav,tatu,data/raw/id_n0iljyx17d9m.wav,4.24,16000,1,train
id_o8aid9a6gs42.wav,sita,data/raw/id_o8aid9a6gs42.wav,4.08,16000,1,train
id_fpfx70rq0fua.wav,ndio,data/raw/id_fpfx70rq0fua.wav,4.08,16000,1,train
id_hc4ufhoqigbe.wav,tisa,data/raw/id_hc4ufhoqigbe.wav,4.8,16000,1,train
id_6xg9gy9i8036.wav,tatu,data/raw/id_6xg9gy9i8036.wav,2.88,16000,1,val
id_pfoykf8qs1jc.wav,mbili,data/raw/id_pfoykf8qs1jc.wav,3.52,16000,1,train
id_h63r8immvqee.wav,saba,data/raw/id_h63r8immvqee.wav,4.32,16000,1,val
id_7lpdry7n1vtn.wav,ndio,data/raw/id_7lpdry7n1vtn.wav,3.92,16000,1,train
id_qhlc0l62ld75.wav,tatu,data/raw/id_qhlc0l62ld75.wav,8.64,16000,1,test
id_1kfdfp4qs9f4.wav,hapana,data/raw/id_1kfdfp4qs9f4.wav,5.36,16000,1,val
id_t9jt7x4qm8o6.wav,mbili,data/raw/id_t9jt7x4qm8o6.wav,5.68,16000,1,train
id_xjhuv2qquzni.wav,tisa,data/raw/id_xjhuv2qquzni.wav,6.16,16000,1,train
id_wu4azm7zz883.wav,sita,data/raw/id_wu4azm7zz883.wav,4.24,16000,1,val
id_ivnkpymzfw0i.wav,kumi,data/raw/id_ivnkpymzfw0i.wav,4.32,16000,1,val
id_xnpxkrv8hmk1.wav,nne,data/raw/id_xnpxkrv8hmk1.wav,4.64,16000,1,val
id_eb73xjv2hriy.wav,moja,data/raw/id_eb73xjv2hriy.wav,4.08,16000,1,train
id_76btewrp7l5p.wav,moja,data/raw/id_76btewrp7l5p.wav,4.4,16000,1,train
id_xrcgclaw9g8a.wav,kumi,data/raw/id_xrcgclaw9g8a.wav,6.16,16000,1,train
id_p7e7s8evjdzq.wav,nne,data/raw/id_p7e7s8evjdzq.wav,4.32,16000,1,train
id_ucrqdczt127i.wav,saba,data/raw/id_ucrqdczt127i.wav,4.64,16000,1,train
id_2g1b9imw4uwr.wav,kumi,data/raw/id_2g1b9imw4uwr.wav,4.96,16000,1,train
id_6zjkbmw0ia9u.wav,tano,data/raw/id_6zjkbmw0ia9u.wav,3.92,16000,1,train
id_1fgmsufxpkdg.wav,hapana,data/raw/id_1fgmsufxpkdg.wav,4.32,16000,1,train
id_0uvjq0t8k5r3.wav,kumi,data/raw/id_0uvjq0t8k5r3.wav,3.68,16000,1,train
id_pu1lxkz6ie43.wav,saba,data/raw/id_pu1lxkz6ie43.wav,4.4,16000,1,train
id_ci8wbxcjl7uk.wav,saba,data/raw/id_ci8wbxcjl7uk.wav,5.248,16000,1,train
id_wtquvo9fejk6.wav,nane,data/raw/id_wtquvo9fejk6.wav,4.64,16000,1,train
id_zsy4euj6cage.wav,saba,data/raw/id_zsy4euj6cage.wav,4.56,16000,1,train
id_tvg7232jm2no.wav,hapana,data/raw/id_tvg7232jm2no.wav,4.8,16000,1,val
id_a89eugiorq3s.wav,nane,data/raw/id_a89eugiorq3s.wav,4.24,16000,1,test
id_eaor27mf31c1.wav,nane,data/raw/id_eaor27mf31c1.wav,4.4,16000,1,test
id_314adm1tgwmv.wav,mbili,data/raw/id_314adm1tgwmv.wav,3.28,16000,1,test
id_1hz6e5tmm3k6.wav,saba,data/raw/id_1hz6e5tmm3k6.wav,4.4,16000,1,train
id_vv0w6du5o2s4.wav,hapana,data/raw/id_vv0w6du5o2s4.wav,4.48,16000,1,train
id_4h4rs31429ji.wav,kumi,data/raw/id_4h4rs31429ji.wav,3.84,16000,1,val
id_busyekledsq4.wav,hapana,data/raw/id_busyekledsq4.wav,5.28,16000,1,train
id_3bcus7a9626h.wav,hapana,data/raw/id_3bcus7a9626h.wav,6.56,16000,1,train
id_yq956kgwu5ha.wav,saba,data/raw/id_yq956kgwu5ha.wav,5.76,16000,1,train
id_3s4zv1noeplm.wav,nne,data/raw/id_3s4zv1noeplm.wav,3.6,16000,1,train
id_ex9ocja3xj4c.wav,nne,data/raw/id_ex9ocja3xj4c.wav,5.28,16000,1,train
id_52bb55fdl38u.wav,tisa,data/raw/id_52bb55fdl38u.wav,4.08,16000,1,val
id_4newl040uzdm.wav,tisa,data/raw/id_4newl040uzdm.wav,5.76,16000,1,train
id_0efhgx6golxe.wav,ndio,data/raw/id_0efhgx6golxe.wav,3.52,16000,1,train
id_d04ud4dzx8tw.wav,tisa,data/raw/id_d04ud4dzx8tw.wav,4.48,16000,1,train
id_lfh3kueok74t.wav,mbili,data/raw/id_lfh3kueok74t.wav,3.36,16000,1,train
id_yptsj2b0pvt9.wav,mbili,data/raw/id_yptsj2b0pvt9.wav,3.76,16000,1,train
id_lobeorpo1d2o.wav,nane,data/raw/id_lobeorpo1d2o.wav,5.44,16000,1,train
id_cl5ogexmcmx2.wav,tisa,data/raw/id_cl5ogexmcmx2.wav,5.2,16000,1,train
id_lpxte4vh977s.wav,tisa,data/raw/id_lpxte4vh977s.wav,5.44,16000,1,train
id_iatzadf2xl3h.wav,ndio,data/raw/id_iatzadf2xl3h.wav,3.12,16000,1,train
id_lv1repukn2id.wav,moja,data/raw/id_lv1repukn2id.wav,4.08,16000,1,train
id_wctjbg3g8ehv.wav,ndio,data/raw/id_wctjbg3g8ehv.wav,2.88,16000,1,train
id_o2d2ykoyq88l.wav,tano,data/raw/id_o2d2ykoyq88l.wav,4.08,16000,1,train
id_z8spxgllon1a.wav,hapana,data/raw/id_z8spxgllon1a.wav,3.84,16000,1,train
id_8lifroyelt05.wav,mbili,data/raw/id_8lifroyelt05.wav,5.6,16000,1,train
id_7yuo96qvplv9.wav,hapana,data/raw/id_7yuo96qvplv9.wav,3.44,16000,1,train
id_jmd85tj1tfdo.wav,kumi,data/raw/id_jmd85tj1tfdo.wav,3.52,16000,1,train
id_eqs92upsm27m.wav,tatu,data/raw/id_eqs92upsm27m.wav,6.16,16000,1,test
id_nfgdtfnaop6z.wav,mbili,data/raw/id_nfgdtfnaop6z.wav,3.52,16000,1,train
id_hznjehcuxsqm.wav,sita,data/raw/id_hznjehcuxsqm.wav,3.2,16000,1,train
id_ufvabyte3jbh.wav,moja,data/raw/id_ufvabyte3jbh.wav,3.52,16000,1,train
id_95ne6kmzq5oc.wav,hapana,data/raw/id_95ne6kmzq5oc.wav,4.16,16000,1,test
id_epqgtyozs0rg.wav,mbili,data/raw/id_epqgtyozs0rg.wav,4.64,16000,1,val
id_je3o5m31have.wav,ndio,data/raw/id_je3o5m31have.wav,4.0,16000,1,train
id_47bea09uwn6e.wav,saba,data/raw/id_47bea09uwn6e.wav,3.44,16000,1,train
id_5diofx211fbs.wav,saba,data/raw/id_5diofx211fbs.wav,3.68,16000,1,train
id_gb06ygf9u84i.wav,kumi,data/raw/id_gb06ygf9u84i.wav,3.6,16000,1,test
id_zfcfcxzpb39a.wav,nane,data/raw/id_zfcfcxzpb39a.wav,3.2,16000,1,train
id_hcjfssfdr83v.wav,mbili,data/raw/id_hcjfssfdr83v.wav,4.8,16000,1,train
id_c0ka8r2msnny.wav,saba,data/raw/id_c0ka8r2msnny.wav,3.968,16000,1,train
id_21t0ejmidxpd.wav,nane,data/raw/id_21t0ejmidxpd.wav,5.2,16000,1,train
id_71gyc0g9yl6d.wav,hapana,data/raw/id_71gyc0g9yl6d.wav,3.76,16000,1,val
id_ncdwjykde21u.wav,nne,data/raw/id_ncdwjykde21u.wav,4.32,16000,1,train
id_wx67mfwgl01s.wav,nne,data/raw/id_wx67mfwgl01s.wav,4.8,16000,1,train
id_7nfgp5a7fwp3.wav,mbili,data/raw/id_7nfgp5a7fwp3.wav,11.136,16000,1,val
id_zp6xupyvninu.wav,mbili,data/raw/id_zp6xupyvninu.wav,4.88,16000,1,train
id_0w58argnti9a.wav,hapana,data/raw/id_0w58argnti9a.wav,9.04,16000,1,test
id_d5r3l2rwmh4k.wav,ndio,data/raw/id_d5r3l2rwmh4k.wav,4.08,16000,1,test
id_4rnwar4vznfx.wav,nane,data/raw/id_4rnwar4vznfx.wav,5.28,16000,1,train
id_xsyirfuip7hn.wav,mbili,data/raw/id_xsyirfuip7hn.wav,5.04,16000,1,train
id_mt0qfrg47j61.wav,moja,data/raw/id_mt0qfrg47j61.wav,4.0,16000,1,train
id_hy4bogigkb75.wav,tisa,data/raw/id_hy4bogigkb75.wav,3.6,16000,1,val
id_i1v3sjf92ewc.wav,tisa,data/raw/id_i1v3sjf92ewc.wav,4.08,16000,1,train
id_4uribxe3rof4.wav,tatu,data/raw/id_4uribxe3rof4.wav,4.8,16000,1,test
id_gt1bu8ij6cpr.wav,tatu,data/raw/id_gt1bu8ij6cpr.wav,3.712,16000,1,train
id_wfmdskugj480.wav,nane,data/raw/id_wfmdskugj480.wav,4.8,16000,1,train
id_dhbq2q0i3ihj.wav,tisa,data/raw/id_dhbq2q0i3ihj.wav,4.32,16000,1,train
id_3s0lrjmjxcz6.wav,hapana,data/raw/id_3s0lrjmjxcz6.wav,5.36,16000,1,val
id_udywio9i9p0f.wav,nane,data/raw/id_udywio9i9p0f.wav,4.16,16000,1,val
id_y808coxysvse.wav,tisa,data/raw/id_y808coxysvse.wav,4.0,16000,1,train
id_wzr55t1o2foz.wav,mbili,data/raw/id_wzr55t1o2foz.wav,5.6,16000,1,train
id_830ppu4qe9pb.wav,tatu,data/raw/id_830ppu4qe9pb.wav,4.32,16000,1,train
id_gcj0u7afbal2.wav,kumi,data/raw/id_gcj0u7afbal2.wav,3.12,16000,1,test
id_4b92vxq55fwe.wav,tatu,data/raw/id_4b92vxq55fwe.wav,3.04,16000,1,train
id_zhi427kmyfjl.wav,hapana,data/raw/id_zhi427kmyfjl.wav,3.12,16000,1,val
id_kt0smtnltto1.wav,ndio,data/raw/id_kt0smtnltto1.wav,6.56,16000,1,train
id_nkfcrj8g548l.wav,tano,data/raw/id_nkfcrj8g548l.wav,5.44,16000,1,train
id_fcbn4ocnegnw.wav,nne,data/raw/id_fcbn4ocnegnw.wav,4.0,16000,1,train
id_fuxrc1hn1cms.wav,saba,data/raw/id_fuxrc1hn1cms.wav,4.16,16000,1,val
id_eo2vt8ilokz2.wav,tisa,data/raw/id_eo2vt8ilokz2.wav,3.92,16000,1,train
id_nzb6q47aukhy.wav,moja,data/raw/id_nzb6q47aukhy.wav,3.92,16000,1,test
id_5gxk79lczo7x.wav,sita,data/raw/id_5gxk79lczo7x.wav,5.92,16000,1,train
id_9h37alvag1li.wav,moja,data/raw/id_9h37alvag1li.wav,5.04,16000,1,train
id_wpp02p120f5f.wav,moja,data/raw/id_wpp02p120f5f.wav,4.96,16000,1,train
id_21vze1ny7etu.wav,mbili,data/raw/id_21vze1ny7etu.wav,3.712,16000,1,train
id_vx1j40rjh5cw.wav,tisa,data/raw/id_vx1j40rjh5cw.wav,4.08,16000,1,train
id_4mozo4mixmgt.wav,nane,data/raw/id_4mozo4mixmgt.wav,4.24,16000,1,val
id_qjom5yjc5lv8.wav,nane,data/raw/id_qjom5yjc5lv8.wav,4.08,16000,1,train
id_80inn0wkzb05.wav,tisa,data/raw/id_80inn0wkzb05.wav,5.04,16000,1,train
id_xrimnrnvd8wp.wav,sita,data/raw/id_xrimnrnvd8wp.wav,4.4,16000,1,val
id_66s905f25psf.wav,nne,data/raw/id_66s905f25psf.wav,3.68,16000,1,train
id_r7ikno16olyy.wav,kumi,data/raw/id_r7ikno16olyy.wav,4.88,16000,1,val
id_h7d0gfx2wm73.wav,tano,data/raw/id_h7d0gfx2wm73.wav,4.64,16000,1,train
id_jy8t0gqkbsdr.wav,nne,data/raw/id_jy8t0gqkbsdr.wav,5.376,16000,1,val
id_r6vvyabasdhf.wav,moja,data/raw/id_r6vvyabasdhf.wav,8.4,16000,1,train
id_grz7vwra2oh2.wav,tisa,data/raw/id_grz7vwra2oh2.wav,4.48,16000,1,train
id_mxzyh3l56qs0.wav,nane,data/raw/id_mxzyh3l56qs0.wav,3.92,16000,1,train
id_bj6a3ttl4p95.wav,mbili,data/raw/id_bj6a3ttl4p95.wav,5.2,16000,1,train
id_dnwj0h38577y.wav,sita,data/raw/id_dnwj0h38577y.wav,6.88,16000,1,train
id_21l10o79qvdg.wav,kumi,data/raw/id_21l10o79qvdg.wav,6.88,16000,1,train
id_k0y7be0v47lu.wav,hapana,data/raw/id_k0y7be0v47lu.wav,4.8,16000,1,train
id_mpx19t33vdie.wav,saba,data/raw/id_mpx19t33vdie.wav,5.888,16000,1,train
id_6h1x1m5ba6jl.wav,saba,data/raw/id_6h1x1m5ba6jl.wav,9.76,16000,1,val
id_9bz6koh0qbnn.wav,ndio,data/raw/id_9bz6koh0qbnn.wav,3.968,16000,1,test
id_zaix54zrc9pz.wav,sita,data/raw/id_zaix54zrc9pz.wav,2.88,16000,1,val
id_4ziolasny1wq.wav,nane,data/raw/id_4ziolasny1wq.wav,3.6,16000,1,train
id_x62ww6s3iw7y.wav,kumi,data/raw/id_x62ww6s3iw7y.wav,4.224,16000,1,train
id_ufsab9x7ijs1.wav,nne,data/raw/id_ufsab9x7ijs1.wav,4.24,16000,1,train
id_xvz93ipnekwa.wav,nane,data/raw/id_xvz93ipnekwa.wav,5.92,16000,1,train
id_ktdrarg1nf58.wav,nne,data/raw/id_ktdrarg1nf58.wav,4.24,16000,1,train
id_xxafyus12hap.wav,kumi,data/raw/id_xxafyus12hap.wav,8.56,16000,1,test
id_6n5o9fyjrcc0.wav,saba,data/raw/id_6n5o9fyjrcc0.wav,4.88,16000,1,test
id_it2qqayqa7ic.wav,kumi,data/raw/id_it2qqayqa7ic.wav,4.64,16000,1,val
id_mmjvnqhlal0f.wav,kumi,data/raw/id_mmjvnqhlal0f.wav,6.656,16000,1,train
id_fa4t6dmocv3x.wav,tano,data/raw/id_fa4t6dmocv3x.wav,4.56,16000,1,train
id_xfdecdyhtewt.wav,nne,data/raw/id_xfdecdyhtewt.wav,3.44,16000,1,train
id_wxug71xacx49.wav,kumi,data/raw/id_wxug71xacx49.wav,3.84,16000,1,train
id_oqy9dhu0sdjd.wav,sita,data/raw/id_oqy9dhu0sdjd.wav,3.44,16000,1,train
id_4lw49ow7vumq.wav,kumi,data/raw/id_4lw49ow7vumq.wav,10.624,16000,1,train
id_yuxmgr2iktdd.wav,hapana,data/raw/id_yuxmgr2iktdd.wav,4.48,16000,1,train
id_nu53u7qq2eqq.wav,saba,data/raw/id_nu53u7qq2eqq.wav,3.68,16000,1,train
id_im1q04zeyt3q.wav,ndio,data/raw/id_im1q04zeyt3q.wav,4.32,16000,1,val
id_cjut22fbvxig.wav,nne,data/raw/id_cjut22fbvxig.wav,3.12,16000,1,train
id_vbda8x3lzr2k.wav,nne,data/raw/id_vbda8x3lzr2k.wav,4.56,16000,1,test
id_uht0pv4wmeq5.wav,sita,data/raw/id_uht0pv4wmeq5.wav,8.16,16000,1,train
id_c5akmij62nz0.wav,nne,data/raw/id_c5akmij62nz0.wav,3.44,16000,1,val
id_u1j2dt03w7ya.wav,nane,data/raw/id_u1j2dt03w7ya.wav,4.16,16000,1,train
id_wwrl5i5rre61.wav,tisa,data/raw/id_wwrl5i5rre61.wav,4.4,16000,1,train
id_90e66gxmks82.wav,nane,data/raw/id_90e66gxmks82.wav,4.4,16000,1,train
id_t5ns7s8gocv1.wav,mbili,data/raw/id_t5ns7s8gocv1.wav,4.4,16000,1,train
id_ln6f7kkqi1ph.wav,ndio,data/raw/id_ln6f7kkqi1ph.wav,4.24,16000,1,train
id_3br9ywygak8i.wav,mbili,data/raw/id_3br9ywygak8i.wav,3.68,16000,1,val
id_4l6r9gu5n95q.wav,saba,data/raw/id_4l6r9gu5n95q.wav,3.76,16000,1,train
id_911lynxylm7x.wav,sita,data/raw/id_911lynxylm7x.wav,3.92,16000,1,test
id_kbgspb4u23am.wav,tisa,data/raw/id_kbgspb4u23am.wav,4.096,16000,1,train
id_kbykqygrrlc1.wav,tisa,data/raw/id_kbykqygrrlc1.wav,4.48,16000,1,test
id_otzzy6j70pof.wav,mbili,data/raw/id_otzzy6j70pof.wav,3.68,16000,1,train
id_psbldvgikbdu.wav,saba,data/raw/id_psbldvgikbdu.wav,3.52,16000,1,train
id_3kz5c76ij12f.wav,ndio,data/raw/id_3kz5c76ij12f.wav,4.16,16000,1,test
id_1vj58svc9f5k.wav,ndio,data/raw/id_1vj58svc9f5k.wav,5.04,16000,1,test
id_fyph68glunfr.wav,saba,data/raw/id_fyph68glunfr.wav,3.52,16000,1,val
id_pt66o3770eaa.wav,kumi,data/raw/id_pt66o3770eaa.wav,4.48,16000,1,test
id_11zmo0d4aw2g.wav,tatu,data/raw/id_11zmo0d4aw2g.wav,6.016,16000,1,train
id_55r05fkcat7s.wav,tatu,data/raw/id_55r05fkcat7s.wav,4.96,16000,1,test
id_qnjrd5zv0ijl.wav,tisa,data/raw/id_qnjrd5zv0ijl.wav,4.48,16000,1,test
id_7s76g8y0glcs.wav,nne,data/raw/id_7s76g8y0glcs.wav,3.968,16000,1,test
id_t68f3zo98m7z.wav,nne,data/raw/id_t68f3zo98m7z.wav,3.52,16000,1,train
id_vr2qhdz3trwj.wav,saba,data/raw/id_vr2qhdz3trwj.wav,4.8,16000,1,test
id_ml8mhgdy000a.wav,tisa,data/raw/id_ml8mhgdy000a.wav,6.72,16000,1,test
id_97duco365yv4.wav,sita,data/raw/id_97duco365yv4.wav,4.72,16000,1,train
id_3txe9ba7hdse.wav,sita,data/raw/id_3txe9ba7hdse.wav,4.4,16000,1,val
id_yj1mu48v0pe6.wav,moja,data/raw/id_yj1mu48v0pe6.wav,4.4,16000,1,train
id_m4yhk99zpkip.wav,kumi,data/raw/id_m4yhk99zpkip.wav,7.68,16000,1,train
id_a55sm8i3xinu.wav,mbili,data/raw/id_a55sm8i3xinu.wav,4.56,16000,1,train
id_hwcylsded1zs.wav,tisa,data/raw/id_hwcylsded1zs.wav,4.4,16000,1,train
id_yy05g7f5fnhc.wav,nane,data/raw/id_yy05g7f5fnhc.wav,5.36,16000,1,train
id_i73xsvg81glx.wav,tano,data/raw/id_i73xsvg81glx.wav,3.04,16000,1,train
id_awvtf007cadg.wav,ndio,data/raw/id_awvtf007cadg.wav,3.6,16000,1,train
id_nnwkroqumwrc.wav,tano,data/raw/id_nnwkroqumwrc.wav,3.2,16000,1,train
id_t336k41v6kqx.wav,hapana,data/raw/id_t336k41v6kqx.wav,5.28,16000,1,test
id_l34eftmdblak.wav,tano,data/raw/id_l34eftmdblak.wav,7.04,16000,1,test
id_fqdz384k2sd3.wav,tano,data/raw/id_fqdz384k2sd3.wav,5.12,16000,1,train
id_bgbgyftdfuh7.wav,nane,data/raw/id_bgbgyftdfuh7.wav,4.88,16000,1,test
id_0wny30qmrtxb.wav,saba,data/raw/id_0wny30qmrtxb.wav,5.36,16000,1,val
id_k68znvqp81u1.wav,tano,data/raw/id_k68znvqp81u1.wav,3.6,16000,1,val
id_rl6c1vmp6wqa.wav,tisa,data/raw/id_rl6c1vmp6wqa.wav,4.08,16000,1,val
id_4nl29x8w67uo.wav,kumi,data/raw/id_4nl29x8w67uo.wav,9.6,16000,1,train
id_vrkbukotyb0k.wav,nne,data/raw/id_vrkbukotyb0k.wav,5.36,16000,1,test
id_2r0hv1ciwxsf.wav,tisa,data/raw/id_2r0hv1ciwxsf.wav,3.84,16000,1,test
id_147wp83monha.wav,tatu,data/raw/id_147wp83monha.wav,4.56,16000,1,train
id_nkdzdhkud9tr.wav,mbili,data/raw/id_nkdzdhkud9tr.wav,5.504,16000,1,train
id_yp4i2tgqlboh.wav,tano,data/raw/id_yp4i2tgqlboh.wav,3.6,16000,1,train
id_2rsigmjls3mf.wav,ndio,data/raw/id_2rsigmjls3mf.wav,6.88,16000,1,val
id_cebrzevrcrmw.wav,hapana,data/raw/id_cebrzevrcrmw.wav,4.0,16000,1,val
id_84ej9ape6585.wav,kumi,data/raw/id_84ej9ape6585.wav,3.92,16000,1,train
id_yjb9rb0t14zh.wav,tatu,data/raw/id_yjb9rb0t14zh.wav,3.92,16000,1,train
id_3ge0o9n759gr.wav,tisa,data/raw/id_3ge0o9n759gr.wav,3.84,16000,1,train
id_wjpl612o72y5.wav,nane,data/raw/id_wjpl612o72y5.wav,38.48,16000,1,train
id_wco8qwdflw2y.wav,nne,data/raw/id_wco8qwdflw2y.wav,5.12,16000,1,val
id_valwyz0tev6c.wav,saba,data/raw/id_valwyz0tev6c.wav,4.24,16000,1,train
id_cepshfarm82r.wav,tano,data/raw/id_cepshfarm82r.wav,4.0,16000,1,train
id_ft9cmucoefyl.wav,ndio,data/raw/id_ft9cmucoefyl.wav,3.2,16000,1,train
id_yqrg05qt73gq.wav,saba,data/raw/id_yqrg05qt73gq.wav,3.68,16000,1,train
id_tjgfktz61l8h.wav,nne,data/raw/id_tjgfktz61l8h.wav,7.92,16000,1,train
id_3sbzf7fgk62n.wav,saba,data/raw/id_3sbzf7fgk62n.wav,4.16,16000,1,train
id_mxfuhffl8tjk.wav,saba,data/raw/id_mxfuhffl8tjk.wav,3.76,16000,1,train
id_oe8353w2xjb6.wav,mbili,data/raw/id_oe8353w2xjb6.wav,3.44,16000,1,train
id_sc7fyp1thu2x.wav,moja,data/raw/id_sc7fyp1thu2x.wav,3.84,16000,1,train
id_r9lsj1i4qk7n.wav,tisa,data/raw/id_r9lsj1i4qk7n.wav,2.8,16000,1,val
id_qruwwpigk99v.wav,moja,data/raw/id_qruwwpigk99v.wav,3.84,16000,1,val
id_shnlv8xplqhr.wav,nne,data/raw/id_shnlv8xplqhr.wav,3.6,16000,1,val
id_mg0q6mk6ph61.wav,sita,data/raw/id_mg0q6mk6ph61.wav,4.56,16000,1,val
id_fmtxcqrzkgx9.wav,nne,data/raw/id_fmtxcqrzkgx9.wav,3.6,16000,1,train
id_e1lwnbrrqmzc.wav,nane,data/raw/id_e1lwnbrrqmzc.wav,4.56,16000,1,train
id_o8gqo553qcr7.wav,hapana,data/raw/id_o8gqo553qcr7.wav,3.76,16000,1,test
id_hd3s5nzfdcxp.wav,saba,data/raw/id_hd3s5nzfdcxp.wav,4.0,16000,1,test
id_114ti264bsme.wav,ndio,data/raw/id_114ti264bsme.wav,5.2,16000,1,train
id_km6w1onj8u1y.wav,moja,data/raw/id_km6w1onj8u1y.wav,6.08,16000,1,train
id_j1wpyjh99p63.wav,nane,data/raw/id_j1wpyjh99p63.wav,3.84,16000,1,train
id_36qc0pvoftt5.wav,tisa,data/raw/id_36qc0pvoftt5.wav,3.92,16000,1,train
id_9al9p94omqq1.wav,sita,data/raw/id_9al9p94omqq1.wav,4.08,16000,1,train
id_q4wpcd1ulq9p.wav,tatu,data/raw/id_q4wpcd1ulq9p.wav,3.68,16000,1,train
id_x9oxwwxkb96i.wav,saba,data/raw/id_x9oxwwxkb96i.wav,5.76,16000,1,train
id_g6hsdfwl8kga.wav,tano,data/raw/id_g6hsdfwl8kga.wav,14.0,16000,1,train
id_7okeviz8z41u.wav,hapana,data/raw/id_7okeviz8z41u.wav,3.44,16000,1,train
id_h3bzrmh0w9ws.wav,tano,data/raw/id_h3bzrmh0w9ws.wav,4.48,16000,1,val
id_gkywu3tot95q.wav,moja,data/raw/id_gkywu3tot95q.wav,3.84,16000,1,test
id_xyuak5kp2zw0.wav,moja,data/raw/id_xyuak5kp2zw0.wav,3.84,16000,1,train
id_9jxwbn315bsj.wav,sita,data/raw/id_9jxwbn315bsj.wav,4.48,16000,1,val
id_z2wzpoehg6wd.wav,saba,data/raw/id_z2wzpoehg6wd.wav,5.84,16000,1,train
id_c119s0f3per0.wav,moja,data/raw/id_c119s0f3per0.wav,4.0,16000,1,train
id_07ppov73yl2q.wav,sita,data/raw/id_07ppov73yl2q.wav,4.224,16000,1,train
id_lrm9r4zt8dx5.wav,nane,data/raw/id_lrm9r4zt8dx5.wav,4.16,16000,1,train
id_dgw9k7271xc6.wav,mbili,data/raw/id_dgw9k7271xc6.wav,4.08,16000,1,train
id_c212wiqpm06r.wav,tano,data/raw/id_c212wiqpm06r.wav,2.88,16000,1,train
id_di9m2gmyyirj.wav,ndio,data/raw/id_di9m2gmyyirj.wav,4.32,16000,1,val
id_c07vhos3x6bi.wav,sita,data/raw/id_c07vhos3x6bi.wav,8.96,16000,1,train
id_eerks9ydf157.wav,sita,data/raw/id_eerks9ydf157.wav,3.44,16000,1,val
id_tos5mfzs0el5.wav,nane,data/raw/id_tos5mfzs0el5.wav,4.88,16000,1,val
id_9n3k3cvsdv3m.wav,tatu,data/raw/id_9n3k3cvsdv3m.wav,5.84,16000,1,train
id_r6fcvel443af.wav,sita,data/raw/id_r6fcvel443af.wav,3.968,16000,1,train
id_v18edoedvr25.wav,tatu,data/raw/id_v18edoedvr25.wav,5.12,16000,1,train
id_e0zjft3pbce2.wav,moja,data/raw/id_e0zjft3pbce2.wav,3.44,16000,1,val
id_and08mbfx80v.wav,saba,data/raw/id_and08mbfx80v.wav,3.92,16000,1,val
id_mwk9grio9q1i.wav,ndio,data/raw/id_mwk9grio9q1i.wav,3.04,16000,1,val
id_24u2mnvjarao.wav,nne,data/raw/id_24u2mnvjarao.wav,4.8,16000,1,train
id_rdhuhqjarmwr.wav,saba,data/raw/id_rdhuhqjarmwr.wav,3.44,16000,1,test
id_5f97oz7530f8.wav,kumi,data/raw/id_5f97oz7530f8.wav,3.28,16000,1,train
id_px2ztm1zqb0h.wav,ndio,data/raw/id_px2ztm1zqb0h.wav,3.6,16000,1,train
id_fd8c3kmi6tq2.wav,mbili,data/raw/id_fd8c3kmi6tq2.wav,4.8,16000,1,train
id_cvy3mgkj4fci.wav,saba,data/raw/id_cvy3mgkj4fci.wav,6.784,16000,1,train
id_esewddw9abqg.wav,sita,data/raw/id_esewddw9abqg.wav,4.32,16000,1,train
id_sgah2mvdos4g.wav,mbili,data/raw/id_sgah2mvdos4g.wav,5.04,16000,1,train
id_0ofmn0pdceyk.wav,sita,data/raw/id_0ofmn0pdceyk.wav,4.32,16000,1,test
id_xkm0zav0dwxh.wav,hapana,data/raw/id_xkm0zav0dwxh.wav,3.84,16000,1,train
id_z3q4ayf8otdd.wav,tano,data/raw/id_z3q4ayf8otdd.wav,3.968,16000,1,train
id_k0jhodnxx8up.wav,hapana,data/raw/id_k0jhodnxx8up.wav,11.36,16000,1,train
id_x2x84ew9n8dj.wav,ndio,data/raw/id_x2x84ew9n8dj.wav,3.84,16000,1,test
id_lduiuihp9mn1.wav,nne,data/raw/id_lduiuihp9mn1.wav,5.2,16000,1,val
id_qe4yriwwemjb.wav,tano,data/raw/id_qe4yriwwemjb.wav,3.28,16000,1,train
id_qabftx74t6nn.wav,tisa,data/raw/id_qabftx74t6nn.wav,2.8,16000,1,val
id_x47gshlfcoy9.wav,mbili,data/raw/id_x47gshlfcoy9.wav,7.04,16000,1,val
id_svvmrw52ryba.wav,moja,data/raw/id_svvmrw52ryba.wav,4.096,16000,1,train
id_ne64zembd7cv.wav,ndio,data/raw/id_ne64zembd7cv.wav,4.56,16000,1,test
id_kt4wzpw4p4k3.wav,saba,data/raw/id_kt4wzpw4p4k3.wav,4.56,16000,1,train
id_5dbep6fghf0d.wav,nne,data/raw/id_5dbep6fghf0d.wav,4.24,16000,1,train
id_ykr571uwh9g2.wav,ndio,data/raw/id_ykr571uwh9g2.wav,3.76,16000,1,test
id_9tru1lc6krfs.wav,tisa,data/raw/id_9tru1lc6krfs.wav,3.2,16000,1,train
id_kwld6ki8gw59.wav,hapana,data/raw/id_kwld6ki8gw59.wav,3.6,16000,1,test
id_ppmuayh78q4r.wav,saba,data/raw/id_ppmuayh78q4r.wav,3.92,16000,1,train
id_pjf3ebnxl7w7.wav,hapana,data/raw/id_pjf3ebnxl7w7.wav,3.36,16000,1,val
id_10oyhhl4td1t.wav,tisa,data/raw/id_10oyhhl4td1t.wav,6.24,16000,1,train
id_c7x9v4n2b1eo.wav,kumi,data/raw/id_c7x9v4n2b1eo.wav,5.52,16000,1,train
id_jzbwfn4leg6r.wav,moja,data/raw/id_jzbwfn4leg6r.wav,5.36,16000,1,val
id_rogb5vjxpgin.wav,hapana,data/raw/id_rogb5vjxpgin.wav,4.64,16000,1,train
id_0lm65eqfuoso.wav,saba,data/raw/id_0lm65eqfuoso.wav,3.36,16000,1,train
id_j5s1s1n87gi2.wav,moja,data/raw/id_j5s1s1n87gi2.wav,6.88,16000,1,test
id_rkmz3jwfq6iv.wav,sita,data/raw/id_rkmz3jwfq6iv.wav,6.96,16000,1,train
id_m97bwbyl24wp.wav,tisa,data/raw/id_m97bwbyl24wp.wav,3.92,16000,1,train
id_fhf58s7p19xu.wav,tatu,data/raw/id_fhf58s7p19xu.wav,4.32,16000,1,val
id_j1ds1oh516ff.wav,ndio,data/raw/id_j1ds1oh516ff.wav,4.72,16000,1,train
id_qxduad839ssf.wav,hapana,data/raw/id_qxduad839ssf.wav,3.92,16000,1,train
id_m2jhmyeg3ip3.wav,moja,data/raw/id_m2jhmyeg3ip3.wav,4.72,16000,1,train
id_a72xaeqdggbp.wav,tano,data/raw/id_a72xaeqdggbp.wav,3.84,16000,1,val
id_c23nzio7o6sz.wav,ndio,data/raw/id_c23nzio7o6sz.wav,4.16,16000,1,val
id_4v4m9q50zgne.wav,moja,data/raw/id_4v4m9q50zgne.wav,9.52,16000,1,train
id_y5e78yfphuaq.wav,sita,data/raw/id_y5e78yfphuaq.wav,4.0,16000,1,train
id_fk10kj62cdhb.wav,tatu,data/raw/id_fk10kj62cdhb.wav,3.44,16000,1,train
id_5juf26o9qcz4.wav,nne,data/raw/id_5juf26o9qcz4.wav,4.0,16000,1,val
id_yh044925gjg4.wav,tatu,data/raw/id_yh044925gjg4.wav,3.712,16000,1,test
id_sm1xmusbsa1s.wav,tano,data/raw/id_sm1xmusbsa1s.wav,5.248,16000,1,test
id_fsmbvj2a9li0.wav,saba,data/raw/id_fsmbvj2a9li0.wav,3.6,16000,1,train
id_44do3yp9e6za.wav,ndio,data/raw/id_44do3yp9e6za.wav,4.64,16000,1,val
id_l24uz8blnacg.wav,tatu,data/raw/id_l24uz8blnacg.wav,4.32,16000,1,train
id_96cgw74ix4vo.wav,moja,data/raw/id_96cgw74ix4vo.wav,3.92,16000,1,test
id_gihhag12fo40.wav,ndio,data/raw/id_gihhag12fo40.wav,3.2,16000,1,train
id_d6xmsr50qx6z.wav,ndio,data/raw/id_d6xmsr50qx6z.wav,7.52,16000,1,train
id_tr8wep93h1go.wav,tatu,data/raw/id_tr8wep93h1go.wav,7.76,16000,1,train
id_nkqgf0m08luw.wav,mbili,data/raw/id_nkqgf0m08luw.wav,11.52,16000,1,train
id_n7bjha09a4tc.wav,tisa,data/raw/id_n7bjha09a4tc.wav,9.984,16000,1,train
id_83u0k9aadjrt.wav,tano,data/raw/id_83u0k9aadjrt.wav,3.44,16000,1,test
id_dfosg9ga8wa0.wav,kumi,data/raw/id_dfosg9ga8wa0.wav,4.56,16000,1,train
id_ggxbrl6mikyu.wav,nane,data/raw/id_ggxbrl6mikyu.wav,4.48,16000,1,train
id_tni2ofukv2em.wav,saba,data/raw/id_tni2ofukv2em.wav,3.28,16000,1,train
id_92erc1f10vr5.wav,tisa,data/raw/id_92erc1f10vr5.wav,4.4,16000,1,test
id_in82kcbokkrh.wav,nane,data/raw/id_in82kcbokkrh.wav,6.48,16000,1,train
id_1pkxdu6vecda.wav,ndio,data/raw/id_1pkxdu6vecda.wav,4.736,16000,1,train
id_gqpfoayeryxp.wav,hapana,data/raw/id_gqpfoayeryxp.wav,3.968,16000,1,val
id_zfsva8itxhyl.wav,tano,data/raw/id_zfsva8itxhyl.wav,6.4,16000,1,train
id_mjzp90gyx144.wav,tisa,data/raw/id_mjzp90gyx144.wav,4.0,16000,1,train
id_ivrdzdabiw5u.wav,tisa,data/raw/id_ivrdzdabiw5u.wav,3.68,16000,1,train
id_ll43h9imb92l.wav,hapana,data/raw/id_ll43h9imb92l.wav,4.8,16000,1,train
id_jsmbviiz2gcl.wav,nne,data/raw/id_jsmbviiz2gcl.wav,6.08,16000,1,train
id_69xkivr12erg.wav,hapana,data/raw/id_69xkivr12erg.wav,3.84,16000,1,train
id_si00lptmee4a.wav,sita,data/raw/id_si00lptmee4a.wav,6.56,16000,1,train
id_148urbd8geyv.wav,nne,data/raw/id_148urbd8geyv.wav,4.08,16000,1,train
id_hdpgh6aa1a8r.wav,tatu,data/raw/id_hdpgh6aa1a8r.wav,15.92,16000,1,train
id_2cisrs45gr57.wav,hapana,data/raw/id_2cisrs45gr57.wav,4.56,16000,1,train
id_66a5bv4weyig.wav,moja,data/raw/id_66a5bv4weyig.wav,4.4,16000,1,train
id_4j93jbtsx7ll.wav,hapana,data/raw/id_4j93jbtsx7ll.wav,3.76,16000,1,train
id_m0qlwegzlw4f.wav,mbili,data/raw/id_m0qlwegzlw4f.wav,7.28,16000,1,val
id_balmqcytnz5m.wav,ndio,data/raw/id_balmqcytnz5m.wav,6.48,16000,1,train
id_sd3xkhisixog.wav,tano,data/raw/id_sd3xkhisixog.wav,4.0,16000,1,train
id_l27bqrjt6c8e.wav,tatu,data/raw/id_l27bqrjt6c8e.wav,5.84,16000,1,train
id_e3upi7uuq9am.wav,hapana,data/raw/id_e3upi7uuq9am.wav,4.64,16000,1,train
id_sw82slpwez0b.wav,hapana,data/raw/id_sw82slpwez0b.wav,4.4,16000,1,train
id_nl0kptzpgf66.wav,tisa,data/raw/id_nl0kptzpgf66.wav,3.76,16000,1,train
id_yyum1ouoy9e3.wav,moja,data/raw/id_yyum1ouoy9e3.wav,2.8,16000,1,train
id_gzz3vgwnzues.wav,nane,data/raw/id_gzz3vgwnzues.wav,3.76,16000,1,test
id_50v358k5td9t.wav,hapana,data/raw/id_50v358k5td9t.wav,4.08,16000,1,train
id_brjz2juc6iy7.wav,ndio,data/raw/id_brjz2juc6iy7.wav,5.28,16000,1,train
id_l1vys4o6s8g7.wav,moja,data/raw/id_l1vys4o6s8g7.wav,4.72,16000,1,train
id_ewtwnduwce0d.wav,ndio,data/raw/id_ewtwnduwce0d.wav,4.72,16000,1,train
id_z4bsgktw3vgy.wav,nne,data/raw/id_z4bsgktw3vgy.wav,3.52,16000,1,train
id_cglmmworvjz3.wav,kumi,data/raw/id_cglmmworvjz3.wav,4.4,16000,1,train
id_uwdxt01nijrd.wav,kumi,data/raw/id_uwdxt01nijrd.wav,3.68,16000,1,train
id_9gpcweccf0ow.wav,hapana,data/raw/id_9gpcweccf0ow.wav,3.28,16000,1,train
id_p7tuke75432u.wav,hapana,data/raw/id_p7tuke75432u.wav,4.24,16000,1,val
id_hidk630o4ecb.wav,hapana,data/raw/id_hidk630o4ecb.wav,5.92,16000,1,train
id_2m9ph18qwdno.wav,sita,data/raw/id_2m9ph18qwdno.wav,4.4,16000,1,train
id_6kkiyywdojk0.wav,mbili,data/raw/id_6kkiyywdojk0.wav,3.68,16000,1,train
id_9admbsm917ox.wav,kumi,data/raw/id_9admbsm917ox.wav,4.0,16000,1,val
id_sm8hu9hx958c.wav,saba,data/raw/id_sm8hu9hx958c.wav,6.24,16000,1,train
id_p5t8c0p0zs9g.wav,nne,data/raw/id_p5t8c0p0zs9g.wav,3.92,16000,1,train
id_u9a6x5nrkmpr.wav,mbili,data/raw/id_u9a6x5nrkmpr.wav,3.36,16000,1,train
id_c6bufq7d7dil.wav,saba,data/raw/id_c6bufq7d7dil.wav,4.16,16000,1,val
id_rucidftsjcch.wav,kumi,data/raw/id_rucidftsjcch.wav,3.84,16000,1,val
id_fg7f3pkfb7fz.wav,tano,data/raw/id_fg7f3pkfb7fz.wav,3.44,16000,1,train
id_g8uheoyxf3ql.wav,moja,data/raw/id_g8uheoyxf3ql.wav,3.76,16000,1,val
id_0apfh5fz93v1.wav,moja,data/raw/id_0apfh5fz93v1.wav,4.96,16000,1,val
id_2cheerkplmrs.wav,sita,data/raw/id_2cheerkplmrs.wav,7.28,16000,1,train
id_xrjhw4ixl9ux.wav,hapana,data/raw/id_xrjhw4ixl9ux.wav,3.44,16000,1,train
id_xixoot3gzbug.wav,saba,data/raw/id_xixoot3gzbug.wav,3.76,16000,1,train
id_6j8ocos8wr2v.wav,tisa,data/raw/id_6j8ocos8wr2v.wav,7.808,16000,1,train
id_mrbo2ohkkhp7.wav,mbili,data/raw/id_mrbo2ohkkhp7.wav,3.84,16000,1,train
id_a4bjnljx52gs.wav,saba,data/raw/id_a4bjnljx52gs.wav,3.44,16000,1,train
id_k8oeyydl6ft1.wav,saba,data/raw/id_k8oeyydl6ft1.wav,3.84,16000,1,train
id_dr6nwp236t8d.wav,tatu,data/raw/id_dr6nwp236t8d.wav,4.32,16000,1,train
id_vc6kbety3bjt.wav,tisa,data/raw/id_vc6kbety3bjt.wav,5.28,16000,1,val
id_qiht1h7di40h.wav,hapana,data/raw/id_qiht1h7di40h.wav,4.88,16000,1,train
id_kn3y2hrbnmic.wav,tano,data/raw/id_kn3y2hrbnmic.wav,3.92,16000,1,train
id_6ya7d8qx6r46.wav,mbili,data/raw/id_6ya7d8qx6r46.wav,4.16,16000,1,train
id_h4539oe0nhuj.wav,tano,data/raw/id_h4539oe0nhuj.wav,7.04,16000,1,train
id_bc6knk7ndbat.wav,kumi,data/raw/id_bc6knk7ndbat.wav,3.968,16000,1,train
id_wpm7kgqpm9vc.wav,tisa,data/raw/id_wpm7kgqpm9vc.wav,4.096,16000,1,test
id_6yd23ej5rwwt.wav,saba,data/raw/id_6yd23ej5rwwt.wav,3.968,16000,1,train
id_blg760fw1b03.wav,nne,data/raw/id_blg760fw1b03.wav,4.0,16000,1,train
id_cjhl0l8iaj31.wav,tisa,data/raw/id_cjhl0l8iaj31.wav,3.2,16000,1,test
id_1w90rczhccbe.wav,tatu,data/raw/id_1w90rczhccbe.wav,3.92,16000,1,train
id_qi5e6fbf32o9.wav,kumi,data/raw/id_qi5e6fbf32o9.wav,5.12,16000,1,test
id_3nb0rzd5q4v1.wav,nne,data/raw/id_3nb0rzd5q4v1.wav,3.52,16000,1,train
id_wcse2kt25c3r.wav,tisa,data/raw/id_wcse2kt25c3r.wav,4.88,16000,1,val
id_hjzezzou5ghi.wav,sita,data/raw/id_hjzezzou5ghi.wav,4.32,16000,1,train
id_iw13i7v50p4w.wav,hapana,data/raw/id_iw13i7v50p4w.wav,4.4,16000,1,train
id_iay9ew99uvq5.wav,tisa,data/raw/id_iay9ew99uvq5.wav,9.44,16000,1,train
id_zrke864qaqoy.wav,tatu,data/raw/id_zrke864qaqoy.wav,5.04,16000,1,train
id_c2nyjorbv6i6.wav,hapana,data/raw/id_c2nyjorbv6i6.wav,4.32,16000,1,train
id_897k2sutr4qg.wav,nane,data/raw/id_897k2sutr4qg.wav,7.04,16000,1,val
id_zr0xk1egf1gr.wav,mbili,data/raw/id_zr0xk1egf1gr.wav,4.64,16000,1,train
id_b9frf8txj79m.wav,moja,data/raw/id_b9frf8txj79m.wav,4.08,16000,1,test
id_20aa99xgs0ed.wav,moja,data/raw/id_20aa99xgs0ed.wav,3.84,16000,1,train
id_35mkfss6bmju.wav,tano,data/raw/id_35mkfss6bmju.wav,5.248,16000,1,val
id_n5vyz0fatyit.wav,hapana,data/raw/id_n5vyz0fatyit.wav,6.528,16000,1,train
id_ouk7d4bzddpb.wav,tisa,data/raw/id_ouk7d4bzddpb.wav,5.76,16000,1,train
id_kfv40u5w74aq.wav,hapana,data/raw/id_kfv40u5w74aq.wav,5.28,16000,1,train
id_f7t6usmdf20t.wav,sita,data/raw/id_f7t6usmdf20t.wav,4.4,16000,1,train
id_ab4x9ik79fkq.wav,sita,data/raw/id_ab4x9ik79fkq.wav,4.32,16000,1,val
id_qwmvhyhrw40w.wav,kumi,data/raw/id_qwmvhyhrw40w.wav,4.32,16000,1,train
id_hs38evfn32te.wav,saba,data/raw/id_hs38evfn32te.wav,5.12,16000,1,train
id_ghw5t3ugn304.wav,sita,data/raw/id_ghw5t3ugn304.wav,4.72,16000,1,train
id_v3gvrpshlz1i.wav,kumi,data/raw/id_v3gvrpshlz1i.wav,4.608,16000,1,train
id_mn67jkfzp4yh.wav,sita,data/raw/id_mn67jkfzp4yh.wav,5.6,16000,1,train
id_5b7k6uetwazw.wav,hapana,data/raw/id_5b7k6uetwazw.wav,4.0,16000,1,train
id_x3c05ax2lwp1.wav,moja,data/raw/id_x3c05ax2lwp1.wav,4.72,16000,1,train
id_6hq0l1h5mc7n.wav,tano,data/raw/id_6hq0l1h5mc7n.wav,2.88,16000,1,val
id_c3hs7plhuxw5.wav,saba,data/raw/id_c3hs7plhuxw5.wav,4.8,16000,1,test
id_gdcykjk52ifs.wav,ndio,data/raw/id_gdcykjk52ifs.wav,4.72,16000,1,train
id_9av7kxwofkic.wav,kumi,data/raw/id_9av7kxwofkic.wav,4.96,16000,1,test
id_8qd1c7jidopb.wav,ndio,data/raw/id_8qd1c7jidopb.wav,4.96,16000,1,train
id_htxhsuv9r31s.wav,ndio,data/raw/id_htxhsuv9r31s.wav,3.84,16000,1,train
id_dop3zy41jru9.wav,hapana,data/raw/id_dop3zy41jru9.wav,4.4,16000,1,train
id_x6sqwv9570uh.wav,moja,data/raw/id_x6sqwv9570uh.wav,5.04,16000,1,val
id_g5qhz1fuoax2.wav,ndio,data/raw/id_g5qhz1fuoax2.wav,4.24,16000,1,train
id_t3kfs6wdmlgf.wav,saba,data/raw/id_t3kfs6wdmlgf.wav,3.84,16000,1,train
id_1pca3ef7fyf6.wav,nne,data/raw/id_1pca3ef7fyf6.wav,4.64,16000,1,train
id_2occ7idp9d4l.wav,sita,data/raw/id_2occ7idp9d4l.wav,5.68,16000,1,train
id_x1at41lbsfe1.wav,saba,data/raw/id_x1at41lbsfe1.wav,5.12,16000,1,train
id_x9r3i4q1ifx3.wav,tano,data/raw/id_x9r3i4q1ifx3.wav,3.92,16000,1,val
id_g99sykosd3kc.wav,mbili,data/raw/id_g99sykosd3kc.wav,4.64,16000,1,train
id_t0cm4ldlfg06.wav,ndio,data/raw/id_t0cm4ldlfg06.wav,4.56,16000,1,test
id_dorriamaiglw.wav,sita,data/raw/id_dorriamaiglw.wav,3.68,16000,1,train
id_28k805vrmada.wav,nane,data/raw/id_28k805vrmada.wav,3.84,16000,1,val
id_x6ci9uzmk8jg.wav,tano,data/raw/id_x6ci9uzmk8jg.wav,4.16,16000,1,val
id_1nq31kkysp7o.wav,tatu,data/raw/id_1nq31kkysp7o.wav,4.08,16000,1,train
id_nibuyjvbt2fr.wav,hapana,data/raw/id_nibuyjvbt2fr.wav,4.0,16000,1,train
id_lcsg6a1tmg5o.wav,saba,data/raw/id_lcsg6a1tmg5o.wav,6.08,16000,1,train
id_xrenfkv7z0sw.wav,tatu,data/raw/id_xrenfkv7z0sw.wav,5.12,16000,1,val
id_6n998o93irht.wav,tatu,data/raw/id_6n998o93irht.wav,6.64,16000,1,train
id_fvptzbxp6hjw.wav,ndio,data/raw/id_fvptzbxp6hjw.wav,5.6,16000,1,train
id_2un0jtpxujn1.wav,ndio,data/raw/id_2un0jtpxujn1.wav,4.08,16000,1,train
id_3vhme6rkljk8.wav,kumi,data/raw/id_3vhme6rkljk8.wav,3.12,16000,1,train
id_j17ljcaix0g1.wav,nne,data/raw/id_j17ljcaix0g1.wav,3.92,16000,1,train
id_my7w7efc4eiz.wav,kumi,data/raw/id_my7w7efc4eiz.wav,6.8,16000,1,train
id_kthw5ut3g0de.wav,moja,data/raw/id_kthw5ut3g0de.wav,5.2,16000,1,val
id_1qwsrg5xrwbt.wav,sita,data/raw/id_1qwsrg5xrwbt.wav,7.04,16000,1,train
id_70x85j2o35xj.wav,sita,data/raw/id_70x85j2o35xj.wav,3.68,16000,1,val
id_pivoq0nilir7.wav,hapana,data/raw/id_pivoq0nilir7.wav,5.12,16000,1,test
id_p7a9mnxtqs1h.wav,saba,data/raw/id_p7a9mnxtqs1h.wav,4.8,16000,1,train
id_4pr1papm4jrp.wav,sita,data/raw/id_4pr1papm4jrp.wav,4.72,16000,1,train
id_htc6xgkh7j3w.wav,saba,data/raw/id_htc6xgkh7j3w.wav,3.44,16000,1,train
id_9nz95vww3z65.wav,moja,data/raw/id_9nz95vww3z65.wav,5.84,16000,1,train
id_o0lguw8prifq.wav,ndio,data/raw/id_o0lguw8prifq.wav,4.4,16000,1,train
id_b0mkkachwws5.wav,nane,data/raw/id_b0mkkachwws5.wav,4.4,16000,1,test
id_xredagzoivgw.wav,tano,data/raw/id_xredagzoivgw.wav,4.32,16000,1,test
id_b5wzl170se21.wav,hapana,data/raw/id_b5wzl170se21.wav,3.968,16000,1,train
id_5i0jv5c3sgov.wav,moja,data/raw/id_5i0jv5c3sgov.wav,3.68,16000,1,train
id_m4ol1zenm2fs.wav,mbili,data/raw/id_m4ol1zenm2fs.wav,4.32,16000,1,train
id_0f143sjn7gvz.wav,tano,data/raw/id_0f143sjn7gvz.wav,3.84,16000,1,test
id_spg3uty9rjv0.wav,nne,data/raw/id_spg3uty9rjv0.wav,4.56,16000,1,train
id_9rwzpfy73jjx.wav,moja,data/raw/id_9rwzpfy73jjx.wav,3.84,16000,1,train
id_5xp2lpro2luu.wav,nne,data/raw/id_5xp2lpro2luu.wav,4.96,16000,1,train
id_w88o3s1h3t8w.wav,tano,data/raw/id_w88o3s1h3t8w.wav,4.96,16000,1,train
id_4exzt57o1u9i.wav,sita,data/raw/id_4exzt57o1u9i.wav,4.72,16000,1,test
id_led9ljp0mzx2.wav,hapana,data/raw/id_led9ljp0mzx2.wav,4.48,16000,1,train
id_wx9gvqmlk7pd.wav,tatu,data/raw/id_wx9gvqmlk7pd.wav,3.44,16000,1,train
id_ukaqjv4y4t5b.wav,mbili,data/raw/id_ukaqjv4y4t5b.wav,4.72,16000,1,val
id_f4itqyv6ztb3.wav,nane,data/raw/id_f4itqyv6ztb3.wav,7.168,16000,1,train
id_6znz10z453pe.wav,saba,data/raw/id_6znz10z453pe.wav,4.4,16000,1,val
id_m9784h87c2ce.wav,moja,data/raw/id_m9784h87c2ce.wav,3.84,16000,1,train
id_i91g3zjsxsjp.wav,ndio,data/raw/id_i91g3zjsxsjp.wav,8.56,16000,1,train
id_dpa1d6eqs7h6.wav,mbili,data/raw/id_dpa1d6eqs7h6.wav,3.28,16000,1,train
id_r09h8q2w6pup.wav,moja,data/raw/id_r09h8q2w6pup.wav,5.632,16000,1,train
id_b77niqs9exzl.wav,tano,data/raw/id_b77niqs9exzl.wav,4.08,16000,1,train
id_dwmc7pfey5xa.wav,sita,data/raw/id_dwmc7pfey5xa.wav,8.0,16000,1,train
id_izn1krl8uf63.wav,mbili,data/raw/id_izn1krl8uf63.wav,3.6,16000,1,train
id_cwwsj03y1851.wav,tisa,data/raw/id_cwwsj03y1851.wav,5.12,16000,1,val
id_r8eyxt0o34dz.wav,nane,data/raw/id_r8eyxt0o34dz.wav,3.52,16000,1,train
id_k4cxz85lpmvw.wav,sita,data/raw/id_k4cxz85lpmvw.wav,4.48,16000,1,train
id_pvaegwba4i1n.wav,tatu,data/raw/id_pvaegwba4i1n.wav,2.96,16000,1,train
id_rv7mss7eff3w.wav,tano,data/raw/id_rv7mss7eff3w.wav,4.096,16000,1,train
id_4fp88jjoe6w6.wav,mbili,data/raw/id_4fp88jjoe6w6.wav,12.8,16000,1,test
id_s9z00rs1tgwi.wav,tano,data/raw/id_s9z00rs1tgwi.wav,3.6,16000,1,train
id_cw1r7kyuwj89.wav,tatu,data/raw/id_cw1r7kyuwj89.wav,2.64,16000,1,val
id_emr9xgqd8gb1.wav,mbili,data/raw/id_emr9xgqd8gb1.wav,5.2,16000,1,train
id_64kk8s8b9uix.wav,tano,data/raw/id_64kk8s8b9uix.wav,5.2,16000,1,train
id_s46d8g93t7w4.wav,ndio,data/raw/id_s46d8g93t7w4.wav,8.72,16000,1,val
id_f0od7ojamlgk.wav,tano,data/raw/id_f0od7ojamlgk.wav,4.992,16000,1,train
id_czg40sjj6nfi.wav,nane,data/raw/id_czg40sjj6nfi.wav,4.96,16000,1,val
id_p08md7qbnzlz.wav,saba,data/raw/id_p08md7qbnzlz.wav,5.36,16000,1,train
id_i9trh96vpuwj.wav,hapana,data/raw/id_i9trh96vpuwj.wav,3.92,16000,1,train
id_78tuhlpzyz6s.wav,tano,data/raw/id_78tuhlpzyz6s.wav,41.856,16000,1,test
id_0u3he8gafuba.wav,hapana,data/raw/id_0u3he8gafuba.wav,4.16,16000,1,train
id_1rzmvzdyl0z6.wav,hapana,data/raw/id_1rzmvzdyl0z6.wav,4.08,16000,1,test
id_ac7em7b36j7h.wav,tatu,data/raw/id_ac7em7b36j7h.wav,3.44,16000,1,val
id_tklp027cg45a.wav,tisa,data/raw/id_tklp027cg45a.wav,3.28,16000,1,val
id_1hry8typiri8.wav,saba,data/raw/id_1hry8typiri8.wav,4.88,16000,1,val
id_u37s6o9yqmbi.wav,sita,data/raw/id_u37s6o9yqmbi.wav,4.0,16000,1,train
id_fz05q7xhg5p2.wav,saba,data/raw/id_fz05q7xhg5p2.wav,3.68,16000,1,train
id_b5xxavk54wvk.wav,tatu,data/raw/id_b5xxavk54wvk.wav,5.04,16000,1,train
id_obzs20f08uw2.wav,sita,data/raw/id_obzs20f08uw2.wav,4.224,16000,1,test
id_yk7atyg8eb05.wav,saba,data/raw/id_yk7atyg8eb05.wav,9.6,16000,1,train
id_kwcbtws099ob.wav,nane,data/raw/id_kwcbtws099ob.wav,4.4,16000,1,train
id_399n3njaduqv.wav,moja,data/raw/id_399n3njaduqv.wav,4.8,16000,1,train
id_vhifg7bybgzp.wav,ndio,data/raw/id_vhifg7bybgzp.wav,5.04,16000,1,train
id_xl69bckh7f6x.wav,nne,data/raw/id_xl69bckh7f6x.wav,4.24,16000,1,train
id_2cx3w18g1j9x.wav,ndio,data/raw/id_2cx3w18g1j9x.wav,7.12,16000,1,train
id_3xv3kz7gtlqk.wav,tisa,data/raw/id_3xv3kz7gtlqk.wav,4.16,16000,1,train
id_omofagxhys5k.wav,nane,data/raw/id_omofagxhys5k.wav,4.0,16000,1,test
id_lceaoj1aylbg.wav,tano,data/raw/id_lceaoj1aylbg.wav,3.6,16000,1,train
id_85d70ik8be29.wav,tisa,data/raw/id_85d70ik8be29.wav,4.72,16000,1,test
id_hvdq6hy01dfp.wav,saba,data/raw/id_hvdq6hy01dfp.wav,7.52,16000,1,train
id_jvrlydd3ubvx.wav,mbili,data/raw/id_jvrlydd3ubvx.wav,4.24,16000,1,train
id_fm8cnoes4cy6.wav,tisa,data/raw/id_fm8cnoes4cy6.wav,4.48,16000,1,test
id_a7dlo0ek2q8r.wav,moja,data/raw/id_a7dlo0ek2q8r.wav,3.6,16000,1,train
id_qzpivo6d0led.wav,saba,data/raw/id_qzpivo6d0led.wav,4.736,16000,1,train
id_3he1kbmy8v2n.wav,ndio,data/raw/id_3he1kbmy8v2n.wav,4.48,16000,1,train
id_ho8aqa3s42zp.wav,hapana,data/raw/id_ho8aqa3s42zp.wav,4.08,16000,1,train
id_3lhkgf9dqr4c.wav,kumi,data/raw/id_3lhkgf9dqr4c.wav,3.6,16000,1,train
id_ixb7vv4i0zct.wav,tano,data/raw/id_ixb7vv4i0zct.wav,4.16,16000,1,train
id_7tboov3kavg4.wav,nne,data/raw/id_7tboov3kavg4.wav,3.44,16000,1,train
id_de7l1v9qibbc.wav,kumi,data/raw/id_de7l1v9qibbc.wav,3.52,16000,1,train
