Word_id,hapana,kumi,mbili,moja,nane,ndio,nne,saba,sita,tano,tatu,tisa
id_v8rz06e6rv31.wav,2.2061886e-07,0.00011403615,0.99969363,2.3792184e-08,5.337943e-06,2.2168839e-05,0.0001569366,1.115472e-09,1.2093246e-06,1.5267334e-08,2.8426731e-08,6.4305777e-06
id_twhce0u5wcg0.wav,0.9998336,1.7688264e-05,5.745145e-08,9.393596e-05,1.6114572e-06,3.5059502e-06,4.17052e-08,4.824915e-07,8.489425e-09,3.65806e-05,1.2408295e-05,1.5542322e-07
id_3komqnffiaet.wav,7.535338e-05,5.572352e-07,9.393969e-08,0.99979943,4.1716605e-05,1.985817e-05,5.01633e-05,7.861301e-06,1.849514e-08,4.4632434e-06,6.426898e-08,4.086146e-07
id_lbhxpmz7zdxl.wav,1.539935e-06,6.1967356e-08,6.459253e-07,1.213645e-05,0.99983084,6.1778294e-08,9.494887e-05,2.733132e-07,1.5947524e-09,5.926683e-05,6.2512605e-08,1.6353018e-08
id_giv6yxiwwxsw.wav,0.06129739,0.00014101673,0.0005154114,0.10954291,0.7503219,0.002415302,0.0021270579,0.002997839,2.7903037e-05,0.07017892,0.00028458994,0.00014979806
id_dd31f3us2s09.wav,3.5989458e-06,6.243068e-06,0.0024369718,9.5802396e-05,1.8495526e-06,0.9950765,0.0012131613,8.502965e-07,0.00027160905,1.6345363e-06,1.8886372e-07,0.0008915011
id_8a21f8glkb0e.wav,0.000117515825,1.3222596e-07,2.493364e-07,1.9378824e-07,0.00027453163,2.5748218e-07,2.1428895e-07,0.0005750042,8.768677e-07,0.9961026,0.0029232537,5.2346313e-06
id_ir9slbq1gr16.wav,1.245825e-06,1.924012e-07,2.1387689e-07,5.794901e-05,2.9035914e-06,2.895913e-07,6.02397e-08,0.9996425,0.00018049867,9.9764424e-05,1.335703e-05,9.840523e-07
id_95h02wke6ruj.wav,7.2584214e-08,9.24135e-08,0.00013468847,2.3628756e-06,8.967344e-09,0.9995615,4.507989e-05,1.548133e-08,4.776594e-05,2.2360911e-08,4.994876e-10,0.00020840597
id_g2wbrwq80ro7.wav,1.1376752e-07,2.705396e-07,3.4821127e-07,6.163104e-08,5.6900495e-10,3.0542274e-06,4.993641e-07,1.4568658e-08,0.00015590947,6.2836186e-08,5.2865557e-06,0.9998343
id_m1z78clx7dn5.wav,1.2915377e-06,3.3834335e-06,0.0015408995,3.208276e-05,4.814865e-07,0.9971726,0.0006262712,2.2952733e-07,0.000118644144,6.402716e-07,4.5200057e-08,0.0005034316
id_s4s3nzlnnblh.wav,2.9934576e-05,0.9998826,3.2285883e-05,7.208039e-07,9.8371856e-08,7.478167e-09,6.5533874e-07,1.8017339e-08,1.6082398e-08,1.760561e-08,5.3346088e-05,2.6739835e-07
id_75627mkeqas9.wav,8.2409755e-08,2.7312256e-08,4.417665e-06,2.704151e-07,9.381783e-10,1.9201232e-05,1.1751472e-08,8.285765e-05,0.99981457,2.4957426e-08,4.9317357e-08,7.853488e-05
id_7kxef83vcn3c.wav,1.3885015e-07,1.7377701e-07,0.0001257807,6.715373e-06,1.8287478e-08,0.9995783,9.08957e-05,2.1210852e-08,2.586015e-05,3.471426e-08,1.0688045e-09,0.00017202909
id_q9rm5mg4jrbe.wav,8.566869e-07,2.746468e-07,9.190229e-08,3.7587124e-05,4.6351664e-07,5.1631826e-08,2.776269e-08,0.9997383,0.00016231468,3.1206055e-05,2.8603832e-05,2.747547e-07
id_gjoxavdjb938.wav,4.8303245e-05,9.314809e-10,2.7484741e-09,2.0310411e-08,2.3396982e-05,9.204028e-09,2.4450986e-09,8.7235036e-05,3.5532384e-08,0.9997609,7.98385e-05,1.9617133e-07
id_z2tnre574wjd.wav,4.8088846e-06,0.0014536165,0.13174027,0.00026008746,0.0075077913,0.00079556863,0.8581914,1.7147674e-07,1.6033077e-06,2.1551152e-06,5.659203e-06,3.6806756e-05
id_ok38mayxywam.wav,6.7466334e-07,9.867804e-07,0.0003516344,7.141345e-06,3.7795928e-08,0.9976035,4.6039822e-05,2.426658e-07,0.0006013599,2.504271e-07,6.3362426e-09,0.0013882638
id_9rub0857b757.wav,9.583268e-07,2.2806759e-07,1.0073554e-07,5.005642e-05,8.129345e-07,8.868626e-08,3.2705103e-08,0.9997389,0.00015243993,4.115821e-05,1.4837344e-05,3.4798484e-07
id_1kssnhj05g5f.wav,7.1758416e-07,1.1148104e-07,7.575886e-08,2.0503583e-05,6.2040226e-07,6.754823e-08,1.688968e-08,0.99978405,0.00012341527,5.70497e-05,1.3031727e-05,2.8291922e-07
id_f26rd0c7qh5l.wav,0.013483593,0.8407082,0.012963843,0.0053828335,0.00094305095,0.0017400217,0.12055441,7.410628e-06,3.440238e-05,6.43689e-05,0.0030835979,0.0010341532
id_lfvm75i7hxjc.wav,0.0002335502,3.1093923e-06,1.6500297e-05,9.800958e-05,0.9972082,2.8832833e-06,7.607616e-05,1.8496454e-05,1.7800947e-07,0.0023369158,5.2282167e-06,8.972566e-07
id_1foec7rnfn3q.wav,1.8074657e-07,2.938781e-06,0.0039259456,2.1269609e-05,7.0398964e-05,0.008334825,0.98763335,1.5151854e-09,1.9285876e-07,1.3513197e-07,4.5734115e-08,1.0641819e-05
id_ylru3nde99bu.wav,1.6428213e-07,7.346027e-07,1.6999049e-06,1.3097564e-07,1.9469524e-09,6.1059263e-06,8.362211e-07,2.1103125e-08,0.0004181752,5.0754384e-08,8.170025e-06,0.9995639
id_hzelabwwanej.wav,0.00054897845,1.8864097e-05,5.7874015e-05,2.0425861e-05,0.88245744,6.698924e-06,9.513626e-05,0.00092159637,9.86479e-06,0.115564294,0.0002840694,1.477544e-05
id_dv7yhamgq0wo.wav,3.773416e-06,4.5321945e-06,9.255949e-09,4.3661677e-07,1.0517693e-08,2.292538e-09,2.493569e-08,1.0404894e-05,5.7241596e-07,2.283485e-05,0.9999045,5.287812e-05
id_cb68wjhspcfw.wav,0.0001159492,7.9062425e-05,0.0029332563,0.018661369,0.0002110973,0.7176494,0.25870463,5.1263064e-06,9.207087e-05,2.716644e-05,4.758249e-06,0.0015161111
id_tt5gemihii8n.wav,2.585124e-07,8.2101105e-05,0.9996141,6.668985e-08,1.3684783e-05,3.494219e-05,0.00024782598,1.9293795e-09,1.1339876e-06,2.822695e-08,3.74366e-08,5.746054e-06
id_2m3doy7pq5l7.wav,4.4251286e-05,0.99984837,1.5310608e-05,1.6865064e-06,1.3847041e-07,1.1625085e-08,1.5665448e-06,2.8722521e-08,5.1571174e-08,4.9753833e-08,8.774724e-05,6.565193e-07
id_ytan54us1bg1.wav,9.125194e-05,7.594645e-09,1.5743359e-08,6.697066e-08,3.0303336e-05,7.06809e-08,1.6684025e-08,0.00021492044,1.8096654e-07,0.9993567,0.00030527133,1.1043622e-06
id_8mg7qdm9qdox.wav,2.482014e-07,2.1387953e-07,0.0003097694,7.776825e-06,2.7755792e-08,0.9992803,8.8621615e-05,3.6405403e-08,6.304611e-05,6.0319614e-08,1.9216115e-09,0.0002499634
id_rqb3v3beovf7.wav,3.5876557e-08,4.8051106e-08,0.000105885374,2.7935605e-06,8.475831e-09,0.9997454,5.009242e-05,6.5107666e-09,1.3622941e-05,1.2414153e-08,3.079088e-10,8.211315e-05
id_z9fuax5ks3go.wav,1.2698489e-07,3.1384925e-08,4.75704e-06,2.15864e-07,1.2746098e-09,7.00601e-05,1.6936516e-08,0.00010051642,0.9996618,6.305968e-08,3.7010118e-08,0.00016221918
id_p0xzrytwlh1k.wav,0.0003075554,3.4204362e-08,4.0115765e-08,5.7224966e-08,0.0004188172,3.767651e-08,2.2514497e-08,8.8452376e-05,1.2604154e-07,0.998713,0.0004715164,3.22985e-07
id_iwl8rzhslz8d.wav,0.3572057,0.20701657,0.09555995,0.031748883,0.0046803853,0.08035006,0.016744256,0.017765934,0.051283587,0.025609797,0.04641711,0.065617785
id_ymlcr4kf124h.wav,3.2132589e-06,2.8039229e-05,4.4225857e-08,1.811654e-07,3.7558415e-08,5.727747e-09,6.4587276e-08,3.9585657e-06,3.352507e-07,2.4804805e-05,0.9998549,8.435873e-05
id_0gap2cnvxldz.wav,0.99979836,3.3261706e-06,2.1849598e-08,0.00013320165,3.663821e-07,2.5276458e-06,2.5960057e-08,7.538061e-07,7.664446e-09,5.392504e-05,7.255808e-06,1.3833426e-07
id_83ejon715fgi.wav,3.3283354e-06,1.8448075e-06,9.29456e-07,2.8873364e-05,3.7060784e-06,5.7777874e-07,1.6011886e-07,0.99921334,0.00027815413,0.00039009925,7.771646e-05,1.2693029e-06
id_ibj5crkxsfwk.wav,0.00016732345,0.0017675078,0.0006544705,0.9044795,0.029027542,0.0011877513,0.062283535,0.00018507228,2.6170368e-05,5.2368472e-05,9.084005e-05,7.7838165e-05
id_nei5husv4unt.wav,2.2140266e-07,0.00010579054,0.99975723,4.3104635e-08,5.162995e-06,2.8242182e-05,9.330036e-05,1.7208833e-09,2.5612387e-06,2.5528715e-08,2.4536822e-08,7.4317145e-06
id_6421zw0t0aq6.wav,3.360535e-05,8.948923e-05,1.3184363e-07,1.1654221e-06,2.9553308e-07,4.518996e-08,2.7713347e-07,4.9078768e-05,9.393204e-07,0.00028488398,0.9994973,4.2800646e-05
id_cw566zi9ut9x.wav,6.599283e-07,1.204545e-07,1.7035802e-05,1.2676998e-06,1.3698673e-08,0.00051987485,6.7529946e-08,0.00022281293,0.9981856,2.0770834e-07,1.5818398e-07,0.0010521511
id_ym1bdxr888nr.wav,5.273753e-06,4.305711e-06,6.6988353e-09,2.2157255e-07,6.2845884e-09,2.0975626e-09,1.0634113e-08,4.33824e-06,2.0535249e-07,1.9893028e-05,0.9999397,2.6021948e-05
id_9hejg0blciu3.wav,3.3745011e-06,7.431996e-06,5.4690543e-05,9.441044e-06,0.99979514,5.6735658e-08,0.000109148874,1.1069044e-06,8.393527e-09,1.8962473e-05,6.1071313e-07,5.422001e-08
id_5pe0ig9camtz.wav,1.8543568e-07,3.578162e-05,0.00025263696,0.00034577452,0.0004044598,8.638693e-05,0.99887246,8.0486795e-10,3.0850345e-08,6.695455e-08,1.488448e-07,2.0411849e-06
id_arn2z1tgxeit.wav,6.8098634e-05,1.0840025e-06,4.653794e-08,0.9998604,2.091668e-05,7.287619e-06,2.4651581e-05,1.4791238e-05,5.3157024e-08,2.0464388e-06,1.8032867e-07,4.6086893e-07
id_rph3s7ugehp9.wav,2.4644288e-07,5.9874544e-08,1.1857502e-05,5.6954985e-07,4.3072066e-09,0.00011788221,4.6629626e-08,0.00013590614,0.99942553,1.8732909e-07,8.398434e-08,0.0003077161
id_wjt2c3pk86tf.wav,0.736595,0.001019113,0.00041199313,0.08044435,0.031895883,0.0025820248,0.0007559128,0.0076627797,0.00032625426,0.136397,0.0014071735,0.0005025472
id_u7efdu3pf8m0.wav,9.907761e-08,4.2730993e-05,0.99985397,1.814854e-08,3.945879e-06,1.7270775e-05,7.7704455e-05,5.226378e-10,8.4439455e-07,8.660113e-09,1.02829025e-08,3.3752374e-06
id_m1yd88qmqlfu.wav,1.6676914e-06,1.4328165e-06,8.412264e-07,5.4648735e-05,5.849234e-06,6.0296765e-07,2.6824947e-07,0.9993643,0.00022286105,0.00025515983,9.119043e-05,1.2360181e-06
id_4y7dncvvsbo3.wav,7.679259e-06,2.6349257e-05,3.2888902e-08,2.5311934e-07,1.258915e-07,6.513236e-09,1.9855308e-07,7.938614e-06,5.5810796e-07,0.00011415758,0.9997851,5.7598954e-05
id_k5hzdycm1w8j.wav,3.3128143e-07,2.4799804e-06,2.3358284e-06,1.4558039e-07,9.618665e-09,9.0417325e-06,6.454308e-06,3.5374516e-08,9.7831915e-05,1.4362241e-06,6.489239e-05,0.99981505
id_dycws2jxbnaw.wav,0.99977285,3.423523e-05,7.40186e-08,0.00012087195,4.853761e-07,3.91097e-06,1.1991901e-07,6.643605e-07,2.4682011e-08,3.4106375e-05,3.237684e-05,3.9483766e-07
id_6bjhars22gjw.wav,6.565746e-06,5.6199635e-05,2.580952e-07,3.5672036e-07,2.3363704e-07,3.1965154e-08,3.3955106e-07,9.983612e-06,1.084771e-06,0.00013112821,0.99943346,0.00036032498
id_06bwknarur5e.wav,2.6491252e-06,1.5773495e-07,1.5402613e-06,6.5629606e-06,0.9998683,5.1174574e-08,4.5643817e-05,6.316254e-07,3.6026535e-09,7.435309e-05,1.4061973e-07,2.458349e-08
id_h6s4al80nd3y.wav,2.2149022e-06,0.000178693,0.99880815,7.374341e-07,2.9855648e-05,0.000346162,0.00047535042,9.259765e-08,6.173215e-05,4.0415614e-07,2.1655045e-07,9.6455486e-05
id_8ed8cx3maikq.wav,4.429896e-06,3.9561723e-06,1.3303407e-08,2.4842578e-07,1.239794e-08,2.9853573e-09,3.116277e-08,8.8735105e-06,4.4600284e-07,5.9486083e-05,0.99988997,3.2591208e-05
id_hroo1ri8bfv5.wav,1.691189e-06,3.6924715e-07,2.5775998e-06,3.6596214e-06,0.99995077,1.1508921e-08,1.3888044e-05,5.650874e-07,1.6091216e-09,2.6403683e-05,9.4003205e-08,7.956229e-09
id_kpwferr98xvm.wav,3.8759295e-05,2.7603503e-05,3.1147263e-07,1.7559236e-06,4.5654411e-07,1.6223764e-07,5.579656e-07,0.00014456072,3.0682347e-06,0.0012809415,0.9983784,0.000123393
id_2x9ki31ohouo.wav,6.560887e-05,0.9998379,1.785562e-05,6.7072625e-07,1.15004966e-07,9.897378e-09,7.184987e-07,1.6697058e-08,2.146416e-08,3.627617e-08,7.6874654e-05,3.5866995e-07
id_giz3tlgpqr4k.wav,1.39142e-07,3.4664444e-07,7.6261455e-07,1.3947042e-07,1.2516064e-09,1.0288849e-05,4.792223e-07,3.2925552e-08,0.00072765135,3.3787202e-08,3.3166866e-06,0.9992568
id_h5974rcsqjoh.wav,1.1270307e-07,3.343311e-08,3.3831438e-06,3.7718434e-07,1.142884e-09,2.1909804e-05,8.93103e-09,0.00016637424,0.99974567,2.639752e-08,5.552592e-08,6.206318e-05
id_t9wazifl58jw.wav,8.302965e-08,1.0111355e-07,0.00013874684,4.563438e-06,1.1724115e-08,0.99963343,5.0112038e-05,1.4529217e-08,2.7901286e-05,2.127848e-08,5.770167e-10,0.0001450123
id_9boy3279md48.wav,2.5625695e-07,5.7761472e-08,5.0413905e-06,3.3173373e-07,2.5356701e-09,0.00017649283,2.6523933e-08,0.00028807775,0.99936956,2.4994193e-07,8.2135706e-08,0.00015977981
id_kz9yow4d11lh.wav,0.0001637791,0.0012877932,0.12290851,0.00021466493,5.710755e-05,0.024357276,0.0013384034,8.521556e-05,0.44551995,6.749957e-05,0.00016824075,0.40383157
id_2c8zo2ytl8dc.wav,9.792115e-06,3.17191e-05,9.5925664e-08,4.434052e-07,1.9352863e-07,1.52281e-08,1.5121365e-07,6.8661307e-06,8.511566e-07,6.745266e-05,0.99976593,0.00011652664
id_5qj69902gext.wav,1.8339557e-06,2.4337962e-06,2.1082935e-09,5.3729988e-08,4.976589e-09,4.5814988e-10,7.3248776e-09,1.6468173e-06,6.01931e-08,2.2808552e-05,0.99995565,1.5520462e-05
id_kjsatd6p7394.wav,3.2658274e-08,1.1414082e-06,0.00021030082,7.960912e-06,6.933722e-05,6.3302454e-05,0.999647,3.0933874e-11,7.2033175e-09,1.4586586e-08,7.2537927e-09,8.9320156e-07
id_09salta40fqu.wav,6.980586e-07,8.454738e-07,0.0001074657,8.36729e-07,5.645807e-08,0.00016057072,7.0970225e-07,0.00011950049,0.9987307,1.0882293e-06,1.1591047e-06,0.0008764084
id_s21qmi27sjyr.wav,0.9997973,6.8100603e-06,4.1834976e-08,8.3578656e-05,2.0417908e-06,4.446245e-06,7.218241e-08,5.742431e-07,1.2399297e-08,9.4266565e-05,1.0645845e-05,1.6339989e-07
id_xkfpbo2wo4ma.wav,7.977627e-07,2.9015047e-07,2.7114052e-07,4.5874884e-05,2.4615465e-06,1.1568099e-07,8.354611e-08,0.99956876,0.00023225578,9.053304e-05,5.7632806e-05,9.2607075e-07
id_dto4107nn7uo.wav,0.00016172724,2.5218385e-06,5.033862e-08,0.99978036,1.0300358e-05,7.015837e-06,1.4804235e-05,2.1298893e-05,1.2316055e-07,9.838877e-07,2.3107276e-07,6.9201576e-07
id_amenj9l3ayyu.wav,2.5272761e-06,2.0566174e-06,5.114836e-09,3.247463e-07,4.355975e-09,1.3167994e-09,1.4246615e-08,6.209962e-06,2.9361308e-07,1.6157694e-05,0.9999459,2.6537044e-05
id_046k2bj5x87z.wav,7.87528e-08,3.667824e-05,0.99981374,1.6537863e-08,3.7434825e-06,2.1200465e-05,0.00012030669,4.4470808e-10,6.8673205e-07,6.7396013e-09,9.499396e-09,3.5627309e-06
id_d25u6o1j60pv.wav,2.8614757e-05,2.5096166e-05,1.2595086e-05,8.094848e-05,1.6796484e-05,9.03499e-06,1.1869844e-06,0.996546,0.0024303738,0.0005215318,0.0003218488,5.9598497e-06
id_d2mpp2vbv7nk.wav,1.6292418e-07,4.2341853e-07,4.3623604e-07,8.058551e-08,9.2947e-10,3.0890155e-06,6.1149177e-07,1.9007182e-08,0.0001602013,8.930847e-08,7.366428e-06,0.9998275
id_z5eqiru0by7a.wav,3.419929e-05,0.99982685,5.118224e-05,1.2283953e-06,1.3970417e-07,2.113474e-08,1.8533202e-06,3.8848206e-08,6.904536e-08,3.740088e-08,8.352399e-05,9.2713003e-07
id_u8adh4pf3n1m.wav,1.5285079e-07,6.7707144e-05,0.999838,1.8182206e-08,4.464127e-06,1.729224e-05,6.535733e-05,9.777832e-10,1.7776387e-06,1.5804298e-08,1.6345682e-08,5.241919e-06
id_nls0quhv7yg1.wav,1.3939856e-06,1.3606146e-05,0.0009864074,0.0002088557,0.00024702307,0.0035617521,0.9949597,1.0432696e-08,5.4862846e-07,8.11125e-07,3.2984622e-07,1.9522067e-05
id_ln9340r4eec8.wav,1.2729765e-07,5.620961e-05,0.9998282,2.2107477e-08,4.8505435e-06,1.6724252e-05,8.7998385e-05,7.182584e-10,1.0703444e-06,1.2207907e-08,1.496803e-08,4.7051253e-06
id_91vze8m49hcs.wav,7.627508e-05,9.315398e-10,2.7879583e-09,2.061445e-08,1.3854909e-05,8.961612e-09,2.5644027e-09,6.6481814e-05,3.419086e-08,0.9996984,0.00014487434,1.6533897e-07
id_ar60qo60bco2.wav,1.8999744e-08,4.079663e-07,0.00015732487,6.612257e-06,6.3806845e-05,8.366304e-05,0.9996879,2.5313765e-11,3.9808232e-09,9.705489e-09,3.4217758e-09,3.8811612e-07
id_s6tzfyrrdji4.wav,0.00018460982,0.00036721065,1.5719423e-05,0.000944826,1.1004612e-05,7.3964093e-06,5.085534e-06,0.9885704,0.004758853,0.00039417695,0.004716844,2.3918428e-05
id_sp9ejkpo6jsu.wav,1.12682244e-07,1.1279836e-07,0.00015327496,3.4971445e-06,7.1851614e-09,0.9995666,3.1344087e-05,1.7387933e-08,5.1975854e-05,2.3571147e-08,5.191855e-10,0.00019298356
id_xff2oqsjji90.wav,1.7658889e-06,1.3329933e-06,0.00014473993,3.628542e-06,1.3936575e-07,0.00062006625,8.423929e-07,0.00026853223,0.9975923,1.5670099e-06,1.2169646e-06,0.0013638467
id_d29nll886520.wav,0.0012409517,8.1492544e-08,6.7251776e-08,5.949249e-07,6.8280075e-05,3.4149951e-07,7.022886e-08,0.0001471607,1.8719128e-07,0.9978048,0.0007353896,1.9276542e-06
id_b7ogapuzjlz7.wav,3.475693e-05,0.00040691262,0.041881092,5.669865e-05,6.1199157e-06,0.0021656996,8.744661e-05,0.00041298327,0.95161605,3.3093515e-05,2.091779e-05,0.003278207
id_vrsc6hlkfik6.wav,9.10958e-05,0.99964476,2.4156037e-05,1.3574451e-06,1.957475e-07,2.3687154e-08,1.002394e-06,6.8175325e-08,3.291491e-08,7.776339e-08,0.0002365722,6.999012e-07
id_2k4wo9up6r9n.wav,4.5773122e-05,1.7293244e-09,6.319431e-09,3.0637807e-08,0.0001059657,7.3064776e-09,7.758725e-09,8.856063e-05,5.6658397e-08,0.99967027,8.914472e-05,2.4202745e-07
id_loyt0onxf6dv.wav,0.000104801176,0.99966335,8.709564e-06,1.0854253e-06,4.0137323e-08,1.6693155e-08,3.7119204e-07,3.1431945e-08,3.25416e-08,3.834762e-08,0.00022065167,9.164043e-07
id_t18f74l6vmbp.wav,4.4413457e-05,0.9998672,2.4313298e-05,5.101807e-07,5.7970183e-08,6.7500867e-09,3.8230274e-07,1.5688945e-08,1.2333058e-08,1.6599584e-08,6.2876585e-05,1.9559734e-07
id_u889nzpu8857.wav,0.99980575,7.394597e-06,3.2754546e-08,4.0554984e-05,1.363799e-06,2.3195087e-06,3.159246e-08,4.13247e-07,7.516846e-09,0.00012541519,1.6499192e-05,1.187299e-07
id_2026cz7qe8rt.wav,9.197499e-05,0.9997607,4.1289513e-05,1.0864682e-06,1.1000728e-07,2.3645615e-08,8.0703285e-07,3.8549146e-08,4.542936e-08,5.5168993e-08,0.000103151404,6.4707666e-07
id_jjb1v315me3z.wav,1.2653946e-06,1.1141162e-05,0.0015934501,6.0955008e-05,0.00016296376,0.0011974948,0.9969579,2.6708167e-09,4.429955e-07,4.5442346e-07,1.4579383e-07,1.3782265e-05
id_2ia11palltqy.wav,0.0001943066,2.4431897e-06,3.7447947e-07,0.99951255,2.4008024e-05,0.00014376215,5.591997e-05,5.8364127e-05,3.2844255e-07,5.486163e-06,2.2837875e-07,2.2701886e-06
id_o9o5lt1x1ak5.wav,0.00010322269,0.99958366,2.8757026e-05,7.797369e-06,1.5333363e-07,6.6810294e-08,2.1758497e-06,1.8011069e-07,3.376454e-07,1.1254735e-07,0.0002690834,4.4335547e-06
id_gasvodh0egsu.wav,3.4834275e-07,5.1045367e-06,6.5712543e-06,1.356934e-07,8.763485e-09,5.1550433e-06,3.8949806e-06,2.0564173e-08,0.00019011609,2.8145942e-07,5.0459217e-05,0.9997379
id_ju5cqfzl8586.wav,2.2340404e-05,2.2635325e-09,6.5507972e-09,5.614138e-09,0.0001560142,7.9601605e-09,5.2118443e-09,3.957034e-05,3.203891e-08,0.99967813,0.00010376198,1.6450362e-07
id_nxnhmkp8903z.wav,4.382361e-05,2.825312e-09,6.5884214e-09,1.0569453e-08,3.300757e-05,1.1452941e-08,3.5641388e-09,0.000102427235,3.7790723e-08,0.9994504,0.0003700443,2.050014e-07
id_o2569sbuxrlu.wav,0.9998652,1.3984358e-06,9.758744e-09,0.00010501866,3.0852408e-07,1.6058472e-06,1.3324713e-08,2.7188906e-07,3.1255676e-09,2.3592282e-05,2.5693955e-06,7.5779894e-08
id_3rk92s4rcgd4.wav,9.965306e-05,0.999689,1.370315e-05,1.9692295e-06,1.7000195e-07,2.674913e-08,2.1979138e-06,5.5943946e-08,8.679125e-08,1.2069805e-07,0.00019176232,1.2114106e-06
id_kdigr9fmz5pi.wav,0.9997433,2.7335902e-06,3.591797e-08,8.232437e-05,9.607461e-07,3.064967e-06,3.7458076e-08,8.275248e-07,1.1017708e-08,0.00015699201,9.543579e-06,1.6084321e-07
id_92pd0g53n3c9.wav,2.6784892e-07,6.157859e-06,4.7745793e-06,1.426631e-07,8.045961e-09,2.4513479e-06,3.316721e-06,1.1586449e-08,0.00014759,1.6534649e-07,7.1323055e-05,0.9997638
id_0wvftak173os.wav,0.99990916,3.0326405e-06,1.0885255e-08,5.646998e-05,4.0306958e-07,1.4142915e-06,1.8014486e-08,1.7328716e-07,2.8484362e-09,2.4011599e-05,5.178041e-06,7.1578846e-08
id_st6776aatgol.wav,3.298207e-05,2.6868051e-06,7.2158926e-08,1.1075148e-06,1.2902152e-07,4.7828962e-08,1.4376226e-07,8.070468e-05,2.9299451e-06,0.0019143916,0.99773115,0.00023376897
id_ieo1nynohd9s.wav,0.00051506393,0.007552648,0.00023862731,0.84268296,0.011199533,0.00063141127,0.13695839,1.0282823e-05,3.361659e-06,1.8830773e-05,0.000104371495,8.459924e-05
id_6k2m2e85zkr7.wav,2.8115988e-07,7.161159e-05,0.99936956,1.1058324e-07,1.0701294e-05,8.622286e-05,0.00044672386,2.56487e-09,2.4751832e-06,4.5686637e-08,4.300762e-08,1.2285427e-05
id_14lz38onupm6.wav,7.870007e-08,2.4203386e-08,5.021601e-06,2.1366452e-07,1.0356014e-09,1.3092003e-05,1.241012e-08,5.6607347e-05,0.9998344,3.0834855e-08,5.436318e-08,9.039411e-05
id_h53tg8ngcvn1.wav,9.520906e-06,1.8510362e-05,1.7304151e-08,3.800569e-07,1.1122667e-08,6.337069e-09,3.4784815e-08,5.0281824e-06,3.2319022e-07,2.3922594e-05,0.999871,7.123492e-05
id_sf2g4k6d2k7c.wav,4.5480074e-06,5.0036433e-06,6.369401e-09,4.779788e-07,3.2556364e-09,2.1691682e-09,2.026691e-08,4.066056e-06,2.4997874e-07,1.1686796e-05,0.9999113,6.260848e-05
id_9i9azhs6u6dj.wav,0.99977654,4.578559e-05,5.3392668e-08,1.72475e-05,8.175543e-06,1.1890064e-06,7.901783e-08,1.1247034e-07,5.227222e-09,9.6862386e-05,5.387693e-05,8.655285e-08
id_340o949reb8z.wav,8.2795195e-06,3.537124e-05,1.0038158e-07,6.459713e-07,5.1409046e-08,2.122112e-08,1.5790913e-07,8.650727e-06,9.564708e-07,3.5393477e-05,0.9997552,0.00015519281
id_7c1rifwlr08j.wav,6.549414e-07,8.081028e-08,1.194473e-07,1.8562549e-05,8.6273536e-07,1.7091246e-07,1.8950399e-08,0.9995536,0.00037420754,3.920521e-05,1.1665827e-05,7.872169e-07
id_ggnk24fsgmcm.wav,5.818593e-06,1.4339464e-06,8.509437e-06,3.290866e-05,0.9996346,2.5980512e-07,5.7701556e-05,9.121314e-06,2.1684281e-08,0.00024874057,7.6591874e-07,1.0906043e-07
id_je1lzuhwo7ug.wav,0.99989974,9.670881e-07,7.000557e-09,3.9837185e-05,2.2687763e-07,8.23414e-07,8.759438e-09,2.6273077e-07,2.2320903e-09,5.3542924e-05,4.639367e-06,4.091319e-08
id_rlk2q99qj786.wav,0.9996973,6.6257585e-06,3.478839e-08,0.00012449895,8.363623e-07,2.8171316e-06,3.797204e-08,1.7225824e-06,1.3104152e-08,0.0001451944,2.0614596e-05,2.510609e-07
id_660is7g565c3.wav,1.3131897e-07,7.7504055e-08,1.1523462e-05,3.571128e-07,2.3779427e-09,2.3775487e-05,3.238797e-08,8.0340666e-05,0.99977,5.415074e-08,9.832945e-08,0.00011377426
id_ao6sqm031m70.wav,2.3862979e-06,0.00013301347,0.9972972,8.471032e-07,5.067468e-05,0.0010941093,0.0012942991,4.6681986e-08,3.65261e-05,5.62145e-07,3.0413435e-07,9.00555e-05
id_dietxzcwpeut.wav,5.5224267e-05,0.00012188837,2.5205086e-06,0.9926784,0.0029264973,6.87637e-05,0.004132168,5.1015268e-06,1.8752984e-07,5.186566e-06,1.5289145e-06,2.5445786e-06
id_8tusxl6mau8m.wav,3.899845e-08,1.0660364e-06,0.00031734075,1.0551255e-05,0.0002498964,3.6401325e-05,0.99938405,6.73377e-11,5.867706e-09,1.369131e-08,9.278576e-09,5.625305e-07
id_4x7u0i132hsy.wav,0.9998105,1.4529311e-06,1.5966046e-08,7.0085225e-05,6.135404e-07,1.5292145e-06,1.6499119e-08,5.9834207e-07,5.5148566e-09,0.000107189655,7.942966e-06,9.081875e-08
id_t0i0gqcro6fd.wav,5.4116595e-06,2.6091773e-06,9.273338e-06,2.0593547e-05,0.9998715,5.6530425e-08,2.7886806e-05,2.766376e-06,8.09319e-09,5.9384944e-05,5.547725e-07,4.586241e-08
id_kpyuqxodvomt.wav,2.4985221e-08,9.879026e-07,0.00015227421,3.9031504e-05,0.00013862755,0.0002607435,0.99940765,1.9660429e-10,7.6161815e-09,3.391311e-08,1.2278955e-08,6.051674e-07
id_jsdrswtj3udn.wav,0.00010259726,2.719388e-06,2.7433038e-07,0.9996947,3.8770555e-05,4.22365e-05,5.8945992e-05,5.2973664e-05,2.4242746e-07,4.6709943e-06,3.2107576e-07,1.5735219e-06
id_daou7rpax24t.wav,2.0473705e-07,2.940054e-07,0.00021707761,9.585004e-06,3.539292e-08,0.99940455,8.206487e-05,4.676385e-08,5.507925e-05,6.918226e-08,2.2862534e-09,0.00023102283
id_meaomzzggp3b.wav,1.5283689e-07,5.790635e-05,0.9996623,3.349025e-08,5.4014686e-06,5.152773e-05,0.00021388716,9.151739e-10,1.2333848e-06,1.4888616e-08,2.0668667e-08,7.5325906e-06
id_oec7fzpa444h.wav,6.3750165e-05,0.00011359017,6.391592e-07,1.0992944e-05,2.45975e-07,3.4368432e-07,1.3334644e-06,4.6581717e-05,1.1859971e-05,8.7220695e-05,0.9988722,0.00079122983
id_4qz9309xnmut.wav,1.4357519e-07,2.324938e-08,3.7609884e-06,1.762892e-07,1.4807426e-09,5.2347514e-05,1.5173914e-08,0.00010791549,0.99966896,1.1268852e-07,6.3295836e-08,0.00016651973
id_0hbpuk3vsbh7.wav,1.2478945e-07,4.4340122e-05,0.99975973,2.6349097e-08,5.5970054e-06,3.0441961e-05,0.00015425183,7.434284e-10,9.478342e-07,1.1221062e-08,1.45626275e-08,4.5298016e-06
id_w5y5kqevftf0.wav,1.4722254e-06,8.938714e-06,0.0005042245,0.0007434192,0.00038489263,0.0048501687,0.99348515,1.4942561e-08,4.1836708e-07,1.2102219e-06,3.6772482e-07,1.9619436e-05
id_et9ywncc14ze.wav,2.9291618e-07,1.6197712e-06,3.09258e-06,1.6271103e-07,4.3467425e-09,6.4317605e-06,1.9319768e-06,3.0142406e-08,0.0003693594,1.261239e-07,1.3112709e-05,0.9996038
id_n96zp5kqmiso.wav,7.371326e-08,1.2089497e-07,0.00014799734,4.6043538e-06,1.6589178e-08,0.9996407,6.493505e-05,1.5220907e-08,2.1946504e-05,2.5108728e-08,8.0735274e-10,0.000119549615
id_p97ok5mxzcps.wav,9.007829e-05,7.917875e-09,1.8698485e-08,5.1885735e-08,2.6394167e-05,6.270623e-08,9.4513295e-09,0.00036804884,1.1339437e-07,0.9991491,0.0003656316,5.5447487e-07
id_t4xbvwqx3qdu.wav,3.113711e-07,1.3842255e-07,1.4697742e-05,4.871061e-07,9.054794e-09,0.00011165282,8.937094e-08,0.0002696126,0.9993655,4.4708577e-07,2.3824207e-07,0.00023678914
id_mrwa9fv0qu0s.wav,7.6545355e-08,2.861409e-05,0.99978966,2.3444702e-08,4.2027687e-06,2.6917285e-05,0.00014623883,4.307673e-10,6.7776483e-07,7.736065e-09,1.0335665e-08,3.6501685e-06
id_vb2o1oewmngb.wav,1.9957001e-06,2.7956655e-06,2.0918416e-09,8.686801e-08,3.436414e-09,4.6506277e-10,7.658062e-09,2.0767577e-06,8.280628e-08,1.6115724e-05,0.9999589,1.7959812e-05
id_z4ju3oaexhpl.wav,2.4032415e-06,8.8048844e-05,0.9947666,2.7425654e-06,2.1990747e-05,0.0032807454,0.0014384495,7.299181e-08,0.00010697843,5.7420397e-07,2.8823925e-07,0.00029111077
id_chc9ydmytq5i.wav,4.603336e-07,0.00011279579,0.1654034,1.4075311e-05,0.00011772207,0.0053290543,0.82897455,3.944049e-09,1.0636053e-06,1.7466479e-07,2.1899267e-07,4.6551122e-05
id_2r4129830v9p.wav,1.0155638e-05,1.6905236e-06,9.471948e-06,2.3130133e-06,0.9997547,6.302887e-08,1.3494743e-05,2.337486e-06,1.0706874e-08,0.0002047966,8.416545e-07,3.7720554e-08
id_rmmdv487kr37.wav,1.540677e-07,6.718144e-06,0.004486099,5.5050173e-06,0.00010086962,0.00034294507,0.9950525,3.1651629e-10,6.136367e-08,3.8356337e-08,3.428999e-08,5.083934e-06
id_jnfwif96wx9p.wav,1.0381171e-07,3.0910832e-07,4.3913545e-07,8.171542e-08,6.578635e-10,2.7584335e-06,4.3911157e-07,1.23487425e-08,0.000218718,2.6946783e-08,4.69228e-06,0.9997725
id_qxytmbyg50t0.wav,7.2477235e-08,8.6235474e-08,0.00013642639,2.76306e-06,8.4360945e-09,0.999603,4.537342e-05,1.04588365e-08,3.2479104e-05,1.691302e-08,4.1090076e-10,0.00017980655
id_6uzw3xtmxl51.wav,0.00012480534,5.470543e-06,1.2778443e-07,1.9518586e-06,2.0008065e-07,2.0649411e-07,2.8376917e-07,0.00012906069,3.6019276e-06,0.004928899,0.994429,0.00037642263
id_8mjw8pfqfpz7.wav,8.877804e-08,4.7875723e-08,8.765016e-06,2.692107e-07,1.3585182e-09,1.6845344e-05,1.6252429e-08,6.8430665e-05,0.9998272,2.2892117e-08,5.7806883e-08,7.821052e-05
id_cnhza1dbtb7j.wav,9.447093e-08,2.624474e-08,4.6239115e-06,2.3233541e-07,1.0237865e-09,2.7240018e-05,1.3317753e-08,8.2912295e-05,0.99978906,3.986433e-08,4.734368e-08,9.582927e-05
id_w187d8zbuq4k.wav,8.417765e-08,1.0339109e-07,0.00018247768,3.26815e-06,1.21171375e-08,0.9995578,4.9165126e-05,1.1478338e-08,3.2757158e-05,2.5281272e-08,6.102576e-10,0.00017433826
id_7tteeikfcebl.wav,3.906596e-07,2.7199258e-06,0.0006499083,2.183908e-05,0.00027883277,0.0002659801,0.99877435,7.261418e-10,8.0090636e-08,1.5825269e-07,5.973496e-08,5.641893e-06
id_lvxwr3nxmd66.wav,0.00011381264,2.0322796e-08,2.3592127e-08,9.242864e-09,0.00033898183,2.0760815e-08,2.5636968e-08,3.313334e-05,7.440635e-08,0.99909866,0.00041493156,2.1629513e-07
id_ki0p49d51f3j.wav,0.99992645,9.067502e-07,4.0592383e-09,4.687061e-05,1.3297633e-07,5.522101e-07,5.7896905e-09,1.5278924e-07,1.2919654e-09,2.1975924e-05,2.9184182e-06,3.565927e-08
id_vdiuxb9j3ucx.wav,1.271449e-07,2.7904403e-07,5.18298e-07,8.297814e-08,8.0857754e-10,4.3498817e-06,5.815538e-07,1.5866314e-08,0.0002519983,4.7675517e-08,4.394777e-06,0.99973756
id_inb2lg66ekbf.wav,1.8174886e-05,0.00052935,0.629915,0.00029387252,0.00038236217,0.15660666,0.21152811,6.3199144e-07,6.947108e-05,5.3212802e-06,3.255915e-06,0.00064771314
id_yvpt6g2adoh1.wav,2.0471853e-07,1.4345417e-07,8.924185e-06,7.3840465e-07,5.214714e-09,4.7541642e-05,4.2318277e-08,0.00016858176,0.99961436,4.6285386e-08,1.2039213e-07,0.00015935372
id_o9vh7mjxkjhw.wav,7.2311054e-06,2.4416857e-05,1.9270969e-08,5.069935e-07,1.8616674e-08,5.4585354e-09,4.3679925e-08,6.651602e-06,2.497158e-07,1.9694819e-05,0.99989843,4.2821703e-05
id_hgsoabjwcfiq.wav,1.1301291e-06,6.330448e-07,0.00025830607,4.281881e-05,1.4667623e-07,0.9989692,0.00015892604,3.2811909e-07,0.000120562356,5.662479e-07,1.1435598e-08,0.00044749945
id_pcitc6soxgo7.wav,3.6727906e-07,1.9195659e-06,1.6620032e-06,2.6245596e-07,4.0194976e-09,1.4000616e-05,1.124322e-06,3.758051e-08,0.00068625144,6.9983685e-08,8.76071e-06,0.9992855
id_we6bkbqc8v11.wav,8.7728225e-08,3.8294846e-05,0.99983156,1.694314e-08,3.97733e-06,2.4327577e-05,9.7092365e-05,5.428567e-10,9.0474583e-07,7.515736e-09,8.996581e-09,3.7488226e-06
id_s7fu0t33l3d1.wav,0.9998752,2.023775e-06,1.0651026e-08,6.156405e-05,3.8463017e-07,1.0677031e-06,1.2603589e-08,3.7808536e-07,3.5814534e-09,5.1762636e-05,7.4936934e-06,6.74537e-08
id_tirelk3pxtsq.wav,5.641656e-05,0.9997172,2.361114e-05,2.9755888e-06,2.6523534e-07,2.1836907e-08,2.2364034e-06,7.321808e-08,7.023877e-08,7.314647e-08,0.00019567276,1.4718452e-06
id_shqk4g5vqti4.wav,5.287821e-07,1.8719244e-06,3.25792e-06,3.0752244e-07,8.848148e-09,3.0175624e-05,4.091479e-06,7.5945145e-08,0.0003859939,5.7752413e-07,1.4841797e-05,0.99955827
id_7g2w06r26ue9.wav,1.3408805e-07,3.0295433e-07,3.7465782e-07,7.142045e-08,6.9649997e-10,4.342372e-06,5.2765625e-07,1.9621849e-08,0.00019187099,9.687122e-08,6.399629e-06,0.99979585
id_5h7jzc0zij00.wav,9.0086736e-08,2.2984105e-07,8.6835547e-07,6.2671425e-08,1.042183e-09,4.890002e-06,5.1641695e-07,1.7066489e-08,0.0005980717,3.1074237e-08,2.2626075e-06,0.999393
id_gkzgdiaubypq.wav,0.00031632223,6.6380753e-06,5.8963377e-07,0.9992879,0.00012855532,3.4522014e-05,0.00015730468,4.765033e-05,4.704688e-07,1.4840782e-05,2.0280718e-06,3.3006872e-06
id_egv3mx0ygdlc.wav,1.2353874e-07,1.590982e-07,5.4215974e-07,1.2427753e-07,6.9819756e-10,1.4275446e-05,4.500332e-07,2.4857684e-08,0.00076981186,2.6175746e-08,1.3679874e-06,0.9992131
id_drc8ugieob3g.wav,5.3537e-05,2.7650915e-09,6.6406542e-09,2.1064302e-08,2.276119e-05,2.0545134e-08,4.3677333e-09,0.000112022746,4.517449e-08,0.99958223,0.00022906272,3.2701394e-07
id_ypicpq5bl8yq.wav,0.00018225056,6.9103425e-09,2.272423e-08,2.4000255e-07,4.845462e-05,5.3063562e-08,1.7346013e-08,0.00057574554,2.8213802e-07,0.9988451,0.0003469036,8.776065e-07
id_ie3qlq09l27v.wav,1.7737023e-06,1.5295964e-07,1.6387115e-06,1.6407139e-05,0.99982613,1.102592e-07,7.832509e-05,6.7501765e-07,2.3519224e-09,7.456226e-05,1.6541986e-07,2.1045624e-08
id_5y7zx54bzvd7.wav,2.7962645e-07,1.5530175e-06,3.0758165e-06,2.9764266e-07,7.3871917e-09,1.5437656e-05,1.0294082e-06,6.014459e-08,0.0013441466,1.1432916e-07,1.0024076e-05,0.99862397
id_4egl7kxvhe2m.wav,0.9998938,5.1041497e-06,1.822857e-08,5.706412e-05,2.1196728e-07,1.5140131e-06,1.733768e-08,3.5885492e-07,4.6547997e-09,3.1420444e-05,1.03552575e-05,1.1027992e-07
id_bm799pnqq0t9.wav,0.0001826768,0.0063816346,0.000292441,0.60121626,0.19506222,0.00011414847,0.19662473,5.263584e-06,9.4929055e-07,3.6544112e-05,5.4102413e-05,2.911284e-05
id_po7cgm93ozwk.wav,8.6950806e-08,3.4951034e-05,0.9998548,1.8137689e-08,3.4441687e-06,1.7963184e-05,8.3305735e-05,5.0284743e-10,1.012096e-06,7.686297e-09,1.0308676e-08,4.331634e-06
id_mtpqg4tjsitl.wav,1.1843395e-06,2.059827e-07,1.4230275e-06,1.861589e-05,0.9998691,4.488124e-08,9.087161e-05,3.1881507e-07,1.5690403e-09,1.816954e-05,6.957577e-08,1.3422025e-08
id_az4y55khhnz3.wav,9.127172e-08,3.9802238e-08,6.516349e-06,2.8697076e-07,1.3915457e-09,3.3892e-05,1.797857e-08,5.3338423e-05,0.99975413,3.316676e-08,4.344456e-08,0.00015167483
id_l0jb1w58rrf4.wav,2.0274233e-06,2.574127e-06,0.0003126965,1.6892632e-06,2.183628e-07,0.000573967,1.109052e-06,0.0003389795,0.9980799,7.5025932e-06,2.5321438e-06,0.00067681493
id_4qztrf2u64i4.wav,2.7244903e-05,6.317611e-05,0.0015810409,1.8362569e-05,8.433653e-07,0.059496265,0.00024080845,3.9993506e-06,0.059402883,6.6216735e-06,4.450668e-06,0.8791544
id_briuen99dlq7.wav,9.378933e-08,1.8992194e-08,4.487055e-06,1.7513281e-07,1.0702408e-09,3.500137e-05,1.3035864e-08,7.066925e-05,0.99974245,5.1706746e-08,3.886123e-08,0.00014697152
id_nf8xmqfq4rwk.wav,2.0127291e-07,2.7414485e-06,0.0080486685,1.3839897e-05,4.759305e-05,0.018811062,0.97305626,1.6691155e-09,2.575017e-07,1.5840652e-07,6.053184e-08,1.9209958e-05
id_o3dzudeeq28b.wav,2.917747e-07,9.426826e-07,3.9566053e-06,2.357318e-07,3.5965173e-09,2.6996593e-05,1.0551756e-06,3.4545188e-08,0.002126311,3.1859866e-08,2.2183835e-06,0.99783784
id_1j02n5ymm8lz.wav,4.1547144e-05,2.9986649e-09,8.480856e-09,2.3655934e-08,2.4857674e-05,3.225068e-08,4.463832e-09,0.00022856599,7.3113064e-08,0.99956375,0.00014074238,3.6576517e-07
id_c8pphgfn613h.wav,0.00029769918,0.9990922,5.4193365e-06,2.461908e-06,8.502671e-08,4.865725e-08,6.6156025e-07,8.264335e-08,5.343668e-08,1.4751977e-07,0.0005989427,2.1568371e-06
id_he49180905f1.wav,5.552073e-05,4.548242e-07,2.1147873e-08,0.9998833,2.7764616e-05,2.5487052e-06,1.5308487e-05,1.367422e-05,3.565494e-08,1.0828246e-06,1.0312082e-07,2.2841205e-07
id_7jnq4b1eqquq.wav,0.00013544314,0.97806734,0.020843936,2.014971e-05,8.003898e-05,3.18877e-06,0.0005526871,6.05507e-07,2.7059773e-06,1.5036032e-06,0.00023551028,5.6880283e-05
id_y5x3le7iyggo.wav,3.4590263e-07,3.0526266e-07,0.00019168356,1.4082832e-05,4.0412875e-08,0.99934894,9.465146e-05,7.337911e-08,6.9652575e-05,1.06432935e-07,2.7442255e-09,0.00028017434
id_rc3m9tpazj6g.wav,4.2431464e-05,0.99986255,9.7244065e-06,4.0715676e-07,5.0674927e-08,5.2218123e-09,3.726192e-07,1.1346404e-08,1.16379395e-08,1.9366484e-08,8.412125e-05,2.2290571e-07
id_dd532clfsj8s.wav,0.008294728,0.65780485,0.00071755244,0.00852761,0.0004307964,0.00029802058,0.0026801627,0.0015793089,0.00025828957,0.0012832045,0.31181636,0.006309117
id_1e1d7ahr4xly.wav,5.9912487e-05,1.5586838e-06,7.304078e-08,0.9998714,1.7235421e-05,1.102846e-05,2.7118616e-05,1.0005098e-05,4.882158e-08,1.081471e-06,8.689704e-08,3.264208e-07
id_d9vu7rxa8x63.wav,1.2073221e-07,2.1692372e-07,0.00015104738,1.3427534e-05,4.466845e-08,0.99940836,0.00031870842,2.2974714e-08,9.340885e-06,4.4939434e-08,2.2330795e-09,9.879042e-05
id_q7fxbd8dgh5o.wav,6.145827e-07,0.00010311718,0.998423,1.9751688e-07,4.6553218e-05,0.00010874563,0.0013059404,7.1209665e-09,1.7224157e-06,7.843997e-08,9.904191e-08,9.909814e-06
id_r51k50vi8lug.wav,1.2570808e-06,1.6854607e-07,1.235057e-07,4.9399416e-05,8.815598e-07,1.4365249e-07,2.7264962e-08,0.99973696,0.00014590683,5.2743566e-05,1.19787155e-05,3.8751162e-07
id_4d41hpl43uqz.wav,8.3381594e-05,0.999736,1.841557e-05,2.333591e-06,7.9412594e-08,2.1888026e-08,7.240816e-07,5.7308284e-08,7.049388e-08,5.3335746e-08,0.00015781932,1.0827705e-06
id_unysxjodb5fw.wav,0.9978021,0.0008184422,3.7494283e-06,8.409269e-05,0.0001279479,1.7144497e-05,5.474662e-07,5.2569867e-06,1.6696758e-07,0.00067490654,0.00046452179,1.0503198e-06
id_bcs18vwvn52w.wav,8.3357154e-05,6.306371e-07,5.8812258e-08,0.99978906,6.859336e-05,3.68449e-06,3.4210945e-05,1.6855824e-05,5.2697054e-08,2.974662e-06,1.9476252e-07,3.8257846e-07
id_oxsp2rt7vsln.wav,7.732657e-05,1.3328163e-06,7.607391e-08,0.9998274,1.8903716e-05,1.8202305e-05,4.323239e-05,1.1037256e-05,6.827459e-08,1.5380701e-06,1.4089642e-07,5.877692e-07
id_py6wxzyflrik.wav,1.7330285e-07,8.013092e-05,0.9998215,2.9761429e-08,4.533102e-06,2.3374045e-05,6.0516802e-05,1.400819e-09,2.8434547e-06,1.9639238e-08,1.9632946e-08,6.8771424e-06
id_txhe9emant40.wav,1.4793888e-07,3.413489e-06,0.0007747583,7.965942e-05,0.00058030646,0.00027070064,0.99828917,1.4212455e-09,3.5216797e-08,8.1789096e-08,4.5861857e-08,1.5844703e-06
id_78qj5lgkf8xs.wav,8.200603e-08,1.2409213e-07,0.00023436046,4.063618e-06,2.1396389e-08,0.99951947,9.661914e-05,1.1344674e-08,1.956752e-05,2.7800057e-08,8.971119e-10,0.00012563867
id_v9h9sojyzwpc.wav,1.0774769e-06,1.232464e-07,7.0178663e-07,2.2290262e-05,0.9998543,5.075519e-08,8.584926e-05,3.50146e-07,1.3755818e-09,3.5146953e-05,8.618973e-08,1.481699e-08
id_vfdqneesmr7q.wav,2.6792299e-07,7.976506e-07,9.918434e-07,1.43644e-07,2.6114437e-09,9.05118e-06,1.9531067e-06,3.009633e-08,0.00017566608,3.5802313e-07,1.6467862e-05,0.9997943
id_cz5vtgjmhxk3.wav,6.561316e-05,1.8532871e-08,4.5038508e-08,6.303066e-08,1.7356715e-05,2.0550333e-07,2.3494824e-08,0.00058730843,3.3308862e-07,0.99824166,0.0010852047,2.1018748e-06
id_d98uxce6yjlj.wav,6.8753776e-05,1.3549716e-06,1.16992304e-07,0.9997837,2.1453205e-05,3.0741292e-05,6.139671e-05,2.7494625e-05,1.3399477e-07,3.4998625e-06,2.1499963e-07,1.1047172e-06
id_yl6g02h3mmcq.wav,2.0375413e-05,1.5722273e-05,2.1351632e-08,4.098614e-07,2.312443e-08,7.758784e-09,4.5442494e-08,6.5137892e-06,2.5135432e-07,7.037752e-05,0.9998572,2.8991553e-05
id_dd7sdcfau55z.wav,6.911247e-05,4.1380454e-06,4.2612348e-07,0.99951994,7.109896e-05,3.8539954e-05,0.00028398389,9.41992e-06,1.8169429e-07,1.3615564e-06,4.934269e-07,1.2025403e-06
id_mq8or9kwdlg9.wav,1.9814964e-07,7.8534555e-08,9.283323e-06,3.1038073e-07,4.6557505e-09,0.00011085731,4.0886274e-08,0.00012848248,0.9994135,1.3510531e-07,7.5995864e-08,0.00033706776
id_kbjg5j79vore.wav,8.624132e-05,1.0211818e-08,1.5568698e-08,1.5621108e-08,0.00017029482,1.5110926e-08,2.4530916e-08,5.3610896e-05,8.828533e-08,0.99938893,0.00030037487,3.3079243e-07
id_5degcjdtdfwz.wav,0.44259977,0.0009850587,0.00010674631,0.0015769164,0.0046739094,0.00021788897,5.636885e-05,0.0043842955,4.1493327e-05,0.45685217,0.08831968,0.0001856834
id_uvgbm4vxm0x0.wav,1.4368241e-07,2.3777633e-07,0.00015552563,9.547719e-06,3.1838947e-08,0.9995572,0.00013247512,2.7762427e-08,1.9702993e-05,4.9327145e-08,2.0587876e-09,0.00012498503
id_xj8f46q9vgwu.wav,4.2364777e-06,1.5710239e-05,3.6421945e-08,3.923922e-07,3.688946e-08,6.1484657e-09,5.172891e-08,8.517268e-06,7.012434e-07,2.4827177e-05,0.99988294,6.2520005e-05
id_y0z1g77ond3a.wav,3.1996217e-06,8.313735e-07,2.4431196e-07,6.2369756e-05,8.1540605e-07,1.5717968e-07,5.543449e-08,0.999574,0.000253893,5.803635e-05,4.6034955e-05,4.2961582e-07
id_llak9vwyp3sq.wav,1.39644635e-05,0.00011824173,0.388053,0.00011062652,6.229891e-05,0.53581834,0.07400928,4.8015596e-07,0.0002122057,3.2925427e-06,1.2731455e-06,0.0015970309
id_5m8pgr9lvxr2.wav,6.088249e-05,0.9997892,2.2519262e-05,1.0822448e-06,5.4166552e-08,1.7749345e-08,6.5233826e-07,3.701335e-08,5.7023573e-08,3.8341692e-08,0.00012460341,9.768813e-07
id_l5x12wq8u6mb.wav,2.7386431e-08,6.754856e-07,0.00011938329,1.6715681e-05,0.00010558209,0.00011059444,0.99964654,5.8558894e-11,5.202096e-09,1.6768439e-08,6.635751e-09,4.566482e-07
id_rysagj0hh4eo.wav,5.379368e-06,0.00026247167,0.0042818077,0.00010216472,0.00048864324,0.0010792819,0.99364084,2.4196835e-08,2.0504847e-06,2.659564e-06,2.9027376e-06,0.00013184041
id_1gk7jev99p3q.wav,3.8777553e-06,2.5907011e-06,1.6498229e-08,4.9359875e-07,1.9785416e-08,4.3548924e-09,3.5552837e-08,1.2254523e-05,6.685063e-07,5.887261e-05,0.9998499,7.11147e-05
id_xuu3360pcyhx.wav,2.6029335e-07,5.7371483e-07,8.163842e-07,1.3605067e-07,1.7666831e-09,7.010172e-06,1.114579e-06,5.279246e-08,0.00029031883,2.1205679e-07,8.906821e-06,0.99969053
id_f89js7r6m2ma.wav,1.4053632e-07,4.7785926e-07,5.1101244e-07,9.508021e-08,1.1461131e-09,2.379246e-06,6.7585194e-07,1.8426235e-08,0.00016160669,7.4545234e-08,1.1519649e-05,0.99982244
id_n6qzox1en7ly.wav,0.00042007474,9.547557e-08,1.3098766e-07,1.3264979e-07,0.00035590897,1.10229266e-07,4.9674934e-08,0.0002364034,3.890671e-07,0.9978688,0.0011169547,1.0176691e-06
id_jcmo4jlbpgzh.wav,5.1793e-05,7.389082e-10,2.078677e-09,1.5687034e-08,1.8035178e-05,7.816587e-09,1.7777051e-09,7.673739e-05,2.6661956e-08,0.9997683,8.494784e-05,1.3561097e-07
id_ie4zythyuu4z.wav,2.8026047e-06,1.2307223e-05,9.960735e-08,1.5871333e-06,2.10681e-07,1.2931191e-08,2.063249e-07,0.00015668487,3.563236e-06,0.00015670653,0.99959606,6.98848e-05
id_r60nwjlx8bhg.wav,2.7268584e-07,7.3913485e-05,0.9994898,7.8898054e-08,1.1263867e-05,5.156328e-05,0.00035781803,2.2381228e-09,2.0798836e-06,3.8903316e-08,4.9356004e-08,1.3038059e-05
id_379p8brdcgie.wav,0.0003771216,8.345017e-06,4.971951e-05,0.0003159976,0.9367505,3.924055e-05,0.001798372,0.00029879683,6.909196e-06,0.06020363,0.000113934846,3.7539096e-05
id_3ib1e94te3o3.wav,1.3143834e-07,1.7577862e-07,0.00020257667,5.629824e-06,1.5790262e-08,0.9995371,6.875321e-05,1.9016563e-08,3.5258792e-05,3.870805e-08,1.1487401e-09,0.00015035912
id_2r3acdpe8k4g.wav,3.1352681e-06,2.1295184e-06,0.0002421618,0.0010920928,1.935466e-06,0.9478094,0.050655495,5.0220414e-08,4.4135e-06,1.1510854e-06,5.608725e-08,0.00018803943
id_m9boyq5f10j5.wav,0.0002975259,0.9988182,5.7149514e-06,2.3373676e-05,1.7554422e-07,1.3522433e-07,3.5066073e-06,3.5091753e-07,4.7977505e-07,2.5169751e-07,0.0008390075,1.1253165e-05
id_nh2s1tlgvy8h.wav,0.00011493755,6.771625e-06,8.1062313e-07,0.9993961,8.561128e-05,0.00013876034,0.00017754133,5.3566153e-05,2.7024237e-07,2.1830596e-05,5.2042617e-07,3.2355456e-06
id_tpyw4om945kr.wav,1.9205378e-07,1.8433768e-07,0.00011687871,5.88144e-06,1.37117855e-08,0.9994955,2.937169e-05,4.9943036e-08,8.23385e-05,4.3040448e-08,9.56501e-10,0.00026957825
id_cgbv2sygmoo8.wav,0.08004268,0.25929117,0.18726607,0.05321521,0.0126861865,0.06515671,0.061068103,0.03950101,0.08372159,0.036595777,0.027335657,0.09411979
id_5utdy6iz7xbs.wav,1.8969114e-06,3.4664262e-07,2.7914732e-07,7.742189e-05,1.4035387e-06,2.4671343e-07,7.708295e-08,0.9995327,0.0002893521,6.909833e-05,2.6358686e-05,8.06375e-07
id_wtxzjlyczxc0.wav,6.985576e-05,0.9994742,1.7260825e-05,1.8240213e-05,4.1983722e-07,3.279913e-08,2.1687815e-06,2.3390805e-07,1.7355819e-07,9.293162e-08,0.00041493477,2.4213502e-06
id_cp2whd7hjw0n.wav,3.8429855e-05,1.77419e-09,4.0259316e-09,1.6918376e-08,3.208767e-05,2.1407278e-08,4.5062585e-09,8.803949e-05,5.4197173e-08,0.9997383,0.000102783015,3.282346e-07
id_57erwnaniilp.wav,1.5194475e-07,5.6054674e-08,7.3960637e-06,3.8159763e-07,1.7202167e-09,2.6512203e-05,2.2359782e-08,0.00012282991,0.9997532,5.6480093e-08,7.6152894e-08,8.943014e-05
id_dkltbstp37m9.wav,5.9270536e-05,0.9998248,1.9967945e-05,3.9295017e-07,8.49598e-08,8.766469e-09,4.4692666e-07,1.2890855e-08,1.1038083e-08,2.0640508e-08,9.474449e-05,2.4973812e-07
id_trh0x5j2fn3w.wav,6.719131e-05,9.896055e-07,6.937932e-08,0.9998586,1.8516648e-05,1.1854939e-05,2.498743e-05,1.5627727e-05,5.7766712e-08,1.4324606e-06,1.1805331e-07,4.211386e-07
id_er4txz6j7jws.wav,0.000101338475,1.2675696e-06,1.14028076e-07,0.99978167,1.4999561e-05,3.3715205e-05,3.4688444e-05,2.824034e-05,1.3773037e-07,2.7609408e-06,1.3609785e-07,9.173374e-07
id_pn209e2s47tj.wav,4.515696e-05,0.99984956,2.8366374e-05,7.763973e-07,6.774439e-08,9.323888e-09,5.717468e-07,2.4131243e-08,2.7218617e-08,2.3453623e-08,7.493599e-05,3.310077e-07
id_iz17jnkp15p1.wav,0.00023729658,9.306682e-05,2.1256992e-06,0.9985279,0.00030260725,5.2787596e-05,0.0007285418,2.6915563e-05,8.052471e-07,7.995534e-06,1.2185586e-05,7.849829e-06
id_2vy3652xifaa.wav,1.4739271e-07,5.251328e-07,4.8595894e-07,8.563218e-08,1.2030128e-09,2.7007288e-06,6.9276626e-07,1.4360283e-08,0.00012555617,8.671632e-08,1.2623975e-05,0.99985707
id_ar2uymtuiv4u.wav,0.00063697406,3.5035708e-05,1.1442821e-05,0.9970282,0.0008898592,0.000479307,0.00062162813,0.00022841076,2.7510114e-06,5.039002e-05,4.0731397e-06,1.1903657e-05
id_6scjjb5u1hy4.wav,4.140587e-05,9.415576e-10,2.8688858e-09,1.4003992e-08,1.8634508e-05,1.07166915e-08,1.7763305e-09,0.0001087058,2.952676e-08,0.99974436,8.6767555e-05,1.5074403e-07
id_vi7bx98zjuk9.wav,5.051138e-06,1.8657504e-07,1.2433077e-06,2.3991555e-05,0.99976844,1.1310662e-07,4.668825e-05,1.5592475e-06,6.822432e-09,0.0001524232,2.0252375e-07,5.3779804e-08
id_hpt79h7fqly0.wav,9.944263e-08,2.8169337e-08,5.7789975e-06,2.1693293e-07,1.5154761e-09,2.6144011e-05,1.6163645e-08,8.4360094e-05,0.99976057,5.6909926e-08,6.400398e-08,0.0001227004
id_ifl3980chb7m.wav,2.0028065e-08,4.731799e-07,0.00010061203,1.4724899e-05,9.523593e-05,7.62107e-05,0.99971217,3.907345e-11,4.74819e-09,1.19971615e-08,3.9962877e-09,3.9953963e-07
id_5rg8pcffeoxa.wav,0.9994542,1.35272885e-05,1.0193166e-07,7.201236e-05,4.56713e-06,5.4297802e-06,1.1653657e-07,1.1542778e-06,2.5064045e-08,0.00041405327,3.440384e-05,3.4773913e-07
id_15o767bgrusd.wav,8.656016e-08,4.5139004e-05,0.99987817,1.543728e-08,3.0491663e-06,1.569902e-05,5.3241816e-05,4.944751e-10,1.0853304e-06,7.618577e-09,9.149374e-09,3.5691194e-06
id_am0b297vlo83.wav,0.0010930691,0.00038236,0.00253848,0.00080017076,0.99158585,5.317912e-05,0.0021720028,0.00012903864,5.7404204e-06,0.0011488674,7.366281e-05,1.7589004e-05
id_xlzq4q0eebpw.wav,3.388216e-07,8.356842e-08,6.459109e-08,1.6175061e-05,5.103715e-07,3.9664293e-08,1.3629766e-08,0.9997805,0.00015658856,2.965823e-05,1.5655998e-05,2.9418695e-07
id_9hvd1sdlifhh.wav,0.0011840241,0.00020570536,0.00010880698,0.0005540703,0.9967765,4.3367213e-06,0.00011604832,5.2236588e-05,4.149788e-07,0.0009808101,1.5416534e-05,1.7163837e-06
id_2hzcwnuz998g.wav,8.0842336e-05,2.904155e-05,2.4422897e-07,1.2994974e-05,2.0603757e-07,1.6372196e-07,5.243056e-07,0.00021659551,8.857502e-06,0.00030385645,0.9989563,0.000390377
id_vbgu1j3o4djk.wav,4.877285e-06,9.384547e-07,3.497499e-06,5.7406182e-06,0.99988925,2.5998544e-08,1.19622955e-05,1.5557091e-06,4.632256e-09,8.184629e-05,3.622412e-07,2.4232476e-08
id_ietts9gu2018.wav,3.421483e-06,2.6441254e-05,5.3520303e-08,3.6106212e-07,3.570318e-08,6.2417658e-09,7.401321e-08,1.13371025e-05,6.538577e-07,2.014155e-05,0.99990404,3.349019e-05
id_wvevs98thkl7.wav,1.8543647e-08,5.31878e-07,0.00012587651,1.4058639e-05,7.472047e-05,8.556081e-05,0.9996989,3.0323535e-11,3.979516e-09,8.156781e-09,4.0368295e-09,3.4697078e-07
id_xeau1v1f4kkl.wav,0.0007050135,9.959454e-07,1.1366246e-06,0.9978594,0.0006362408,0.00022595537,0.0004557434,1.7428843e-05,1.0132663e-07,9.408484e-05,2.9909637e-07,3.5604462e-06
id_bi87jp84idw8.wav,0.000102520775,2.0032564e-06,1.1505628e-07,0.99979,2.678731e-05,2.3262255e-05,3.553798e-05,1.7134378e-05,9.930604e-08,1.6428867e-06,1.5766334e-07,6.9711365e-07
id_vg8f0abczeu6.wav,0.9997863,6.6924576e-07,1.3317311e-08,7.975142e-05,8.923833e-07,1.3414095e-06,1.7503972e-08,7.323113e-07,6.644937e-09,0.00012525343,4.9340333e-06,6.366568e-08
id_feajgnmo46f4.wav,4.931633e-06,1.7629146e-06,1.7542138e-06,4.3422737e-05,2.0031018e-06,3.8055173e-06,1.3049387e-07,0.9960013,0.0038362283,4.7127476e-05,5.2008534e-05,5.480677e-06
id_01rtyjt9oqie.wav,5.189429e-05,2.562477e-07,1.7683418e-06,0.00018184855,0.99611545,5.6928513e-07,2.2110904e-05,2.7061204e-05,4.4943263e-08,0.0035964733,2.1978676e-06,3.8884454e-07
id_pqt5x5fl4mp2.wav,2.628464e-07,3.7774302e-07,8.2828876e-07,1.3875109e-07,2.7535274e-09,2.8832845e-05,1.7848262e-06,5.3943463e-08,0.0003291447,7.4948275e-07,8.424063e-06,0.9996294
id_pgt6cxxfn9w2.wav,1.07827e-05,0.00014492635,2.4399338e-07,1.4142576e-07,6.446542e-07,1.3053171e-08,1.3491515e-07,1.1724003e-05,2.5149336e-07,0.00014558727,0.9996692,1.6271688e-05
id_u4zt6g9mmaeb.wav,2.981726e-05,0.9997887,0.0001046108,1.6811787e-06,3.5446746e-07,3.6408647e-08,4.5707898e-06,3.1710005e-08,8.4193566e-08,4.1146617e-08,6.800776e-05,2.009925e-06
id_q0sw4098a3bs.wav,6.7826755e-07,1.371314e-07,1.0938575e-07,1.5511912e-05,2.887174e-07,6.7942345e-08,1.4743928e-08,0.99948883,0.00042221122,2.7416852e-05,4.4090997e-05,5.775441e-07
id_lw161m5t8tss.wav,1.718103e-07,4.69701e-08,5.4998254e-06,2.5076832e-07,1.6302547e-09,0.000106267245,2.3625123e-08,0.00012890284,0.99958986,1.0327989e-07,3.8936165e-08,0.00016886176
id_h338bhtb5g3l.wav,5.4781864e-05,0.99982125,5.8716058e-05,1.078749e-06,1.5361351e-07,1.4173534e-08,8.470591e-07,2.6471568e-08,2.9960365e-08,3.6347316e-08,6.256631e-05,4.1113418e-07
id_woziesc87qet.wav,1.4765904e-07,2.410988e-07,2.7584682e-07,7.9514756e-08,4.5087561e-10,3.1130526e-06,4.2396485e-07,1.2433728e-08,0.00014654455,4.022585e-08,4.388727e-06,0.9998447
id_pdh3vah5z5iy.wav,1.1410103e-07,8.6779885e-08,1.7114664e-05,3.3963425e-07,3.8597587e-09,3.6354028e-05,4.935307e-08,3.5049463e-05,0.9996153,5.7714335e-08,9.9431404e-08,0.00029536922
id_xt6grkxj72el.wav,9.5290424e-08,2.5096108e-07,0.00035459734,4.520771e-06,2.5671344e-08,0.9993131,0.000104536215,1.891428e-08,3.8987153e-05,4.6345896e-08,1.6373779e-09,0.00018379863
id_hzetgk3fgbkg.wav,0.00040386556,0.65620506,0.34025618,3.5098674e-05,0.00036962627,5.9156562e-05,0.0022456362,9.551369e-07,1.3194089e-05,6.269807e-06,0.00019742017,0.00020747527
id_ye61r92p4sby.wav,5.5034245e-05,0.9994387,0.00040236182,3.5117419e-06,1.1334208e-06,9.642929e-08,9.551113e-06,5.883585e-08,1.6865557e-07,1.07349386e-07,8.5671854e-05,3.4875718e-06
id_6pjxwq4uu08r.wav,3.4836887e-08,5.930994e-07,0.00015956261,1.7213331e-05,7.384241e-05,0.00023129173,0.99951684,7.131263e-11,6.8634933e-09,2.1674575e-08,7.0289374e-09,6.047598e-07
id_l5ykh0nqy6wb.wav,6.0481483e-07,1.10382615e-07,1.03245696e-07,2.968471e-05,9.832031e-07,8.483531e-08,2.2364292e-08,0.9997336,0.00017632946,4.493531e-05,1.3025677e-05,5.1741983e-07
id_hg24k0g3jkj4.wav,9.897631e-07,5.3795964e-07,4.1251397e-07,1.4309034e-05,1.1436516e-06,1.520911e-07,5.3211398e-08,0.99942005,0.00035795348,0.00010176264,0.00010169471,1.0876726e-06
id_0stlqxg50ium.wav,0.00046903657,0.9984566,1.0583447e-05,1.9285944e-05,5.613672e-07,2.5512205e-07,1.25654e-05,5.213819e-07,7.3757747e-07,8.356597e-07,0.001020028,8.929623e-06
id_dyos7pnij1zc.wav,5.855803e-07,8.0566714e-08,6.32951e-08,1.6809972e-05,3.6572584e-07,6.7346065e-08,1.1312593e-08,0.999808,0.00012447676,3.736871e-05,1.1926127e-05,2.3431599e-07
id_fx0rop6bu55g.wav,4.024193e-06,1.406002e-05,0.08138764,3.7705806e-05,3.0714548e-06,0.9151435,0.0006540192,5.796355e-07,0.00087874674,1.1058144e-06,8.563463e-08,0.0018755009
id_e4sp157dvyk3.wav,0.00019950843,0.9993662,9.898981e-06,6.7440906e-06,2.3667967e-07,1.0073295e-07,1.2977426e-05,8.063732e-08,4.3569932e-07,2.796838e-07,0.0003950237,8.5214115e-06
id_75bof7otgmfn.wav,0.00012086238,5.817122e-06,1.6772326e-07,0.99975663,2.0508673e-05,2.3204315e-05,4.8892376e-05,2.0059342e-05,1.4665864e-07,2.1604606e-06,4.675301e-07,1.1295357e-06
id_v2iaailb1ts9.wav,4.268007e-06,1.0158403e-05,8.1366505e-09,1.6642792e-07,8.3059515e-09,2.0717228e-09,1.821485e-08,3.4163372e-06,1.4495572e-07,2.0336704e-05,0.9999305,3.102867e-05
id_q1xo5s271t3p.wav,4.9380833e-06,2.540119e-06,1.741166e-08,7.332446e-07,1.929697e-08,5.9950724e-09,5.879894e-08,3.3137603e-05,1.4851964e-06,9.10666e-05,0.99979526,7.0720926e-05
id_o8b2d8uq315e.wav,4.4388648e-07,6.567847e-07,0.00057552714,8.950883e-06,1.3781971e-07,0.9984829,0.00010683865,1.9034216e-07,0.00021248517,3.2099163e-07,8.326817e-09,0.0006116093
id_rpyvy5qz1nem.wav,7.1510215e-07,5.2713267e-06,0.00032269934,0.00013837892,0.00044058377,0.00045020017,0.9986375,2.7846705e-09,1.3035752e-07,4.1084763e-07,9.1162825e-08,4.0594055e-06
id_vnv2lleaom6t.wav,3.8675764e-05,2.008643e-09,5.5626104e-09,3.352975e-08,8.0397e-05,1.0919559e-08,1.3912514e-08,0.000101262245,8.6301156e-08,0.999691,8.8209716e-05,3.5749585e-07
id_2dm5pi97k5pb.wav,8.30792e-05,3.078172e-09,1.15099095e-08,5.995083e-08,5.5996912e-05,4.5950642e-08,7.734525e-09,0.00015384934,1.12271316e-07,0.99956185,0.00014453854,5.193636e-07
id_okjcdazrxt1m.wav,4.173899e-06,2.9553487e-06,2.090231e-08,3.2008208e-07,4.9463146e-08,4.8528808e-09,4.3263736e-08,1.473096e-05,4.858021e-07,0.00013921486,0.99978703,5.104411e-05
id_y8u2ssu5h9qn.wav,0.00094345544,0.99736375,1.6457185e-05,0.00022215165,6.056693e-07,1.2270508e-06,1.0899383e-05,4.782193e-06,4.2380734e-06,1.0689367e-06,0.0013826793,4.8694383e-05
id_2xcqg0qthxze.wav,4.0950727e-06,1.447662e-07,7.4046005e-07,1.6178581e-06,0.9995732,2.2521514e-08,1.7647988e-05,1.1948533e-06,4.8353246e-09,0.00040101298,3.848981e-07,3.421953e-08
id_v2m29r5lft8c.wav,0.001963238,1.8142694e-06,3.1324812e-06,0.00012062565,0.00028668006,5.0672325e-06,3.6046388e-06,0.03702303,4.6384495e-05,0.9415979,0.018808749,0.00013983269
id_mjupolouwuwn.wav,4.4424968e-07,7.528352e-08,5.244272e-08,1.5482647e-05,2.3638471e-07,3.8326952e-08,9.509413e-09,0.99970406,0.00023518836,2.15225e-05,2.2500217e-05,3.7929573e-07
id_wywliv4601uc.wav,1.7527412e-07,6.1408535e-08,1.1445141e-05,2.8142466e-07,3.381553e-09,3.1906842e-05,3.6844472e-08,0.00010445521,0.9997155,1.1700776e-07,1.581262e-07,0.00013582248
id_6ihvh5zv68gf.wav,1.6324901e-07,9.4879346e-05,0.9997441,3.7974328e-08,4.4049607e-06,2.633132e-05,0.00012432906,1.1022755e-09,1.2344295e-06,1.5980797e-08,1.78015e-08,4.5717975e-06
id_yuvloc47l42m.wav,0.56071067,0.1594438,0.016678782,0.07741047,0.00031806857,0.070049204,0.0009726078,0.027537419,0.04198229,0.0038372634,0.013991067,0.027068445
id_nq7p9c1veb00.wav,6.7852746e-08,1.450194e-06,0.00026862696,2.5782861e-05,0.00023236951,0.00010185617,0.99936897,1.9924369e-10,1.2865895e-08,2.9932824e-08,1.798121e-08,8.362024e-07
id_rchtgjtjygmj.wav,5.330576e-07,1.1246243e-07,6.284287e-08,2.174259e-05,3.8685977e-07,5.8086464e-08,1.4466836e-08,0.9997768,0.00015562864,3.0979227e-05,1.3472793e-05,3.181548e-07
id_acqhi6st8drh.wav,7.5568614e-08,1.3019305e-06,0.000679918,1.9419023e-05,0.00017525659,0.00041198128,0.99871063,3.2734743e-10,1.3061389e-08,6.624069e-08,3.1828613e-08,1.327686e-06
id_mdsis8l4hlgt.wav,5.275878e-06,5.710615e-06,6.850265e-05,9.686165e-06,7.34221e-08,0.0004805863,4.5200413e-06,8.719599e-06,0.19338912,6.4592626e-07,6.2004815e-06,0.8060209
id_nstwipf7a8it.wav,7.493457e-05,2.6614246e-09,6.4482717e-09,2.4770763e-08,2.2938388e-05,1.7952003e-08,4.4247246e-09,0.00013352073,4.280298e-08,0.99959713,0.00017120222,2.1754711e-07
id_7hvgs4js0h1r.wav,3.540646e-07,7.004044e-07,1.3724205e-06,3.1933064e-07,3.6260033e-09,1.8106613e-05,1.2539209e-06,5.8990402e-08,0.00090224127,1.4496332e-07,7.5773573e-06,0.99906784
id_5r84zn34qrat.wav,1.2749429e-06,1.2346962e-07,1.3399798e-06,3.7016803e-06,0.9999292,1.9039014e-08,3.529254e-05,3.3249802e-07,1.8756456e-09,2.869214e-05,7.749556e-08,1.1230845e-08
id_l1y1hr5b1iaq.wav,2.1692445e-05,1.9877554e-05,0.0024647412,0.0042164563,5.1091454e-05,0.32538918,0.66687953,1.5551235e-07,1.349307e-05,4.785308e-06,1.2182936e-06,0.0009377386
id_ord6ylm8ns32.wav,0.99952805,1.0265616e-05,1.0508185e-07,0.0003572691,8.006478e-07,1.0669656e-05,1.0379781e-07,2.3916382e-06,4.1188965e-08,7.394275e-05,1.5703508e-05,7.422507e-07
id_goqla5esyrp3.wav,0.0005933424,0.998552,0.0003094888,7.0666233e-06,2.298911e-05,3.195081e-07,1.7331937e-05,2.7451378e-07,1.570425e-07,1.3391174e-06,0.00049283326,2.8178144e-06
id_y3a4la9dakw2.wav,1.7139429e-07,3.2523243e-07,2.8658064e-07,8.872539e-08,6.271342e-10,2.3393031e-06,4.5323173e-07,2.064536e-08,0.00012594671,8.843749e-08,8.784782e-06,0.9998615
id_z2blz8e4wew3.wav,2.3955572e-06,1.3381236e-07,1.0441338e-06,1.1706203e-05,0.9998272,5.2340443e-08,0.000121991085,1.7052349e-07,1.7476355e-09,3.529517e-05,7.618076e-08,1.7610912e-08
id_ng2t8nqvi3cu.wav,0.99956733,3.487417e-05,2.0753063e-07,0.00017623912,1.5119724e-06,8.758093e-06,2.4847097e-07,2.6381617e-06,8.19121e-08,0.00013972676,6.762914e-05,7.3017975e-07
id_ldllg7b963k8.wav,1.3382886e-08,2.8858653e-07,5.171445e-05,1.0383984e-05,7.301493e-05,5.2397845e-05,0.9998117,1.6345444e-11,2.8130978e-09,9.835901e-09,3.0168854e-09,4.4561466e-07
id_w5e7dgkl0v0f.wav,2.9984267e-07,2.8987952e-07,0.00032942888,6.589039e-06,2.2117437e-08,0.99919564,5.693717e-05,3.7248736e-08,9.641242e-05,6.997032e-08,1.9257191e-09,0.00031437018
id_595am4enqevu.wav,1.2243372e-05,8.0973194e-07,8.3154e-07,4.518681e-05,7.086451e-07,1.6502377e-06,7.349054e-08,0.9968352,0.002979169,7.663363e-05,4.3564698e-05,3.932578e-06
id_08yb1zjkmsqb.wav,7.892973e-05,1.9606972e-09,7.015784e-09,3.8277182e-08,2.5622483e-05,4.1963716e-08,4.734241e-09,0.00014031523,8.522118e-08,0.9996197,0.0001346741,4.0223802e-07
id_swcr0lylg97j.wav,4.6146408e-07,7.15705e-05,0.9741111,7.509391e-07,2.8181741e-05,0.0012779657,0.024463821,2.9397218e-09,2.1811882e-06,8.6348074e-08,1.3314015e-07,4.3985245e-05
id_xsik018qv9ad.wav,4.0090086e-07,7.7892366e-07,4.794267e-07,1.9574325e-07,1.4785227e-09,4.3207415e-06,9.579144e-07,2.4245137e-08,0.00016559391,1.1575084e-07,1.4398599e-05,0.9998128
id_o9o4n4o8cohs.wav,0.7274254,7.6783814e-05,1.4987297e-05,0.00030400592,0.0022563832,0.00010670873,3.3670174e-06,0.0012480157,6.780941e-06,0.26733512,0.0012127745,9.647509e-06
id_s4f0xo0g6ghz.wav,1.502842e-06,3.822124e-07,1.7681472e-07,1.8411634e-05,5.895415e-07,1.10452355e-07,2.8436231e-08,0.9995376,0.00031676958,6.816351e-05,5.554951e-05,7.136256e-07
id_s1gvk3o622oj.wav,1.0188723e-08,3.8250187e-07,5.521938e-05,1.5971409e-05,0.0001808289,2.5141944e-05,0.9997223,2.5048887e-11,1.4290664e-09,7.1395427e-09,3.5525642e-09,1.6660859e-07
id_oe52lu0l5wpw.wav,1.544397e-07,5.0697203e-05,0.99967587,4.4532367e-08,7.857167e-06,3.0402674e-05,0.00022628531,1.067336e-09,1.2178652e-06,1.8773902e-08,2.4571634e-08,7.4401437e-06
id_d1bqyytmfp3n.wav,0.99991596,1.9263537e-06,6.637729e-09,6.2005834e-05,1.9973042e-07,9.2385767e-07,9.24048e-09,1.6250438e-07,1.6013075e-09,1.5641299e-05,3.1245806e-06,4.2164725e-08
id_1bx8drgzvmoi.wav,0.00020465613,6.94477e-09,9.831764e-09,5.6904522e-08,4.3557688e-05,2.4739691e-08,2.2774454e-08,5.9353297e-05,9.517216e-08,0.99918526,0.0005064487,5.4124206e-07
id_f05ho6hsqxlr.wav,1.2526552e-07,8.0633285e-08,1.6867158e-05,2.3899057e-07,3.6718908e-09,3.7518763e-05,4.7466372e-08,4.2341635e-05,0.99967456,9.136356e-08,1.1034768e-07,0.00022803673
id_rqd86np3u6um.wav,1.2623792e-07,3.2046064e-05,0.9968636,1.4956865e-07,1.4246552e-05,0.0002891891,0.0027918308,1.4098727e-09,7.8568553e-07,2.6427061e-08,3.0387792e-08,7.967255e-06
id_jlk9yk0xz8n5.wav,0.9998672,1.7663949e-06,1.1739411e-08,8.584299e-05,3.0385388e-07,1.6779294e-06,1.2587008e-08,4.13604e-07,3.5587426e-09,3.8307793e-05,4.35578e-06,8.062238e-08
id_al7cg69ix5hs.wav,6.473996e-06,8.026904e-05,0.0052417475,0.0002591999,0.00016949211,0.0082162935,0.9858914,3.2485346e-08,3.442884e-06,2.2870142e-06,1.3452667e-06,0.00012795631
id_3lf0rl2vuvo2.wav,0.00011078428,2.0427578e-06,1.6123944e-07,0.99971753,6.5739754e-05,1.6773063e-05,7.348551e-05,1.0777135e-05,8.968012e-08,1.7448588e-06,2.2441155e-07,6.2286927e-07
id_nmwysb9aih92.wav,2.0640101e-07,2.7885883e-06,0.00023870422,7.191335e-05,0.00025032577,0.00028698923,0.9991468,6.062347e-10,4.253967e-08,9.950259e-08,3.9793008e-08,2.0879863e-06
id_nskmomr8ydih.wav,2.9644596e-07,5.7538042e-08,5.2973483e-06,4.0747986e-07,4.1374046e-09,0.00012280808,3.1866687e-08,0.00034151992,0.99932384,3.116154e-07,1.2471018e-07,0.00020523494
id_uoo4l0vi6x3p.wav,4.0740403e-08,8.142006e-07,0.00017564559,1.3596955e-05,8.913756e-05,0.00013869886,0.9995814,6.60211e-11,7.290224e-09,2.0729884e-08,8.275335e-09,6.6638745e-07
id_x0x5dr3tydnl.wav,8.9886025e-06,3.63483e-07,1.6672385e-06,1.0675075e-05,0.999721,7.083706e-08,1.2121976e-05,3.1269044e-06,8.518994e-09,0.00024139698,5.042229e-07,4.295936e-08
id_67xgoony3xgk.wav,8.645649e-05,7.3831132e-09,1.5165066e-08,2.7735684e-08,0.000120441524,1.9336685e-08,1.324465e-08,9.382116e-05,8.672732e-08,0.9993185,0.000380236,3.9587047e-07
id_lljp6mbk2sn2.wav,3.6866557e-05,0.00026452515,1.4657226e-06,6.7732806e-05,1.2435559e-06,5.54798e-07,3.7108869e-06,0.000490075,9.662009e-05,0.000113350434,0.9941525,0.004771338
id_q3gojxxiyc23.wav,9.487021e-07,1.589728e-07,8.531872e-08,1.7101385e-05,3.4475772e-07,7.249819e-08,1.488559e-08,0.9996803,0.00023366677,4.1812116e-05,2.4963754e-05,4.1196634e-07
id_iwh7url63l7t.wav,0.99982566,1.4809588e-06,1.6787768e-08,6.290192e-05,5.0197394e-07,2.155623e-06,2.1931447e-08,5.471036e-07,6.1557173e-09,0.00010056416,6.1025644e-06,9.06322e-08
id_tyn1zy9apmut.wav,9.0798017e-07,5.4013263e-08,4.3081837e-07,4.5370225e-06,0.9999306,1.5746872e-08,3.4504377e-05,1.7487618e-07,6.894283e-10,2.8654036e-05,4.1388926e-08,6.617651e-09
id_pqfotax90ao0.wav,4.0223878e-08,1.5093713e-06,0.0003696345,1.281586e-05,0.00015179616,7.011708e-05,0.99939334,7.6891195e-11,8.380111e-09,1.4323648e-08,1.1281963e-08,6.7395246e-07
id_o3kdutdq4o8d.wav,1.8248322e-06,9.203259e-06,6.5543736e-06,7.6422475e-07,4.5412555e-08,4.37234e-05,6.050479e-06,1.741972e-07,0.0011100817,1.4694477e-06,7.3349205e-05,0.99874675
id_0m4t6a955rgs.wav,3.275825e-06,1.9007049e-06,0.00030496012,0.0005660191,7.071184e-07,0.9935603,0.0053119105,2.9980478e-07,1.3550545e-05,7.369927e-07,5.0807706e-08,0.00023622734
id_r4aanqsjvykk.wav,8.747764e-06,0.0015815889,0.7966241,1.3695782e-05,0.0021449989,0.00020037555,0.19937333,6.9581745e-08,2.8537752e-06,1.1599114e-06,2.5765291e-06,4.646738e-05
id_l94ipa927mqm.wav,0.9998753,1.8127913e-06,8.743251e-09,9.695874e-05,1.624863e-07,1.1994268e-06,1.448668e-08,2.8475276e-07,3.1293514e-09,2.0156614e-05,3.9115084e-06,8.640421e-08
id_mx5zxx8px3vo.wav,0.01001328,2.8159142e-05,9.663094e-06,7.385055e-05,0.01485178,9.437592e-06,4.2326294e-05,0.0005191961,1.30050985e-05,0.9594743,0.014825791,0.00013921765
id_5rt2ny1fbe4l.wav,2.5328157e-07,6.858732e-07,7.187957e-07,1.3138293e-07,1.7607137e-09,5.019456e-06,1.2179097e-06,2.569939e-08,0.00022787949,9.435655e-08,7.6136066e-06,0.9997563
id_qclg3tx84l03.wav,2.370255e-06,7.0894935e-06,6.859099e-09,1.1234643e-07,8.095355e-09,1.2136231e-09,1.8960051e-08,1.6923158e-06,1.2056414e-07,1.5159516e-05,0.999933,4.038942e-05
id_aixllwkqtf7b.wav,7.440265e-05,0.9997888,1.8298424e-05,8.056598e-07,4.7420393e-08,1.1130665e-08,2.851352e-07,2.9550607e-08,2.4885102e-08,2.5723962e-08,0.000116952935,4.307733e-07
id_3lju1pofwqti.wav,0.00013635626,0.00035703543,1.7198745e-05,0.000184914,6.794057e-06,3.6953409e-06,2.057863e-05,0.007248702,0.0022716813,0.00059840357,0.98686755,0.0022871697
id_mq47qi9b5ysm.wav,0.00022393822,4.1735246e-09,1.2605032e-08,7.780921e-08,3.396448e-05,3.0648067e-08,8.753962e-09,0.00016367555,1.00288176e-07,0.9992956,0.00028235296,2.409106e-07
id_qddavgioqjpx.wav,0.0027183949,0.12521791,0.093386166,0.005077439,0.00042201084,0.0037265173,0.0032849568,0.018544156,0.71634585,0.0011560221,0.008225848,0.021894773
id_19uj3f5rbnmj.wav,2.4204674e-05,0.9998536,7.094487e-05,3.2798287e-06,3.47978e-07,2.0503766e-08,5.168385e-06,2.1027185e-08,1.1536235e-07,3.6134963e-08,4.0951458e-05,1.2372603e-06
id_5sjgq2ox8chd.wav,0.0004850546,2.096717e-08,2.6235893e-08,9.114987e-08,6.433989e-05,8.669689e-08,4.2593182e-08,7.885969e-05,1.6907123e-07,0.9980957,0.0012749741,7.65589e-07
id_v0kjwee7y5iq.wav,1.2873824e-07,4.8541287e-06,0.0028370142,8.489916e-06,5.2660445e-05,0.00083888305,0.996252,3.1058714e-10,8.879665e-08,4.3931628e-08,2.5101528e-08,5.835312e-06
id_7myk9df4dby7.wav,0.9998894,7.5751416e-07,4.8473368e-09,8.7249995e-05,1.358643e-07,8.3425954e-07,8.941604e-09,2.0137682e-07,1.8242706e-09,1.9425635e-05,1.9446236e-06,5.5250972e-08
id_17wi2lvd3op2.wav,3.900937e-06,2.429858e-06,5.958338e-09,5.776314e-07,6.4195245e-09,1.9040831e-09,1.8668818e-08,1.353135e-05,6.0363857e-07,2.775979e-05,0.99989736,5.3737855e-05
id_ftqms3vt7g93.wav,6.621871e-05,5.36893e-09,1.5540877e-08,4.6511854e-08,3.7386395e-05,3.810296e-08,1.6908183e-08,0.00018001554,1.6566554e-07,0.9993075,0.0004077427,8.278365e-07
id_jzqrzysokkzu.wav,6.0205584e-06,1.6242747e-06,6.405285e-09,9.6569e-07,2.4205393e-09,2.1422306e-09,1.9162448e-08,1.1492909e-05,6.273583e-07,1.8447521e-05,0.9998988,6.19622e-05
id_vjn365se6gq3.wav,1.7214808e-07,4.8651646e-07,8.330712e-07,1.0232757e-07,1.2044411e-09,6.8833133e-06,6.865936e-07,2.9620518e-08,0.00030951115,9.374303e-08,5.156593e-06,0.9996761
id_3p6rr6oqrtny.wav,8.4600475e-07,3.1213705e-07,1.6474368e-07,3.356742e-05,7.3356307e-07,5.8073432e-08,4.5949854e-08,0.99935037,0.00027231534,7.778703e-05,0.00026232802,1.4474948e-06
id_dd2je2dyt78i.wav,3.929931e-06,1.5930217e-06,9.598459e-06,2.1251888e-06,0.99993455,1.6191267e-08,7.2096823e-06,7.192558e-07,2.3187867e-09,3.9881186e-05,2.6219473e-07,1.0507061e-08
id_a2m86sy73aav.wav,1.332779e-07,9.1186024e-08,0.00013544549,4.306994e-06,7.1152373e-09,0.9996158,3.373708e-05,1.4114838e-08,4.1591295e-05,2.4063377e-08,5.004951e-10,0.00016879113
id_t72s1d3u18v2.wav,6.936077e-08,5.9608595e-08,9.3783536e-05,5.2186374e-06,1.0062655e-08,0.9997249,5.9765276e-05,1.3570023e-08,1.729274e-05,1.995469e-08,4.42247e-10,9.871207e-05
id_uqfoh084iga4.wav,2.4235362e-06,3.012872e-07,1.9325515e-07,3.3867982e-05,5.961483e-07,2.1055274e-07,2.859692e-08,0.9995307,0.0003471208,6.2022555e-05,2.1767879e-05,7.6403506e-07
id_69mncytnorks.wav,1.6515261e-06,2.3189106e-07,1.48889585e-05,1.704177e-06,2.3646889e-08,0.00053248735,1.1903036e-07,0.0004483022,0.99752873,1.073342e-06,4.428064e-07,0.0014704262
id_ro3epvxvmpp9.wav,3.19085e-05,0.9998704,2.0593545e-05,8.0433745e-07,1.2106422e-07,7.3223676e-09,9.726193e-07,1.6704927e-08,2.0746045e-08,2.605519e-08,7.4693824e-05,2.9646867e-07
id_99rn2sqfnfp1.wav,9.311643e-05,1.3616461e-05,1.3794065e-06,0.9992118,9.9128265e-05,0.0001498719,0.00038518946,3.6421545e-05,6.3834807e-07,3.6386011e-06,1.4899473e-06,3.5933922e-06
id_nmjpl6ibm3ps.wav,0.019987304,0.024388516,0.071019694,0.019915039,0.0070222644,0.029373482,0.01990609,0.05245807,0.5275094,0.025580589,0.09503657,0.10780296
id_gla1fe7ozhy5.wav,5.3566392e-08,8.751186e-08,0.000107771004,4.0048044e-06,9.864999e-09,0.99971384,6.201163e-05,9.803625e-09,1.4875241e-05,1.7498465e-08,4.755038e-10,9.7339034e-05
id_0vr00r74m0ii.wav,7.294635e-06,7.46883e-05,0.00012728835,0.0035904497,0.9254547,7.744029e-06,0.0706924,2.4979122e-06,2.0089989e-07,3.5569377e-05,5.0900485e-06,2.2127174e-06
id_pgn88360xo66.wav,3.743862e-06,5.8678063e-07,2.503854e-06,2.465916e-05,0.99970716,1.2364558e-07,3.8801223e-05,5.352554e-06,9.2560475e-09,0.00021662915,4.7591826e-07,5.232079e-08
id_2zq6xffb3far.wav,7.455344e-05,0.99950576,0.00028843508,1.870907e-06,1.380535e-06,1.3693077e-07,1.7246974e-05,2.7536608e-08,8.7115296e-08,9.967493e-08,0.00010507115,5.369947e-06
id_proq1yvo0824.wav,1.087577e-07,1.9149255e-07,0.00019773377,2.8942472e-06,1.3389212e-08,0.99942625,4.785344e-05,2.0689143e-08,6.1843086e-05,3.9915363e-08,9.873259e-10,0.00026313998
id_lgpvx3a1ujuo.wav,1.2022635e-06,1.2606073e-07,7.945601e-08,2.0843094e-05,4.360793e-07,7.269437e-08,1.381181e-08,0.99973136,0.00017491131,5.163864e-05,1.8989784e-05,3.5980267e-07
id_eiv8zdskep1i.wav,1.17619564e-07,6.4301596e-05,0.9997912,1.3969513e-08,4.0870423e-06,1.7715603e-05,0.00011793525,5.269791e-10,7.6692686e-07,8.610751e-09,1.4022075e-08,3.9075403e-06
id_2ufmqy10mswf.wav,0.99987304,1.3559952e-06,1.0138244e-08,4.7730595e-05,4.7191705e-07,1.2005193e-06,1.5867103e-08,3.108378e-07,3.2691885e-09,7.079202e-05,4.980923e-06,6.2418735e-08
id_4auex3fr26n2.wav,7.025656e-06,2.2367885e-06,1.1848013e-05,3.6361582e-06,0.9998398,4.2169876e-08,6.829211e-06,4.007594e-06,9.949865e-09,0.00012382217,6.6883234e-07,3.283266e-08
id_35rrjvybswe3.wav,3.6817633e-05,2.1823922e-05,2.0583588e-05,0.008567385,0.9870451,6.058591e-06,0.004230652,2.0968384e-06,4.082161e-08,6.7356785e-05,1.3456213e-06,7.9722753e-07
id_j1z81utc0o30.wav,2.7416155e-07,7.252924e-07,1.4618498e-06,1.947587e-07,2.428149e-09,1.1752484e-05,1.0136342e-06,5.659969e-08,0.0006233354,8.4908045e-08,4.4595995e-06,0.9993567
id_gqaxta8521sd.wav,0.2657563,0.028107826,0.024179844,0.3274067,0.037934106,0.08632453,0.021124303,0.11587913,0.02103954,0.038081404,0.011463112,0.022703122
id_t44ld1ervfh2.wav,4.3116765e-06,1.7978945e-07,2.360892e-06,3.7611757e-05,0.99969435,2.487147e-07,0.00016139734,1.22556e-06,8.4841965e-09,9.804828e-05,1.5455865e-07,6.254402e-08
id_j18u6n9vbi9l.wav,0.00034603997,0.00028441162,8.267765e-06,2.8664761e-05,8.089803e-06,1.294543e-05,2.5236348e-05,0.00026067783,0.00013319151,0.008763299,0.9236313,0.0664978
id_cvxrs12htjgv.wav,4.3455635e-05,0.9998529,1.9546907e-05,5.4222596e-07,3.9016893e-08,6.7702337e-09,3.0671492e-07,2.0891013e-08,2.1026528e-08,2.1173383e-08,8.264002e-05,3.3903655e-07
id_qi2mcar0hg4t.wav,2.590551e-07,6.590878e-05,0.998487,1.4307281e-07,2.2071561e-05,6.036282e-05,0.0013563741,1.7208225e-09,5.441279e-07,3.5685442e-08,6.457721e-08,7.258264e-06
id_jl295he2ep7i.wav,0.9999269,7.288316e-07,3.8609183e-09,4.0911476e-05,2.3715552e-07,6.0379574e-07,9.965984e-09,1.3090167e-07,1.6601326e-09,2.8270342e-05,2.2313584e-06,3.58354e-08
id_ilg3wtq2p6g5.wav,0.7640801,4.034885e-06,4.8784995e-07,8.802529e-05,0.00032614105,8.094824e-06,5.1535966e-07,0.00016387613,6.771278e-07,0.23428605,0.0010375797,4.454648e-06
id_vzp0ch3apdyg.wav,5.097075e-08,8.5506606e-08,0.00012555151,3.2537455e-06,9.267816e-09,0.99967897,7.062401e-05,7.1916864e-09,1.5952193e-05,1.6704053e-08,4.4990925e-10,0.000105470994
id_2h75a3mrb5or.wav,6.256922e-05,0.99979824,2.1509259e-05,3.1527456e-06,1.9475797e-07,2.6503242e-08,1.9959143e-06,2.9364294e-08,5.695702e-08,6.013428e-08,0.00011017253,1.9772567e-06
id_ttj5w6fexn5b.wav,9.680958e-07,6.619841e-05,0.9833123,2.923416e-06,3.4556306e-05,0.007876805,0.00857418,3.625196e-08,1.7569024e-05,3.3798682e-07,2.2113353e-07,0.00011389664
id_7ig3h67336nd.wav,3.6506485e-06,1.940589e-06,1.4982966e-05,1.9452139e-06,0.99992967,1.792967e-08,7.3428687e-06,1.3100039e-06,3.3261454e-09,3.8833034e-05,2.545926e-07,1.09262075e-08
id_22ohnk9xo0g3.wav,6.678544e-05,7.405323e-07,4.7378222e-08,0.99987376,1.2975798e-05,1.1182169e-05,2.0023348e-05,1.2728173e-05,4.396462e-08,1.2941448e-06,9.71593e-08,4.0491233e-07
id_f4gac30b2c1e.wav,7.3556805e-08,1.2569039e-07,0.0001184506,4.433833e-06,1.3998133e-08,0.99965787,7.565296e-05,1.4205181e-08,2.081693e-05,2.328076e-08,7.710709e-10,0.00012248542
id_nvb8mk8mypcr.wav,2.270518e-07,8.079927e-05,0.9997744,4.8323265e-08,4.6093983e-06,3.135823e-05,9.4284995e-05,1.8010501e-09,3.3638055e-06,2.231884e-08,2.679942e-08,1.0846834e-05
id_xqe1nqa1t4ip.wav,4.2783036e-08,1.3826023e-08,2.7992187e-06,1.161999e-07,5.601313e-10,1.3676712e-05,8.214976e-09,4.2729112e-05,0.9998424,1.8646904e-08,2.4771737e-08,9.818838e-05
id_4nf1wq74g81b.wav,0.0001540596,5.6085895e-07,1.7337852e-07,0.998611,0.0010291539,1.1618115e-05,0.00014664009,3.1486637e-05,9.786485e-08,1.4221568e-05,1.427079e-07,8.8013115e-07
id_hsjtbtlmkl8i.wav,0.9997745,1.1347433e-05,3.503988e-08,0.00017784719,1.4463004e-07,2.789619e-06,4.6886573e-08,7.769879e-07,1.278226e-08,1.860506e-05,1.34210195e-05,3.3565138e-07
id_m0bfpb44o6k8.wav,5.3933363e-06,9.587028e-06,2.0984704e-08,7.6168374e-07,1.1779055e-08,6.4920105e-09,3.9966164e-08,2.3172008e-05,8.9449895e-07,2.0235497e-05,0.9998969,4.2998872e-05
id_dpdlnv7d5kkr.wav,1.0974507e-05,3.1522395e-05,4.2403766e-08,4.212936e-07,5.637561e-08,9.633937e-09,5.8088556e-08,1.49646075e-05,3.0606793e-07,5.1779596e-05,0.99986994,1.9874538e-05
id_af2gwe4yn6x3.wav,2.3480073e-08,3.402929e-07,5.3507873e-05,3.1877116e-05,7.572868e-05,0.00013336087,0.99970454,4.0118787e-11,4.7542885e-09,1.3458291e-08,3.9828114e-09,5.2522347e-07
id_73wydpkv6m6e.wav,9.4305653e-07,6.351267e-05,0.9866283,1.0047759e-06,2.9314026e-05,0.0016419186,0.011567416,5.6525704e-09,5.041797e-06,1.4794348e-07,1.5159291e-07,6.21532e-05
id_mg98epkgth3k.wav,6.565011e-08,1.7627848e-08,4.3557707e-06,1.7354462e-07,9.976393e-10,1.3860169e-05,1.2322215e-08,4.679065e-05,0.9998079,3.4370704e-08,5.1187097e-08,0.00012674155
id_eiyawykk5f98.wav,0.0001329803,2.901301e-06,9.1110444e-08,0.99980515,1.1845941e-05,1.08806835e-05,2.4026256e-05,1.0608319e-05,6.8327004e-08,7.959707e-07,2.0924597e-07,4.8596803e-07
id_s620lduhlt9b.wav,3.1410073e-07,1.2241608e-06,1.5310683e-06,1.8139633e-07,2.394452e-09,5.7474144e-06,9.641024e-07,3.1239747e-08,0.0002685925,1.3712376e-07,1.5322785e-05,0.99970585
id_qaqta9fv7he7.wav,0.014311149,0.022172973,0.23108129,0.0070455377,0.0018563772,0.22176775,0.008559796,0.0038352306,0.2668078,0.0071442723,0.005043777,0.21037412
id_gm9uvmjnujze.wav,1.03324034e-07,1.7674012e-06,0.00023882538,3.350941e-05,0.00022399756,0.00012041313,0.99938023,2.2858043e-10,1.7789695e-08,4.2623117e-08,1.9194713e-08,9.558266e-07
id_eyf3qqzixkgf.wav,1.3715936e-06,3.9449205e-08,3.5353355e-07,9.062893e-06,0.99985516,3.490023e-08,4.619332e-05,3.50162e-07,1.371203e-09,8.741975e-05,6.710791e-08,1.515019e-08
id_qeuz75qqdets.wav,5.662882e-06,4.5084494e-06,2.5553712e-08,9.025622e-07,1.7996436e-08,8.6381124e-09,7.427315e-08,1.0936602e-05,8.2509763e-07,4.95251e-05,0.9998128,0.00011473813
id_y8gf6hywcxak.wav,0.00031869364,0.9984798,9.2107275e-06,2.5310103e-05,1.7139412e-07,1.9545935e-07,2.35837e-06,8.3268634e-07,7.141074e-07,2.5763484e-07,0.001152798,9.7196025e-06
id_n82wf8vtu8kx.wav,0.0046651145,0.010580584,0.10737011,0.004311663,0.0009631384,0.021473791,0.004276031,0.0060897656,0.7393818,0.002137718,0.0068399473,0.091910325
id_9jdwrw7u14nk.wav,0.9974222,0.0006300106,1.3636771e-06,0.0016552301,1.855126e-06,6.856699e-05,2.0004402e-06,1.2360461e-05,6.0646255e-07,7.101893e-05,0.00012561273,9.12393e-06
id_aq3su88twjv2.wav,4.0373085e-05,5.6795903e-07,3.6467206e-08,0.99987555,3.122162e-05,6.4393093e-06,4.0254403e-05,4.261119e-06,1.7436587e-08,1.1047429e-06,6.753842e-08,2.402639e-07
id_8h1l8z3z7qwl.wav,4.348003e-08,9.4033237e-07,0.00017215352,1.8492208e-05,0.0001386105,8.316587e-05,0.99958605,7.6715266e-11,7.56605e-09,1.8680778e-08,8.869582e-09,5.2269144e-07
id_shwwu8vp7frb.wav,4.715198e-05,7.634962e-05,0.0012763367,0.00014008401,4.0777445e-06,0.002512996,1.2369015e-05,0.0075881635,0.98704964,1.8672952e-05,2.3476947e-05,0.001250692
id_o6p3t1s8iyci.wav,1.7980338e-07,4.2569138e-07,5.047493e-07,1.125037e-07,8.1236795e-10,4.139321e-06,4.9436335e-07,2.0413239e-08,0.00025002458,4.652734e-08,4.7887866e-06,0.99973935
id_rep7e46betbe.wav,4.148167e-06,1.6496548e-05,1.832925e-08,2.1419471e-07,1.9899021e-08,2.961835e-09,4.4588635e-08,5.2366327e-06,2.2136925e-07,3.197692e-05,0.9999219,1.9682231e-05
id_4bsednm7vyyc.wav,0.00034117824,0.00050616794,6.983128e-07,1.2937518e-06,7.3971034e-07,2.2576873e-07,6.949598e-07,2.2966158e-05,1.1744969e-06,0.00042636239,0.9986506,4.7960668e-05
id_366jn9zuf9wt.wav,6.001325e-06,5.811909e-06,0.00057765254,1.0069534e-05,2.767555e-07,0.00047656996,2.3674647e-06,0.00053614017,0.9976554,4.068863e-06,4.2968054e-06,0.00072127004
id_2czf5hv3j4tp.wav,9.08668e-07,1.3836299e-07,1.2403844e-07,4.4684748e-05,6.7461843e-07,1.417254e-07,2.6221086e-08,0.9996123,0.0002995011,2.7666889e-05,1.3276516e-05,6.049271e-07
id_20w1gxv3xqja.wav,0.025134917,0.15514039,0.16146293,0.08924621,0.003034331,0.25419557,0.18142441,0.0009911311,0.019255755,0.0021761893,0.003906486,0.10403167
id_ayzmscol0z5b.wav,7.058812e-08,1.2833518e-08,2.6199584e-06,1.2237149e-07,8.40577e-10,2.3008926e-05,8.909174e-09,8.009335e-05,0.99976546,4.7807795e-08,3.6411066e-08,0.00012857997
id_lrhr1fp5ydpv.wav,2.8592808e-06,5.2785912e-05,0.00016373246,0.0063514975,0.06420198,5.2098243e-05,0.9291699,6.056729e-08,6.918268e-08,1.8880569e-06,1.0149706e-06,2.177339e-06
id_6szv219ilrvt.wav,3.0549774e-07,0.00019854933,0.9989612,4.756414e-08,1.0455787e-05,2.1579257e-05,0.00079883094,1.7277549e-09,6.508608e-07,2.3384697e-08,7.821192e-08,8.2882325e-06
id_1c4o14emghy8.wav,7.038483e-08,7.8751086e-08,0.00013278352,3.2653327e-06,7.965182e-09,0.9996642,3.8023347e-05,9.74042e-09,2.6411222e-05,1.843882e-08,4.1609904e-10,0.00013518194
id_lq7llv1kte96.wav,6.1419627e-07,1.6462731e-07,1.3067405e-07,5.4133514e-05,1.6142058e-06,8.9363716e-08,4.4799084e-08,0.99973637,0.00013915522,4.99908e-05,1.7309603e-05,4.672679e-07
id_x9snls0muxkh.wav,1.1186956e-07,3.6938847e-05,0.9997192,3.47432e-08,4.8547445e-06,4.31926e-05,0.00018984602,7.533874e-10,9.5327374e-07,1.0813437e-08,1.2367529e-08,4.914346e-06
id_ad7rmxekezzf.wav,1.1407065e-05,3.298401e-06,3.4147256e-08,3.2385782e-07,1.6969382e-07,1.0309066e-08,8.747594e-08,1.5221327e-05,8.1206144e-07,0.000529766,0.99933404,0.000104863124
id_bk2j015i7zk5.wav,6.0961e-08,1.5447607e-05,0.9995938,3.0310737e-08,4.548359e-06,5.9515613e-05,0.00032173927,3.6340186e-10,5.2564025e-07,6.1647927e-09,8.123973e-09,4.3488e-06
id_uxsbxn4r0kl6.wav,1.4186858e-07,2.0084099e-07,0.0002187042,4.5786937e-06,1.9881986e-08,0.99943763,5.789002e-05,2.114639e-08,4.81516e-05,4.46678e-08,1.2694721e-09,0.00023263252
id_r1icin2t52qx.wav,2.2791939e-05,1.6309009e-09,5.1240057e-09,3.957071e-09,5.242418e-05,7.0200428e-09,2.7653593e-09,5.1834526e-05,2.8494444e-08,0.9996848,0.00018804891,1.3081433e-07
id_jm6h8gqin33x.wav,6.953508e-07,1.6943112e-07,9.773113e-08,2.9075105e-05,7.5402136e-07,6.919411e-08,2.8228769e-08,0.9997739,0.000111264155,6.259844e-05,2.0979873e-05,3.6523133e-07
id_rwqgevnobrkc.wav,3.8517745e-05,0.9998503,3.7592235e-05,6.577338e-07,1.16861706e-07,9.742865e-09,7.694374e-07,2.271952e-08,2.1423443e-08,2.1095246e-08,7.1619055e-05,2.821439e-07
id_ybx36jct7wpm.wav,0.99984777,5.0048384e-06,2.5122457e-08,8.804527e-05,2.8693276e-07,2.1402395e-06,3.2399946e-08,5.6635633e-07,8.5018605e-09,4.483441e-05,1.1173563e-05,1.4986355e-07
id_ynit7cd7f4jp.wav,2.2972201e-06,9.745528e-07,4.8490966e-07,1.7950628e-05,1.120522e-06,3.4956057e-07,6.2692486e-08,0.9993875,0.0003843544,0.00014632508,5.7604444e-05,9.271151e-07
id_tzzh4jowrytj.wav,0.00021758389,0.008114571,0.8372175,0.00010533034,0.00017963556,0.009355557,0.021751108,1.2627176e-05,0.013341702,5.3716933e-05,0.00018133511,0.10946937
id_p9rscpr0fzrp.wav,0.000107755026,0.015387018,0.02304592,0.00044944027,0.00093554886,0.0019067768,0.9547341,3.6724018e-07,5.0619783e-05,1.9827869e-05,6.773139e-05,0.003294855
id_44ooj502usaq.wav,7.4363277e-07,1.7156353e-07,7.486897e-08,2.1980215e-05,3.0727585e-07,6.248442e-08,1.4897675e-08,0.9997384,0.0001941819,2.7483287e-05,1.631648e-05,2.2730079e-07
id_8yceuwbm7ack.wav,0.06253238,0.0075072804,0.0008269617,0.0024495744,0.00095873803,0.0010362492,0.00077806826,0.042538762,0.0060364297,0.21301416,0.6557584,0.0065630483
id_tyyudt6ey3eq.wav,2.0602587e-07,9.262455e-05,0.9997993,3.4257507e-08,4.829213e-06,2.303781e-05,7.1433955e-05,1.2675622e-09,2.2292531e-06,1.9484746e-08,2.4449324e-08,6.3180573e-06
id_f7d6gcq8dacq.wav,0.0007445567,2.4307913e-06,2.459285e-06,9.4652904e-07,0.00059592375,2.6917494e-06,9.345715e-07,0.0023886547,4.0329096e-06,0.9857986,0.010449521,9.282033e-06
id_t07xo591vdto.wav,7.2724373e-07,1.7427012e-06,0.00021964883,1.4754078e-06,5.023421e-08,7.4156684e-05,5.6260853e-07,0.000122057034,0.99918634,6.5255705e-07,1.5906566e-06,0.00039096692
id_5o9h1sfbwou9.wav,5.1176314e-05,0.0002877744,0.0021665718,3.9895283e-05,3.1932043e-06,0.0014930624,0.00022541385,6.0983807e-06,0.04031053,1.627327e-05,0.00011611215,0.9552838
id_5k085p4a2llq.wav,6.962627e-07,3.963228e-08,4.95442e-07,1.235228e-05,0.99986565,3.1844035e-08,9.9922494e-05,1.4679469e-07,7.5146683e-10,2.055005e-05,2.5723976e-08,8.093915e-09
id_h7dnl3e7ihrc.wav,9.1675827e-07,5.3194466e-08,6.322161e-07,8.29837e-06,0.9998721,2.885763e-08,8.695592e-05,1.5730261e-07,1.0156539e-09,3.082136e-05,5.2195347e-08,9.549401e-09
id_6h7hslslhz6a.wav,7.5649886e-08,3.043559e-08,8.497657e-06,1.9387899e-07,1.8257607e-09,2.0390322e-05,1.9284991e-08,4.282716e-05,0.99975604,3.9428443e-08,6.499871e-08,0.00017188683
id_i5qzqf3fw71s.wav,1.867982e-06,3.4840568e-06,1.2024365e-06,0.000100064666,1.21461e-05,6.630366e-07,6.3252315e-07,0.99928695,0.00022645433,0.00027898917,8.641461e-05,1.1210195e-06
id_87ozmo8vxeay.wav,0.04949036,9.2299415e-05,3.6726495e-05,0.00013898914,0.9356072,1.1014587e-05,0.00035571854,1.1961479e-05,7.262781e-07,0.01411121,0.00014022787,3.5374655e-06
id_w9yhpaq7r6wy.wav,4.256576e-05,1.2047767e-09,3.930702e-09,1.6509716e-08,1.6218879e-05,1.0421507e-08,3.7556984e-09,8.048788e-05,4.0787807e-08,0.99963427,0.00022611929,2.7134791e-07
id_9d0xuj83rvhz.wav,0.0001483487,1.0379722e-08,3.21251e-08,3.924131e-08,0.00013278097,2.8780175e-08,1.8224487e-08,9.641789e-05,1.4009366e-07,0.99921036,0.0004113453,3.788164e-07
id_h8nzexy9icie.wav,0.00012552917,1.7115719e-06,6.356805e-08,0.9997776,3.8143746e-05,9.922218e-06,3.7938913e-05,6.5102527e-06,4.1460254e-08,1.7961327e-06,1.6348912e-07,5.375355e-07
id_c2fb4tbe8j8i.wav,3.9314895e-07,8.7018276e-07,0.0004739732,1.1070362e-05,6.356307e-08,0.9988663,0.00014308507,7.477969e-08,9.581555e-05,1.4301459e-07,6.287885e-09,0.0004081955
id_mhwb3h0ymqwd.wav,6.1495357e-06,0.0001221901,0.97885495,7.128078e-06,4.074093e-05,0.016666135,0.0036411746,2.926776e-07,0.00016971408,9.726333e-07,5.968294e-07,0.0004898344
id_j3x7wv8s6jib.wav,6.403087e-08,9.019128e-08,0.00013958706,3.5087762e-06,8.312895e-09,0.99966764,5.0749466e-05,9.9024895e-09,2.199575e-05,1.807221e-08,4.8211446e-10,0.00011629416
id_l9blzoau8rkr.wav,1.0640575e-08,2.8218307e-07,5.5947596e-05,1.4499009e-05,0.0001320599,3.175682e-05,0.9997651,1.9529219e-11,1.6954937e-09,5.921581e-09,2.4844096e-09,1.7932202e-07
id_s2zd3l8flb6r.wav,2.9616003e-06,1.6925856e-07,1.6885364e-06,2.0381889e-05,0.9997181,1.9858466e-07,8.612406e-05,9.991555e-07,3.1104672e-09,0.0001689574,3.093183e-07,2.9278725e-08
id_h4azpwzowgxy.wav,0.9973794,0.00071541546,7.3358715e-06,0.00096521876,8.6434875e-06,0.000117789175,2.8951758e-06,5.1318704e-05,3.0729032e-06,0.00036446695,0.0003739256,1.058142e-05
id_ci697itfcqh1.wav,4.0641035e-06,0.00025905253,0.9976998,1.5825265e-06,2.8783172e-05,0.0008262395,0.0006949538,1.3099832e-07,0.00016692032,7.542985e-07,5.535538e-07,0.00031727913
id_s257bjdc2s5y.wav,3.6953923e-05,9.3114544e-10,2.8922846e-09,1.3538534e-08,2.712093e-05,9.188225e-09,2.3413236e-09,7.608327e-05,3.1477676e-08,0.9997707,8.893636e-05,1.7342022e-07
id_ak1smox18epv.wav,1.9334182e-07,5.404966e-05,0.9997367,3.5396717e-08,7.5180874e-06,3.8916623e-05,0.00015475102,1.4858905e-09,1.6957555e-06,1.8215108e-08,1.5837186e-08,6.150174e-06
id_galxjnlftahx.wav,6.772727e-08,1.6934257e-08,3.4554616e-06,1.4481083e-07,8.437747e-10,1.6602611e-05,1.0456082e-08,6.2799736e-05,0.99981064,3.9106734e-08,4.200144e-08,0.000106323365
id_261a281m6rs1.wav,8.697061e-08,1.6887854e-07,6.3476966e-07,6.889751e-08,5.723806e-10,7.1387003e-06,3.7872462e-07,1.3884874e-08,0.00044526282,1.9256294e-08,1.4517805e-06,0.9995448
id_uhw37ku1gw9v.wav,1.0958639e-07,5.2195654e-05,0.9998431,1.7928736e-08,4.149806e-06,1.6895441e-05,7.7171375e-05,6.7008427e-10,1.1579538e-06,1.0279202e-08,1.3563916e-08,5.140043e-06
id_pm0v2z2jpfc6.wav,0.59725636,0.0019571288,0.001460533,0.03253098,0.023093475,0.0045556924,0.0006998911,0.039052173,0.001350436,0.2884428,0.007981959,0.0016186032
id_m9o9tioryms2.wav,8.855435e-06,8.975589e-08,5.3508387e-07,0.000105064006,0.9995989,1.8228592e-07,6.3613e-05,2.2085362e-06,7.59156e-09,0.0002203649,1.6111058e-07,6.813307e-08
id_clht4bh2f9wd.wav,1.6547469e-07,4.4568802e-05,0.9989858,1.0022458e-07,9.0527155e-06,0.000112610396,0.00083815976,1.3719879e-09,1.002753e-06,2.1329607e-08,2.5376291e-08,8.299867e-06
id_chbn34foqfz6.wav,2.084831e-06,4.729361e-06,1.1528942e-05,2.048625e-06,1.24606645e-08,6.665891e-05,3.0131482e-06,2.611516e-07,0.0057822107,9.137711e-08,3.5701541e-06,0.9941239
id_i42vwjlh438g.wav,0.9997925,1.3306347e-06,1.6522e-08,8.01945e-05,9.4455356e-07,1.5751114e-06,1.8368205e-08,7.5757447e-07,6.598009e-09,0.00011488997,7.702729e-06,8.772982e-08
id_5h970i2vq7y9.wav,0.0007215038,3.5604135e-05,4.1077692e-07,0.9989857,1.35851205e-05,8.125561e-05,4.8457005e-05,9.460921e-05,1.0756061e-06,6.8142995e-06,2.0241048e-06,8.935027e-06
id_9w70j5c1ebkz.wav,5.4035772e-05,1.0650304e-09,3.2496357e-09,1.8550056e-08,1.3183732e-05,9.36449e-09,3.3259058e-09,7.8373945e-05,3.9261412e-08,0.9996439,0.0002102392,2.2035285e-07
id_rivr3qtmdrfi.wav,7.630717e-08,2.5852803e-08,5.512304e-06,1.795687e-07,1.0254012e-09,1.4684597e-05,1.2787402e-08,5.0388535e-05,0.99983907,3.4708354e-08,5.109622e-08,8.991024e-05
id_9wh9ef7tcsoq.wav,1.3985311e-07,3.800511e-05,0.99979,3.0491297e-08,4.3910572e-06,4.961488e-05,0.00010921537,8.266709e-10,1.8078958e-06,1.3061173e-08,1.3090278e-08,6.9195094e-06
id_823rulz7dyg5.wav,3.8091412e-07,7.4689905e-07,2.9128723e-06,3.482249e-07,6.321108e-09,1.6538908e-05,2.225049e-06,9.408374e-08,0.0013511381,2.1155783e-07,1.0877246e-05,0.99861455
id_i4ko5owz9uko.wav,0.09455685,0.080256455,0.014172563,0.0393249,0.00871816,0.011128944,0.018376641,0.09206188,0.037971914,0.0808716,0.49757695,0.024983015
id_6eo1yxcezu5y.wav,0.00014877254,8.062784e-05,4.91069e-06,0.9968315,0.0005917419,0.00014756974,0.0021645362,1.4864114e-05,9.029485e-07,5.29163e-06,3.5556864e-06,5.842823e-06
id_ppyucw2y1afd.wav,1.5451786e-08,4.7943246e-07,7.44281e-05,1.4494993e-05,0.00011981897,3.7427937e-05,0.9997532,2.5140267e-11,2.69007e-09,7.996338e-09,3.2025167e-09,2.4066603e-07
id_iipcchonorm2.wav,5.8456735e-08,1.3397378e-07,8.4090214e-05,3.5542948e-06,1.6770223e-08,0.99960417,0.00012534735,1.6575097e-08,1.7823157e-05,2.8849895e-08,8.3816337e-10,0.0001648746
id_nhunsq3lf4nz.wav,6.4535334e-06,6.459691e-06,4.893584e-08,2.45681e-06,3.795545e-08,1.6066503e-08,1.17979965e-07,6.1475046e-05,3.893157e-06,5.695764e-05,0.9996531,0.0002089455
id_ekbsdsm1j5k2.wav,1.4417584e-07,7.078364e-08,1.33391495e-05,1.975324e-07,3.6122538e-09,7.454618e-05,4.253916e-08,6.430384e-05,0.99961144,1.6125647e-07,8.71817e-08,0.00023573241
id_6515i93uhpj7.wav,2.4323793e-07,8.355785e-05,0.9985727,7.1778835e-08,1.6006625e-05,3.5222958e-05,0.0012860221,1.3277387e-09,4.708801e-07,2.1911818e-08,5.92674e-08,5.53993e-06
id_x6gdi6y6gmli.wav,1.1988098e-07,5.8233385e-05,0.99976176,2.9387596e-08,4.330314e-06,3.0230594e-05,0.00013928025,8.052542e-10,1.1047887e-06,1.2049355e-08,1.2986507e-08,4.799121e-06
id_u201xgh6wl65.wav,1.431258e-07,2.9394462e-07,3.722423e-07,6.983721e-08,6.810509e-10,4.0131536e-06,5.830437e-07,1.7890342e-08,0.00016980903,7.114213e-08,4.301607e-06,0.9998204
id_ba57opmtt2kb.wav,3.2694436e-07,7.2314333e-07,1.1174465e-06,1.5843654e-07,2.189483e-09,1.5395275e-05,1.2297739e-06,4.3053536e-08,0.00039760352,1.9845842e-07,7.005535e-06,0.9995763
id_e2ww8ffnbj6r.wav,9.72259e-05,1.4309931e-07,1.9158566e-08,0.9998374,4.32969e-05,2.2289553e-06,1.1033767e-05,6.2318195e-06,8.232346e-09,2.250327e-06,3.5605797e-08,1.4127161e-07
id_sxrx6ekmuk7t.wav,0.021095598,0.054583065,0.0067599905,0.11185936,0.0009266968,0.007946501,0.010382042,0.04501643,0.3892702,0.0023102753,0.111758776,0.2380911
id_9dhrv0vgwhij.wav,1.9420074e-07,2.76271e-06,0.00045983342,2.3625158e-05,0.0003100442,8.564445e-05,0.9991161,2.6420552e-10,2.9883328e-08,5.007437e-08,2.853119e-08,1.6510116e-06
id_q3r45ppcwmdv.wav,7.458538e-08,1.1796299e-07,0.00010079144,5.3910653e-06,1.5095562e-08,0.9996952,8.0424485e-05,1.4303317e-08,1.5846235e-05,2.3356929e-08,7.737279e-10,0.000102114616
id_c02vgvnfyxxe.wav,0.99987483,1.1657844e-06,8.642125e-09,6.0633327e-05,4.3895432e-07,1.0517783e-06,1.8104421e-08,2.95324e-07,3.3801315e-09,5.679148e-05,4.68113e-06,8.634914e-08
id_kc81qphk3oc1.wav,3.455228e-06,1.3190485e-05,9.608932e-07,7.310949e-05,2.7767483e-06,1.9807644e-07,3.683008e-07,0.9988405,0.00025991298,0.00011861115,0.0006861539,7.279946e-07
id_xxmzi256jrtl.wav,2.2609136e-05,0.9998878,2.752606e-05,9.512929e-07,1.14229145e-07,7.3460664e-09,1.1376856e-06,1.795003e-08,2.9491538e-08,2.1927582e-08,5.92463e-05,4.1531413e-07
id_300k76hkwos8.wav,1.3645566e-06,1.6428816e-06,0.00027210268,9.493292e-05,3.859984e-07,0.9977048,0.0015382272,2.6117806e-07,2.8702125e-05,3.7446873e-07,2.7004747e-08,0.0003573054
id_6vqfo2fcyhr5.wav,0.0002104296,0.9994802,9.576035e-06,4.400011e-06,3.6028595e-07,5.977557e-08,4.076266e-06,9.7411395e-08,1.3200945e-07,2.8391227e-07,0.00028840435,1.9929705e-06
id_ctr35dvbvp5r.wav,8.3000293e-07,1.5317183e-07,1.069126e-07,2.1279373e-05,5.5937534e-07,7.8787465e-08,1.7961945e-08,0.99970835,0.00020370023,4.597792e-05,1.852086e-05,3.9092689e-07
id_ntz8g3f8xvhk.wav,6.931169e-05,3.1812938e-08,4.8421487e-08,1.9698698e-08,0.0025657034,1.5006345e-08,6.910599e-08,5.3466072e-05,1.1181443e-07,0.9971132,0.00019771479,3.4172888e-07
id_pl700q0bb27a.wav,7.394063e-06,7.9370344e-05,0.0011486403,0.00086640916,0.8757441,1.9886822e-05,0.122109264,1.4319071e-06,1.7521342e-07,1.7294786e-05,3.8823246e-06,2.2199395e-06
id_o9s5yumsgbtu.wav,7.652856e-08,2.0325437e-07,2.632086e-07,5.4003063e-08,4.1054726e-10,1.9577328e-06,2.682712e-07,1.1015272e-08,0.000181764,1.9637783e-08,3.0648976e-06,0.9998123
id_d5f9fr569wrb.wav,1.9295182e-08,1.7216917e-06,0.00021480097,1.24048365e-05,7.575541e-05,5.876511e-05,0.99963593,3.2969606e-11,4.759942e-09,8.722836e-09,7.858063e-09,6.018583e-07
id_y86egnshxs21.wav,0.9997627,1.6329091e-06,2.4577846e-08,0.00015854856,6.2754884e-07,2.3402145e-06,3.3916102e-08,8.59518e-07,1.1520613e-08,6.748011e-05,5.5460296e-06,1.3409525e-07
id_e1rgk0c4kifw.wav,1.9852472e-05,2.4582234e-09,6.1078342e-09,4.3396615e-09,0.00010439936,5.332695e-09,6.146013e-09,4.5188735e-05,3.7380214e-08,0.9996099,0.00022052666,2.1028586e-07
id_yn8wcaporh2v.wav,0.000472833,1.1112264e-06,1.8812176e-06,3.2971716e-06,0.00019897474,1.8274226e-06,6.4375007e-07,0.01517308,1.3145213e-05,0.96909875,0.015001803,3.2624914e-05
id_co8pajamwgvk.wav,0.9998276,4.1323538e-06,3.1825518e-08,6.38115e-05,1.0524138e-06,3.4315767e-06,2.0212948e-08,7.176771e-07,7.645266e-09,8.948194e-05,9.510085e-06,1.0153192e-07
id_kkxr5l6hj6ab.wav,5.511172e-07,2.5902224e-07,2.1068603e-05,1.8142839e-06,1.0916376e-08,8.278948e-05,1.5062379e-07,0.00015840094,0.9992015,1.5523136e-07,2.7978842e-07,0.0005331067
id_how31nso2xo5.wav,6.165484e-08,2.0727524e-05,0.9997855,1.8118106e-08,4.160833e-06,2.8770184e-05,0.00015723896,3.4137634e-10,5.2129116e-07,5.6694844e-09,7.3350104e-09,3.0680878e-06
id_4wz8yh8w8d72.wav,7.931665e-07,5.1459157e-08,5.4721835e-07,5.153234e-06,0.99991703,1.891402e-08,5.505229e-05,1.2089264e-07,6.565997e-10,2.1222766e-05,3.557354e-08,6.6033885e-09
id_cnhztqv0936z.wav,0.00068172824,0.99817574,4.1590647e-06,1.3226144e-05,3.6347845e-07,1.5692241e-07,1.5547628e-05,2.5452297e-07,3.8698283e-07,6.9470155e-07,0.0011000758,7.740085e-06
id_a8ehzbfonu66.wav,2.577959e-06,2.0888322e-06,7.548205e-07,2.8180442e-05,1.3080968e-06,1.9164682e-07,1.1211512e-07,0.99781716,0.0007579624,0.00014699293,0.00123888,3.7483553e-06
id_dihamc9u39ww.wav,3.2442334e-05,0.9998215,6.309385e-05,8.2178843e-07,1.1957195e-07,2.2428841e-08,1.7021698e-06,2.174757e-08,6.279883e-08,3.0202667e-08,7.8697965e-05,1.5482626e-06
id_h1a84dsaneua.wav,1.8184851e-06,3.974449e-06,6.1477765e-09,2.8021336e-07,6.9929547e-09,1.2922571e-09,1.6775322e-08,6.3007283e-06,2.868171e-07,1.3668015e-05,0.9999367,3.6922298e-05
id_cbgyigy1pqzz.wav,1.948476e-07,4.8628397e-08,7.0988235e-06,2.038246e-07,2.5713924e-09,0.00018349009,3.14972e-08,0.000101106874,0.99941635,2.2129763e-07,5.3812464e-08,0.00029125932
id_pmfftku2wn4t.wav,0.9998989,1.3562862e-06,6.050839e-09,8.261301e-05,1.6466758e-07,9.811043e-07,1.19980745e-08,1.3538005e-07,1.9036939e-09,1.358266e-05,2.169761e-06,5.779582e-08
id_kv9i7cott9yv.wav,8.9002344e-05,7.310562e-09,1.625121e-08,1.2273335e-07,4.8894955e-05,1.1010563e-07,2.017129e-08,0.00023520866,2.258148e-07,0.99948335,0.00014130653,1.6559841e-06
id_7jzwoaacfbpo.wav,0.9996468,2.3348675e-06,4.842597e-08,0.00024950388,1.2078734e-06,6.1621013e-06,9.319726e-08,1.1199184e-06,2.0425174e-08,8.7172106e-05,5.232202e-06,3.2047976e-07
id_axoylmnwo3s9.wav,1.7820554e-06,1.0587908e-07,9.729831e-07,6.572245e-06,0.9998839,3.6130405e-08,5.184594e-05,3.4216538e-07,2.4174396e-09,5.439894e-05,8.691636e-08,1.666124e-08
id_xp89pwxj17yh.wav,2.2802877e-05,0.9993399,0.00058664737,5.0848735e-07,1.0036725e-07,5.425158e-08,2.320171e-06,1.699814e-08,3.5478104e-07,2.5263663e-08,3.9890398e-05,7.428966e-06
id_j281trj9e2ef.wav,0.000102953,6.3724593e-07,6.0004524e-08,0.99982387,1.4268407e-05,1.5903477e-05,2.7990107e-05,1.19178685e-05,5.040739e-08,1.8491907e-06,8.169842e-08,4.3396307e-07
id_v32bwosos4mu.wav,2.62842e-06,9.509747e-06,9.5333235e-09,9.07512e-08,2.1148018e-08,1.5041416e-09,1.4864598e-08,4.2699976e-06,1.3688198e-07,2.411961e-05,0.99994373,1.5552012e-05
id_xr5ocxnrjfz6.wav,2.0284102e-07,7.706088e-08,1.3055113e-05,8.758141e-07,3.9425845e-09,3.8286165e-05,2.8318198e-08,0.00013724394,0.99968493,5.4477734e-08,1.4164596e-07,0.00012519833
id_gvbq8ymkhxqv.wav,2.2728898e-06,1.0020705e-07,9.938899e-07,3.4609404e-06,0.9998785,3.844127e-08,4.3849657e-05,2.4393884e-07,1.5327138e-09,7.0460424e-05,1.14110705e-07,1.3115055e-08
id_y6hxa8qd4vp5.wav,1.677558e-06,1.7387246e-07,2.0481636e-07,3.4244527e-05,1.8290635e-06,1.5913251e-07,4.802955e-08,0.99955624,0.00020313753,0.00016810815,3.309485e-05,1.0444842e-06
id_aw8rew98kxmq.wav,3.5686583e-07,1.1109967e-07,1.530435e-05,2.9766173e-07,8.621477e-09,0.00047949038,7.356839e-08,0.0001322374,0.9987822,7.086188e-07,1.1191232e-07,0.0005891222
id_bw6s9g7adpza.wav,2.0119177e-08,4.812884e-07,0.00016507278,7.4003556e-06,6.790019e-05,8.713271e-05,0.99967146,2.37094e-11,3.8779744e-09,1.0164737e-08,4.7550746e-09,6.352316e-07
id_655opz83f256.wav,0.99992347,6.131339e-06,9.941686e-09,4.3436285e-05,2.3772763e-07,1.0110783e-06,1.3999824e-08,1.5443362e-07,2.4110332e-09,1.6836255e-05,8.668363e-06,6.76301e-08
id_43xn9tcjddi2.wav,6.187066e-05,4.2865668e-07,3.845142e-08,0.99987555,2.274697e-05,7.656516e-06,2.0535284e-05,9.099217e-06,2.3365866e-08,1.7070464e-06,5.3645408e-08,2.6687013e-07
id_aclq86lnta44.wav,0.0001958753,0.9995291,1.1411348e-05,4.589142e-06,4.0876247e-07,5.7350977e-08,6.3147e-06,8.183245e-08,1.5170208e-07,3.3230793e-07,0.00024967155,1.9865404e-06
id_8lnqg1xucd1k.wav,0.99976784,4.4110934e-06,2.1913579e-08,3.5405297e-05,1.2546116e-06,2.0322955e-06,2.756059e-08,6.698725e-07,7.557588e-09,0.00017220256,1.6148162e-05,9.4545534e-08
id_ozm898c4vmjz.wav,5.770989e-05,0.9997304,0.00011104063,1.6134696e-06,3.9292397e-07,4.2994355e-08,4.0841633e-06,5.0928385e-08,1.0281363e-07,7.029772e-08,9.358606e-05,1.04195e-06
id_wj205l8cotsc.wav,8.975797e-06,1.3914872e-06,7.8281533e-07,9.711636e-05,2.396194e-06,7.2300816e-07,1.3709578e-07,0.99914634,0.000518264,0.00017400892,4.846277e-05,1.4417043e-06
id_trstfzmv954d.wav,1.964104e-05,1.6248108e-05,1.0090988e-07,4.528892e-06,3.4815038e-08,3.8299024e-08,2.4264043e-07,4.719506e-05,3.0636681e-06,5.8198584e-05,0.9997534,9.729713e-05
id_0uxx7uona5k3.wav,1.3183012e-07,3.803756e-08,7.078992e-06,2.7924142e-07,2.5519278e-09,3.3720746e-05,2.98836e-08,0.00010710362,0.9996723,1.0044968e-07,9.381495e-08,0.00017912482
id_fxf1va9pckl6.wav,0.00016721697,4.2101374e-06,1.8111452e-07,0.9996731,8.6189204e-05,9.1472675e-06,4.9665836e-05,6.9776142e-06,5.794357e-08,2.134133e-06,3.7616047e-07,6.979567e-07
id_qe3b7vcv1yw3.wav,1.2246537e-07,2.2481242e-07,1.2682601e-06,1.3713665e-07,1.237933e-09,1.38110645e-05,5.212082e-07,3.131983e-08,0.0013657891,2.3774254e-08,1.7269488e-06,0.99861634
id_ssh7xcoaaxsk.wav,7.517736e-07,2.7191754e-07,1.0982073e-07,4.6904974e-05,5.816363e-07,8.469568e-08,3.4283524e-08,0.9997286,0.00017346312,2.951761e-05,1.942292e-05,2.5570588e-07
id_rchwiklhp4a2.wav,2.4077397e-07,2.0322298e-07,2.9938268e-05,4.8105517e-07,7.393077e-09,9.4369185e-05,9.550293e-08,8.474063e-05,0.9995264,2.111106e-07,1.7691058e-07,0.00026315733
id_wkf6b80ez2y2.wav,0.999137,5.9186397e-05,1.3082158e-07,0.0006934647,1.6951674e-07,5.7124253e-06,1.9206087e-07,3.7569157e-06,7.939818e-08,2.2749577e-05,7.605398e-05,1.5313444e-06
id_lmvrjlvtk8gr.wav,6.1583e-06,5.686283e-07,2.8041316e-06,2.0709188e-06,0.9998354,2.8953822e-08,1.0293481e-05,9.238431e-07,4.073698e-09,0.00014140956,4.244229e-07,1.9712129e-08
id_p7ecbqbeaho9.wav,1.3195806e-06,2.599536e-07,1.9442497e-07,4.475749e-05,8.8710556e-07,1.7416346e-07,4.1450768e-08,0.99960047,0.0002736567,5.239572e-05,2.521949e-05,6.972334e-07
id_0kbkytu57yvs.wav,8.650795e-08,2.4238338e-08,5.550222e-06,2.0598972e-07,1.2732202e-09,3.8859904e-05,1.5563925e-08,5.6266657e-05,0.99969447,3.984323e-08,4.0812054e-08,0.00020444121
id_3i7rr3mua8mq.wav,1.9356922e-07,7.7319e-05,0.999782,2.7616498e-08,5.2058717e-06,2.9181121e-05,9.914322e-05,1.1061294e-09,1.5955274e-06,1.6125561e-08,1.881289e-08,5.452773e-06
id_os88ex3c3u49.wav,2.2271952e-06,3.1948323e-07,1.7976669e-06,9.6989905e-05,0.9995834,2.723148e-07,0.00027117104,4.437997e-07,2.2680455e-09,4.3312204e-05,1.1927382e-07,2.6950218e-08
id_l1lcm1k62tgg.wav,0.00010015447,9.247223e-05,4.782262e-07,1.3448926e-05,8.150942e-08,3.1600626e-07,8.7152165e-07,0.0001552084,1.9824734e-05,6.766058e-05,0.9992342,0.0003153607
id_jv2ramr884vx.wav,1.4211579e-06,2.575735e-07,1.4130416e-07,1.7348302e-05,5.448325e-07,1.8677069e-07,2.1207887e-08,0.99967885,0.00019839355,8.599166e-05,1.6431042e-05,5.056061e-07
id_gqqkikmkx8yp.wav,0.00023972002,3.925318e-06,2.474873e-07,0.9995821,2.2553902e-05,6.3720436e-05,3.0272933e-05,5.2387964e-05,4.836955e-07,2.6153318e-06,2.4387793e-07,1.6701401e-06
id_e6bctddrcdwl.wav,6.349499e-08,1.0579578e-07,3.867812e-07,4.57854e-08,4.2675008e-10,9.250608e-06,4.5154314e-07,8.7204794e-09,0.00028887895,3.1054316e-08,1.2035182e-06,0.9996996
id_4ll3yf4fcq6e.wav,1.838341e-08,3.7774186e-07,6.0093596e-05,1.5687581e-05,0.00010513203,6.2173654e-05,0.9997559,3.4690056e-11,4.2606354e-09,1.3853044e-08,4.420484e-09,5.228994e-07
id_cqh1v89t7m1t.wav,1.7472042e-06,7.433036e-05,0.9872478,5.98218e-06,5.2818323e-05,0.0066314633,0.005872053,3.5066513e-08,1.5540587e-05,4.573861e-07,3.7695747e-07,9.7423675e-05
id_8wc1j41bu4p2.wav,8.348574e-07,1.9131237e-07,9.8851125e-08,3.102876e-05,6.6648226e-07,7.46989e-08,2.2937623e-08,0.9997646,0.00013857368,4.717345e-05,1.6446718e-05,3.041648e-07
id_m4pmyoplloq9.wav,1.2884907e-06,2.8197613e-07,9.299836e-08,5.6736084e-05,6.362999e-07,6.4339005e-08,3.0002823e-08,0.9997496,0.00013051259,4.2445085e-05,1.8147592e-05,1.9765602e-07
id_uq7fd55jmric.wav,1.5442713e-06,7.8474905e-08,7.613832e-07,2.8646953e-05,0.9997769,1.10318986e-07,0.00012493052,4.7347095e-07,1.8777366e-09,6.647765e-05,8.1433534e-08,2.3906804e-08
id_1fl8vl27b0ri.wav,0.0012889139,9.391707e-06,1.6341589e-07,0.9986344,6.3134466e-06,2.1662494e-05,1.8238467e-05,1.684355e-05,1.4136913e-07,2.1716905e-06,5.739012e-07,1.1707854e-06
id_r3lvet993su7.wav,0.021463435,0.0085723465,0.0040111644,0.78134483,0.016403379,0.021841565,0.13885379,0.000924103,0.0008200673,0.002261571,0.0011560557,0.0023476116
id_hme25doaw4n4.wav,1.6774095e-05,1.89592e-05,8.893158e-05,1.4488324e-06,0.9997646,5.45965e-08,1.2818164e-05,2.383171e-06,1.294196e-08,9.254717e-05,1.4363735e-06,4.2357343e-08
id_awb9zz35exud.wav,4.553754e-06,2.3731845e-06,1.4634815e-06,6.358999e-05,5.3209337e-06,4.794319e-07,3.330366e-07,0.99902296,0.0003454815,0.0003340232,0.00021765713,1.7814908e-06
id_z4a8jm21uhmt.wav,2.6663054e-07,6.997813e-05,0.9996107,7.7453294e-08,1.1745151e-05,4.3063872e-05,0.0002535846,2.4520115e-09,1.7747599e-06,3.0636045e-08,3.8012953e-08,8.816196e-06
id_1oaqtr0qfagr.wav,0.00041215858,1.8909797e-06,8.392412e-07,0.9988741,0.00020602446,7.10428e-05,0.00039061115,2.4636074e-05,2.7591645e-07,1.4997812e-05,5.2362134e-07,2.8530185e-06
id_y9ew39kchshr.wav,0.00012203388,1.8640944e-06,5.540808e-08,0.99981076,1.8328044e-05,5.862007e-06,2.3571904e-05,1.5280524e-05,9.134499e-08,1.2472747e-06,3.0300077e-07,5.778039e-07
id_an1s6i3uc5r7.wav,9.263802e-08,2.5937787e-08,2.5339598e-06,2.4318462e-07,8.4616725e-10,1.6470347e-05,9.788664e-09,0.00012862001,0.99977356,3.4788457e-08,4.2914362e-08,7.83587e-05
id_g5oo1drko5rn.wav,5.05933e-08,1.0799507e-07,0.00018112692,3.474704e-06,2.1009765e-08,0.9995474,0.00015492708,8.550167e-09,1.3238523e-05,2.4183013e-08,9.110216e-10,9.963135e-05
id_d1g495f1j6ea.wav,0.00047883188,2.9734292e-07,5.3372506e-08,3.5539042e-08,0.00050073804,3.903833e-08,9.5840186e-08,3.136389e-05,9.596749e-08,0.9964412,0.0025466222,6.147396e-07
id_s110qvr3smzm.wav,3.1507665e-07,7.158434e-05,0.99938273,1.07966564e-07,1.44776595e-05,7.1858e-05,0.00044833584,2.3117634e-09,1.4886185e-06,3.9672948e-08,4.5620368e-08,8.886527e-06
id_ckdx4qyac694.wav,0.080271624,0.055894226,6.0208757e-05,0.80827504,7.185135e-05,0.0011806781,0.0007525201,0.02488611,0.0005679589,0.0014030377,0.02396296,0.0026737931
id_ug9366c9nnov.wav,2.497232e-06,6.0760107e-07,2.9220939e-05,6.715817e-06,1.14397984e-07,6.340942e-05,2.5497528e-07,0.0033330582,0.99626863,2.4924166e-06,7.74602e-06,0.0002851877
id_1bxrd1cmac6f.wav,0.11550625,0.033826943,0.02978605,0.38461605,0.036568157,0.05684428,0.033738155,0.17927572,0.042454436,0.032237627,0.033558603,0.021587722
id_gn1ngkljof8s.wav,4.8750484e-05,0.9998497,2.5136083e-05,1.705284e-06,1.1904476e-07,1.5040813e-08,9.847079e-07,3.303198e-08,5.8765593e-08,5.846708e-08,7.264972e-05,8.2507927e-07
id_kd6i4g770kdy.wav,0.00092648447,6.449868e-06,4.535513e-06,9.498796e-07,0.6355753,3.675625e-07,1.4436298e-05,9.503074e-05,6.8153133e-07,0.36303148,0.00034292252,1.3136608e-06
id_7vspd6lf1hdt.wav,0.00012714588,3.6057054e-06,3.9691463e-07,0.99954826,3.609447e-05,0.00012276327,0.00011005972,3.768266e-05,1.9781984e-07,1.1337047e-05,3.0907879e-07,2.2282554e-06
id_n9jhnmikkyts.wav,0.9999089,9.200327e-07,5.1782343e-09,6.309209e-05,1.7269387e-07,1.0004876e-06,7.91497e-09,2.0295768e-07,1.8644222e-09,2.3090446e-05,2.4891372e-06,5.3063065e-08
id_gcmpl6zpq0wx.wav,0.00037178857,1.518385e-06,3.30758e-07,0.9994004,9.439554e-05,2.6500595e-05,4.9919498e-05,4.551534e-05,1.4851713e-07,7.995373e-06,3.62033e-07,1.1444932e-06
id_uxz0zjj69hy5.wav,4.6679146e-05,1.4265458e-09,3.8168118e-09,1.0732154e-08,1.3527638e-05,1.09328315e-08,2.9745095e-09,7.518907e-05,2.8985324e-08,0.99962974,0.00023473753,1.6669455e-07
id_xlh4nadhrwa1.wav,3.4785076e-05,0.9998522,1.8731296e-05,1.4202823e-06,1.3984395e-07,1.4130407e-08,2.8819927e-06,1.866812e-08,5.2836967e-08,3.3826556e-08,8.8525994e-05,1.1982467e-06
id_6nw7a125aewx.wav,1.7605863e-06,1.3200052e-07,1.7253795e-06,2.9591426e-06,0.999915,2.5158432e-08,3.5034733e-05,3.8543644e-07,2.4175932e-09,4.2960874e-05,9.3711805e-08,1.23623565e-08
id_00hqhzl5653c.wav,1.5246813e-07,2.516336e-07,0.00013938689,4.3361924e-06,1.4401737e-08,0.9993467,8.181897e-05,3.1535343e-08,5.896398e-05,3.391195e-08,1.0202542e-09,0.0003682744
id_yv0wugfsg1ao.wav,8.084137e-08,1.09328525e-07,0.00015378871,5.7569796e-06,2.165734e-08,0.9996026,0.00011068876,1.4651631e-08,1.557835e-05,2.532869e-08,8.9612445e-10,0.00011144886
id_twp8kzflzc9b.wav,1.39328695e-05,2.623934e-05,1.878055e-08,1.5714959e-07,2.8347104e-08,6.552866e-09,2.4029351e-08,3.175982e-06,9.3798405e-08,4.2104937e-05,0.9998888,2.5405036e-05
id_buqzbwerrj7l.wav,2.8102475e-06,3.5448687e-07,2.757576e-07,8.711197e-05,1.4667453e-06,9.807599e-07,7.4732796e-08,0.9995546,0.00024542896,9.209118e-05,1.3153482e-05,1.5394347e-06
id_qmsgjp9f7uxb.wav,3.6286106e-05,0.9998615,4.598676e-05,1.1279426e-06,1.4759225e-07,1.4268935e-08,1.3154101e-06,2.439234e-08,3.9015443e-08,2.7787143e-08,5.2961383e-05,6.356772e-07
id_9fy4way7pj8c.wav,8.135784e-06,7.377014e-06,0.0005079609,0.0024622525,5.5356923e-06,0.8746844,0.12199389,9.8565025e-08,7.947228e-06,3.944931e-06,2.672492e-07,0.0003182492
id_aru2jpbjdfd2.wav,9.5292344e-05,0.99961203,3.5823585e-05,3.7578202e-06,1.7908401e-07,4.6890936e-08,1.5878991e-06,1.4695885e-07,1.5482503e-07,1.01945034e-07,0.00024900315,1.9673307e-06
id_ypaayqws5kqq.wav,1.9662943e-06,3.6359816e-07,9.9802484e-08,4.4525023e-05,3.1264767e-07,8.240386e-08,2.1925201e-08,0.9996325,0.0002616594,3.2156015e-05,2.5945594e-05,4.2033483e-07
id_1a8vrokrnq9z.wav,0.06500993,0.11066883,0.13216297,0.0338805,0.084342316,0.025549471,0.16432534,0.0035009221,0.007745359,0.02219018,0.21097563,0.13964851
id_qhlc0l62ld75.wav,1.8198862e-06,2.288682e-06,5.5533036e-07,1.3298398e-05,7.3743777e-06,1.4635353e-07,2.7508707e-07,0.9912486,0.00027452272,0.0016363426,0.006804054,1.0712551e-05
id_a89eugiorq3s.wav,3.300443e-06,3.7019916e-07,2.246073e-06,3.86686e-06,0.99993265,1.7908603e-08,1.2076549e-05,6.459714e-07,1.9831439e-09,4.4644963e-05,1.3819975e-07,1.0693572e-08
id_eaor27mf31c1.wav,8.990235e-07,1.7552182e-07,1.6112464e-06,1.6641251e-06,0.99995935,8.354397e-09,1.4772429e-05,3.2174535e-07,1.3889458e-09,2.118013e-05,7.506814e-08,5.936077e-09
id_314adm1tgwmv.wav,5.7399336e-07,5.08288e-05,0.9964561,4.0868542e-07,1.4337809e-05,0.0011942639,0.0022354908,4.496367e-09,6.156456e-06,8.854489e-08,8.2306215e-08,4.17158e-05
id_eqs92upsm27m.wav,1.3794289e-06,8.296875e-06,1.1536159e-08,3.2416298e-07,5.4036313e-09,1.6557462e-09,2.4479785e-08,6.950782e-06,4.5876254e-07,6.336501e-06,0.99994576,3.0342198e-05
id_95ne6kmzq5oc.wav,0.99984074,4.5747693e-06,1.8873912e-08,0.0001083166,9.878726e-07,2.465393e-06,5.3674658e-08,3.0029335e-07,7.858189e-09,3.7145484e-05,5.2885157e-06,1.2997923e-07
id_gb06ygf9u84i.wav,0.00011708289,0.9996903,9.741869e-06,3.1300813e-06,1.2886386e-07,2.7360791e-08,1.7869277e-06,4.667936e-08,8.386314e-08,9.7122026e-08,0.00017617425,1.3910887e-06
id_0w58argnti9a.wav,0.99954623,3.986224e-05,2.1056768e-07,0.00026512696,1.273286e-06,1.1641147e-05,2.2182276e-07,2.710058e-06,6.649925e-08,8.790119e-05,4.3777225e-05,9.218416e-07
id_d5r3l2rwmh4k.wav,3.0009468e-07,7.4409274e-07,0.00065505534,7.0236265e-06,1.0345036e-07,0.99851257,0.00024697825,7.689787e-08,0.00010875455,1.3864695e-07,7.0709576e-09,0.00046817889
id_4uribxe3rof4.wav,6.081958e-06,3.6496724e-05,2.4399696e-07,2.5511436e-06,1.6398656e-07,4.0766725e-08,3.8820374e-07,0.00010138308,9.443279e-06,5.344755e-05,0.9995351,0.0002545872
id_gcj0u7afbal2.wav,0.20638525,0.7468616,4.642661e-05,0.024074854,1.9979273e-06,0.00012700846,0.00012712624,0.0002728495,0.00011643343,4.256986e-05,0.020186149,0.001757818
id_nzb6q47aukhy.wav,0.00013572912,1.1762013e-06,1.0780288e-07,0.99972886,1.7997632e-05,3.4347526e-05,6.971528e-05,8.289089e-06,6.782062e-08,2.6157907e-06,1.7654153e-07,8.664117e-07
id_9bz6koh0qbnn.wav,0.000388614,0.00011679698,0.0017941463,0.00046335728,1.2896653e-05,0.41733712,0.00037044077,0.00061796675,0.23806766,0.00027903303,1.7194712e-05,0.3405349
id_xxafyus12hap.wav,4.1308896e-05,0.99981135,1.6156753e-05,8.5134457e-07,8.155883e-08,9.477185e-09,5.9827926e-07,2.6970815e-08,2.7866477e-08,3.57522e-08,0.00012881882,6.168282e-07
id_6n5o9fyjrcc0.wav,1.0149672e-06,4.1639635e-07,1.7669339e-07,3.0953895e-05,6.320987e-07,9.1181334e-08,3.4893944e-08,0.9996407,0.00025288435,3.6602298e-05,3.617121e-05,3.9579274e-07
id_vbda8x3lzr2k.wav,0.466288,0.08435737,0.01750776,0.03294019,0.02767414,0.032604467,0.020388095,0.024411434,0.013216986,0.12192228,0.1381617,0.020527573
id_911lynxylm7x.wav,1.1293703e-07,3.1954663e-08,5.226208e-06,2.4356575e-07,1.5138218e-09,2.7805343e-05,1.5006874e-08,9.700808e-05,0.99974793,6.4615605e-08,6.477886e-08,0.000121322446
id_kbykqygrrlc1.wav,1.6461372e-07,3.8903823e-07,5.287091e-07,8.53579e-08,8.82577e-10,5.033581e-06,6.448509e-07,2.0736232e-08,0.00023279537,6.497006e-08,4.255472e-06,0.9997559
id_3kz5c76ij12f.wav,1.0856124e-07,1.0407983e-07,0.00019002383,4.1742273e-06,1.0743258e-08,0.99953675,5.1111743e-05,1.4919548e-08,4.230295e-05,2.6300196e-08,6.9309297e-10,0.00017535088
id_1vj58svc9f5k.wav,1.719169e-07,1.772965e-07,0.00012221634,2.265128e-05,5.122517e-08,0.99927753,0.0004919683,2.0863144e-08,5.5459186e-06,3.9490306e-08,2.2676367e-09,7.96853e-05
id_pt66o3770eaa.wav,7.721404e-05,0.99974066,1.236443e-05,2.7388134e-07,4.7060233e-08,6.8038286e-09,1.7442044e-07,1.9678897e-08,8.126111e-09,2.7585138e-08,0.00016902195,1.9699598e-07
id_55r05fkcat7s.wav,3.2105222e-06,2.200031e-06,5.4181126e-09,1.9655486e-07,8.41745e-09,1.4692176e-09,1.8831741e-08,6.1615724e-06,2.35055e-07,5.9907023e-05,0.9999099,1.8156057e-05
id_qnjrd5zv0ijl.wav,1.539006e-07,3.6044528e-07,4.4617764e-07,8.052814e-08,1.3998116e-09,5.0394956e-06,1.0044656e-06,2.419517e-08,0.00015632458,1.6801458e-07,7.6093825e-06,0.9998287
id_7s76g8y0glcs.wav,6.394288e-08,4.04038e-06,0.0012374019,1.3628613e-05,9.082029e-05,0.00031247613,0.99833953,1.9761766e-10,2.5134703e-08,2.8581098e-08,2.3907248e-08,1.899619e-06
id_vr2qhdz3trwj.wav,6.4307716e-07,1.3408305e-07,5.3907335e-08,1.9641739e-05,2.3531389e-07,3.8700826e-08,1.12799095e-08,0.99973756,0.00019994873,2.2312348e-05,1.9228652e-05,2.4495998e-07
id_ml8mhgdy000a.wav,2.3659247e-07,3.9158456e-07,6.143775e-07,1.7349687e-07,1.9996713e-09,1.2974402e-05,9.338007e-07,4.881696e-08,0.00046604715,1.6381641e-07,6.708154e-06,0.9995117
id_t336k41v6kqx.wav,0.999918,1.6438711e-06,6.5705663e-09,4.115824e-05,3.7772742e-07,9.3849326e-07,1.356651e-08,1.8823015e-07,2.7690183e-09,3.3951783e-05,3.7261984e-06,4.4691653e-08
id_l34eftmdblak.wav,7.787428e-05,5.2835727e-09,1.7479868e-08,6.544835e-08,5.5169283e-05,8.8919556e-08,1.0276277e-08,0.00023174631,1.883517e-07,0.9994842,0.00014974714,8.670279e-07
id_bgbgyftdfuh7.wav,1.4484298e-05,9.924853e-06,0.000118572905,7.805165e-06,0.9996369,3.538287e-07,7.297447e-05,1.2060584e-05,9.9273045e-08,0.00012475623,1.9155073e-06,1.8814546e-07
id_vrkbukotyb0k.wav,2.6567244e-05,0.0002615163,0.0033156588,0.016552497,0.004048038,0.04457488,0.93095547,3.0386684e-06,9.482206e-06,5.736528e-05,2.163757e-05,0.00017386417
id_2r0hv1ciwxsf.wav,2.793097e-07,4.136639e-07,3.7864558e-07,1.1678101e-07,1.1650424e-09,6.9816574e-06,8.1682043e-07,3.7177486e-08,0.00016225775,2.830075e-07,1.0868705e-05,0.99981755
id_o8gqo553qcr7.wav,0.999892,9.76734e-07,7.1587825e-09,6.079081e-05,2.7409865e-07,9.916065e-07,1.3883976e-08,2.3599527e-07,2.9395053e-09,4.1492433e-05,3.1397667e-06,5.3560306e-08
id_hd3s5nzfdcxp.wav,3.1923417e-05,4.4359394e-06,2.7527856e-06,0.00016424597,6.4597657e-06,3.108864e-06,4.9150634e-07,0.99817944,0.0009794196,0.0005120442,0.00011049691,5.267015e-06
id_gkywu3tot95q.wav,0.00015729103,6.7933365e-06,5.2931307e-07,0.99943477,0.00015855704,2.8338278e-05,0.00016377031,3.4702378e-05,2.9079493e-07,1.1298598e-05,1.0906552e-06,2.5463717e-06
id_rdhuhqjarmwr.wav,6.2803423e-07,1.6179382e-07,8.566124e-08,2.3774492e-05,8.7408296e-07,5.8862373e-08,2.984588e-08,0.99974436,0.00015643307,5.5061526e-05,1.811879e-05,3.783807e-07
id_0ofmn0pdceyk.wav,1.5115285e-07,2.8413755e-08,4.759825e-06,2.1320564e-07,1.7290634e-09,5.1714516e-05,1.6455257e-08,0.00012483439,0.9996662,1.1779028e-07,6.3696774e-08,0.00015182675
id_x2x84ew9n8dj.wav,1.3986129e-07,1.4219404e-07,0.00015856487,6.4091505e-06,1.6781554e-08,0.99956995,6.0524377e-05,2.6818327e-08,3.7977654e-05,3.9738172e-08,1.1074399e-09,0.00016625889
id_ne64zembd7cv.wav,2.4376033e-07,1.5155051e-07,0.00019247322,6.0179236e-06,1.1684225e-08,0.9992392,5.0068487e-05,3.0523132e-08,9.039149e-05,2.7953774e-08,8.2913604e-10,0.00042135868
id_ykr571uwh9g2.wav,6.4992086e-08,9.813764e-08,0.00012138409,3.3082895e-06,8.052171e-09,0.999658,4.8905036e-05,1.0366008e-08,2.5604018e-05,1.9000082e-08,4.4064205e-10,0.00014267639
id_kwld6ki8gw59.wav,0.97851986,0.003705265,2.1573966e-05,0.015376655,6.195781e-06,0.00059525546,1.7401788e-05,0.000443349,1.657968e-05,0.0002571517,0.0009243378,0.00011647925
id_j5s1s1n87gi2.wav,0.00023180919,1.4930914e-06,1.1298214e-07,0.9996458,3.655309e-05,8.818852e-06,1.50150545e-05,5.5294935e-05,1.6448575e-07,3.730225e-06,2.689763e-07,8.167371e-07
id_yh044925gjg4.wav,4.836603e-06,1.1378735e-05,9.779645e-09,1.2069623e-07,1.3547607e-08,2.7936597e-09,1.6932166e-08,2.6978885e-06,1.1686336e-07,2.5277735e-05,0.9999293,2.6214915e-05
id_sm1xmusbsa1s.wav,0.56974816,0.4068389,0.0005562562,0.00015970053,0.0058307075,7.545216e-05,0.00020566274,3.315549e-05,4.7772846e-06,0.002681252,0.013829026,3.6954832e-05
id_96cgw74ix4vo.wav,0.00010717776,3.1815813e-07,4.670687e-08,0.9998197,2.7653345e-05,1.2264149e-05,2.6678044e-05,3.874071e-06,9.534595e-09,2.1557005e-06,3.7036017e-08,2.0715387e-07
id_83u0k9aadjrt.wav,8.9638284e-05,3.5271341e-09,1.0177486e-08,7.636079e-08,3.9602597e-05,2.6324429e-08,9.626702e-09,0.0002744622,1.3149592e-07,0.9993668,0.00022867137,5.0531344e-07
id_92erc1f10vr5.wav,1.3774824e-07,2.4688268e-07,9.517328e-07,1.0422861e-07,8.576089e-10,1.0510592e-05,4.704033e-07,1.6761897e-08,0.00073348405,2.004381e-08,1.4763684e-06,0.9992526
id_gzz3vgwnzues.wav,9.79001e-07,4.3627978e-08,5.322158e-07,1.0298089e-05,0.9999044,2.6488317e-08,6.190597e-05,1.5439048e-07,8.861866e-10,2.16162e-05,2.6274114e-08,8.587452e-09
id_wpm7kgqpm9vc.wav,1.1114106e-07,1.3415835e-06,2.6414966e-06,4.9069147e-08,2.475548e-09,3.1519414e-06,2.2340848e-06,6.6097265e-09,0.00011772521,1.06975506e-07,1.6644854e-05,0.9998559
id_cjhl0l8iaj31.wav,5.6193915e-07,4.6055266e-06,2.2174834e-05,3.8323518e-07,1.3213364e-08,4.2433418e-05,3.5270868e-06,4.8887372e-08,0.0029829757,1.0825739e-07,6.13536e-06,0.9969369
id_qi5e6fbf32o9.wav,3.727514e-05,0.99982613,6.79252e-05,1.0143802e-06,2.9102588e-07,1.5543309e-08,1.7557987e-06,2.3259155e-08,2.7757501e-08,3.5177294e-08,6.5148204e-05,4.7037804e-07
id_b9frf8txj79m.wav,0.0011821573,0.00011420487,3.1830186e-06,0.9971506,8.802642e-05,0.00048745135,0.0002502906,0.00064967026,1.2221473e-05,3.234626e-05,5.776253e-06,2.4044437e-05
id_c3hs7plhuxw5.wav,1.7678767e-06,4.995402e-07,3.7535918e-07,3.8920596e-05,8.74434e-07,2.4122508e-07,6.271373e-08,0.9992993,0.0005312976,5.360419e-05,7.194155e-05,1.1331678e-06
id_9av7kxwofkic.wav,2.3587523e-05,0.99985707,6.136464e-05,1.3416874e-06,1.8617938e-07,1.7529835e-08,2.5507222e-06,1.9386631e-08,6.623241e-08,2.6659594e-08,5.254485e-05,1.1847285e-06
id_t0cm4ldlfg06.wav,2.4011288e-07,3.457929e-07,0.00012834331,2.7402906e-05,7.92059e-08,0.9993311,0.00031416642,7.426116e-08,2.0045356e-05,1.3211721e-07,4.1937893e-09,0.00017804148
id_pivoq0nilir7.wav,0.99989307,7.1133024e-07,5.0701106e-09,8.379074e-05,1.2949384e-07,8.0018594e-07,1.0281696e-08,1.7531045e-07,1.9436228e-09,1.921494e-05,2.0214597e-06,5.7070633e-08
id_b0mkkachwws5.wav,1.3902559e-06,2.8357226e-07,1.3434826e-06,3.2559132e-07,0.9999448,3.9398502e-09,3.996107e-06,2.5627733e-07,6.6905026e-10,4.746547e-05,1.2676695e-07,3.5110597e-09
id_xredagzoivgw.wav,0.08654015,0.0005460731,5.8310317e-05,3.375116e-05,0.004354086,0.00010144809,3.1050826e-05,0.003756147,7.364068e-05,0.8567263,0.047746535,3.2478853e-05
id_0f143sjn7gvz.wav,8.7577486e-05,2.3194702e-09,8.640871e-09,4.0240558e-08,8.272129e-05,1.0663806e-08,6.692167e-09,9.921909e-05,6.131659e-08,0.99958473,0.00014544952,2.1176032e-07
id_4exzt57o1u9i.wav,1.004724e-05,4.6025107e-06,0.00014572665,2.1068607e-05,2.28245e-07,0.0020166424,5.5409714e-06,3.247052e-05,0.26294455,1.366442e-06,6.2856034e-06,0.7348115
id_4fp88jjoe6w6.wav,1.0048773e-06,0.00017785474,0.9978613,5.165059e-07,3.2760654e-05,0.00015421932,0.0017370535,1.0380705e-08,3.3613735e-06,1.16195714e-07,2.55228e-07,3.1536812e-05
id_78tuhlpzyz6s.wav,0.00017599366,8.103598e-09,2.4051579e-08,3.8879892e-07,0.00036765542,6.053236e-08,5.0648502e-08,0.00019752883,2.1618983e-07,0.9991677,8.96978e-05,6.8295844e-07
id_1rzmvzdyl0z6.wav,0.99985754,1.7277567e-06,1.3205621e-08,0.00010773079,3.4709737e-07,2.1468431e-06,2.3187374e-08,2.9525725e-07,4.7199116e-09,2.6822863e-05,3.2508156e-06,1.0625825e-07
id_obzs20f08uw2.wav,9.487386e-07,1.3186699e-06,0.00012798014,1.5605178e-06,3.602384e-08,8.71281e-05,4.6871105e-07,0.00018180974,0.9992555,6.3110775e-07,1.0284288e-06,0.0003416598
id_omofagxhys5k.wav,0.00034726408,9.051744e-07,5.4442276e-06,0.0016502374,0.98633075,6.378133e-06,4.082992e-05,9.71946e-05,1.2785563e-07,0.011515895,3.8836815e-06,1.1914619e-06
id_85d70ik8be29.wav,1.4053212e-07,4.5359437e-07,6.627839e-07,1.1370604e-07,1.5210483e-09,3.3414533e-06,6.8698864e-07,1.752735e-08,0.00024629713,5.4608073e-08,1.0071165e-05,0.99973816
id_fm8cnoes4cy6.wav,2.6929231e-07,4.3973055e-06,2.6152225e-06,1.4369148e-07,5.8061005e-09,1.8959292e-06,2.5921124e-06,1.7613702e-08,9.899172e-05,2.4981998e-07,0.00015124405,0.99973756
