Word_id,hapana,kumi,mbili,moja,nane,ndio,nne,saba,sita,tano,tatu,tisa
id_v8rz06e6rv31.wav,1.2537697e-07,5.8000773e-05,0.9998858,8.4405144e-08,4.0141106e-07,1.0926036e-05,3.548747e-05,2.2271136e-09,3.5351018e-06,7.390691e-08,4.3734832e-07,4.9535824e-06
id_twhce0u5wcg0.wav,0.9997986,6.844672e-07,2.676527e-09,4.4574404e-05,0.00010568611,3.6293963e-09,5.3810125e-09,1.9393756e-05,2.42948e-07,2.8409137e-05,2.0464684e-06,3.4155622e-07
id_3komqnffiaet.wav,1.7149872e-06,3.3095915e-08,9.392542e-11,0.9999924,8.4141953e-07,9.5633695e-08,3.4959755e-06,9.024601e-07,2.4710624e-07,8.251225e-10,8.9089916e-08,1.4913593e-07
id_lbhxpmz7zdxl.wav,2.6163963e-05,4.0594846e-06,3.4805357e-08,1.4922932e-06,0.9999484,2.6599793e-09,1.1949354e-05,1.0785735e-08,2.8516138e-09,7.575759e-06,3.8750264e-07,1.2093859e-08
id_giv6yxiwwxsw.wav,0.00034279953,0.0003308739,1.0610869e-05,0.0003059824,0.9984541,4.5629318e-07,0.0005020767,4.8002977e-07,2.122278e-07,4.286208e-05,9.082114e-06,4.445591e-07
id_dd31f3us2s09.wav,3.6200324e-06,1.8349956e-05,0.00022407457,2.7015938e-05,8.272688e-07,0.99274457,0.006857247,3.1828984e-06,2.032232e-05,9.628388e-05,7.8548794e-07,3.7839297e-06
id_8a21f8glkb0e.wav,0.0002502346,0.021790374,0.00030192488,3.10723e-06,9.172595e-05,0.0028044248,4.994576e-06,0.00024359851,3.586351e-05,0.96663666,0.0077788774,5.8304733e-05
id_ir9slbq1gr16.wav,4.2325857e-05,6.2185346e-10,5.715227e-10,4.66466e-06,2.3607106e-08,1.8818094e-09,4.510191e-12,0.9999217,1.4242333e-06,1.798102e-06,1.7364337e-05,1.0811559e-05
id_95h02wke6ruj.wav,1.3247882e-07,7.390241e-06,0.00036588148,2.0905532e-06,1.25767805e-08,0.99939394,0.00020670118,3.40591e-07,8.983699e-06,1.0269213e-05,5.959185e-07,3.6692559e-06
id_g2wbrwq80ro7.wav,8.930409e-08,3.5502257e-08,9.844538e-07,8.6051756e-07,8.468613e-09,1.4772434e-07,4.0046112e-07,1.712506e-06,1.2959995e-05,1.9652737e-09,8.88313e-08,0.9999826
id_m1z78clx7dn5.wav,1.2010727e-06,8.6309774e-05,7.147317e-05,9.176528e-06,4.7377904e-07,0.9975407,0.002011937,5.1227757e-06,2.6899468e-05,0.00020435748,1.4672801e-06,4.084391e-05
id_s4s3nzlnnblh.wav,6.6347513e-07,0.999967,1.0183624e-05,3.283158e-06,1.1256978e-05,2.3548509e-07,3.4277426e-07,1.0630504e-09,5.035272e-08,7.6776865e-07,6.1380065e-06,3.122199e-08
id_75627mkeqas9.wav,1.2916931e-06,1.853479e-08,8.084504e-07,1.3196559e-05,6.505496e-08,5.412188e-07,8.195375e-08,1.1956135e-06,0.99996305,6.928654e-09,9.688387e-07,1.886187e-05
id_7kxef83vcn3c.wav,2.4655432e-07,2.1038843e-06,3.5106475e-06,3.4502576e-05,1.2400386e-08,0.99980885,3.3627046e-05,3.7204193e-06,9.488016e-05,1.0748946e-05,1.6803006e-06,6.1074047e-06
id_q9rm5mg4jrbe.wav,1.4385518e-05,2.0345339e-09,1.6114946e-09,1.7057373e-05,3.7931756e-08,1.0343238e-08,2.0042237e-11,0.999866,1.4344e-06,2.9914086e-06,7.9872414e-05,1.8218343e-05
id_gjoxavdjb938.wav,2.1321326e-05,7.142924e-07,3.1620285e-08,2.843346e-09,7.691219e-06,1.9563543e-06,7.713965e-09,1.369276e-05,1.9135008e-08,0.9999536,8.6785377e-07,1.0205459e-07
id_z2tnre574wjd.wav,7.736646e-07,1.9220844e-05,3.5069803e-05,8.539568e-06,0.00029354094,0.00011611923,0.9995223,4.02404e-09,1.7452993e-07,4.440569e-08,3.0620237e-09,4.205197e-06
id_ok38mayxywam.wav,5.061886e-08,8.8402976e-07,7.595285e-06,2.6319012e-06,1.2268675e-09,0.9999552,1.816211e-05,5.499052e-07,1.0366435e-05,3.4082468e-06,3.0024952e-07,7.8067745e-07
id_9rub0857b757.wav,2.2261424e-05,7.5306145e-10,3.61818e-10,4.1209073e-06,1.8405053e-08,2.7098257e-09,4.0180858e-12,0.99994254,7.041883e-07,1.5256508e-06,1.4355397e-05,1.4528396e-05
id_1kssnhj05g5f.wav,1.7888622e-05,2.8055684e-09,3.902521e-10,1.6506643e-06,3.859274e-08,7.270653e-09,4.5698727e-12,0.9999106,5.0677056e-07,5.0019985e-06,3.7647602e-05,2.6726562e-05
id_f26rd0c7qh5l.wav,3.3986662e-08,1.7183538e-06,2.692033e-06,6.784681e-06,5.0123646e-05,7.821746e-06,0.9999298,1.6241651e-10,1.37932785e-08,6.409819e-10,4.5865917e-10,1.0844437e-06
id_lfvm75i7hxjc.wav,3.849795e-06,8.747403e-06,6.485643e-08,5.115289e-06,0.99994516,4.305256e-09,3.5951158e-05,5.9298815e-09,2.3777789e-09,4.13069e-07,7.019521e-07,1.0476016e-08
id_1foec7rnfn3q.wav,6.2220984e-09,7.912711e-07,3.042517e-06,3.2520418e-06,1.0604166e-05,6.4476585e-06,0.9999753,5.3856655e-11,1.0025168e-08,1.1175238e-10,1.4888263e-10,6.2376705e-07
id_ylru3nde99bu.wav,3.4863208e-07,4.070714e-08,1.1431074e-06,1.129556e-06,2.4942793e-08,1.1318976e-07,2.2274818e-07,8.878013e-06,1.9735076e-05,7.17145e-09,1.6461114e-07,0.9999682
id_hzelabwwanej.wav,6.705108e-05,0.013602547,3.598805e-05,0.00015848778,0.98396057,3.2060245e-07,5.1923715e-05,8.797112e-07,2.508724e-07,4.1045627e-05,0.0020797413,1.1834613e-06
id_dv7yhamgq0wo.wav,4.219316e-06,3.3718104e-06,2.0140098e-07,2.7351717e-07,7.775557e-06,2.1174198e-09,8.2598134e-10,6.705582e-06,1.1386044e-06,4.1744406e-06,0.9999721,1.915015e-08
id_cb68wjhspcfw.wav,6.522689e-05,1.692913e-07,2.2088635e-09,0.9998381,5.2965504e-05,9.032793e-07,1.9113679e-05,1.6928161e-05,4.756108e-07,8.205596e-08,5.346276e-06,6.948062e-07
id_tt5gemihii8n.wav,2.1761589e-07,4.2676053e-05,0.9998969,1.2864379e-07,8.685928e-07,9.298973e-06,3.613221e-05,3.8728536e-09,6.321874e-06,7.934724e-08,7.889463e-07,6.6286807e-06
id_2m3doy7pq5l7.wav,5.7823673e-08,0.99991536,6.552029e-05,2.5846208e-07,1.0882911e-05,8.733426e-07,9.206188e-07,5.331393e-10,1.6819852e-08,2.033685e-06,4.1232092e-06,4.468131e-08
id_ytan54us1bg1.wav,7.0089605e-05,8.62695e-07,3.743572e-08,4.6772364e-09,3.509621e-06,3.919415e-06,7.2430573e-09,3.991137e-05,6.209112e-08,0.99988055,7.22909e-07,1.9101168e-07
id_8mg7qdm9qdox.wav,3.2222974e-07,1.0580096e-06,4.257119e-06,1.4723266e-05,1.1403908e-08,0.9997986,0.00015481314,1.8953363e-06,1.3490857e-05,8.845479e-06,5.1552405e-07,1.4266896e-06
id_rqb3v3beovf7.wav,1.1911752e-08,8.12087e-07,4.054674e-06,5.4716224e-07,7.190607e-10,0.9999566,3.3257373e-05,1.3663359e-07,1.6014056e-06,2.6542652e-06,5.3144195e-08,2.642003e-07
id_z9fuax5ks3go.wav,6.641335e-07,2.0494516e-08,1.1539244e-06,1.0919288e-05,4.4489465e-08,5.448798e-07,1.0900539e-07,4.84978e-07,0.999946,4.6469166e-09,2.0861708e-07,3.984446e-05
id_p0xzrytwlh1k.wav,0.00018120719,4.086372e-06,1.8772123e-07,1.1528152e-08,1.5159794e-05,2.8661586e-06,9.393243e-09,6.298163e-05,1.4791159e-07,0.99972826,4.40463e-06,7.0318936e-07
id_iwl8rzhslz8d.wav,0.0017064232,0.054531373,0.0025512076,0.0077668875,0.0006372909,0.8512351,0.06568894,0.00026486587,0.0009945789,0.012715102,0.0003061283,0.0016021193
id_ymlcr4kf124h.wav,5.1334496e-06,7.4320633e-06,1.5914201e-06,3.8015037e-07,2.037925e-05,1.6534266e-08,3.7331307e-09,6.1210967e-06,2.6767575e-06,9.116146e-06,0.9999472,4.3603638e-08
id_0gap2cnvxldz.wav,0.99994385,1.8674646e-07,5.4132526e-10,3.191279e-05,8.204086e-06,3.751198e-09,3.3493788e-09,5.2301093e-06,2.6856122e-07,9.937903e-06,8.9342876e-08,2.1932522e-07
id_83ejon715fgi.wav,3.0661737e-05,4.6115534e-09,1.6098227e-09,1.935925e-06,6.9055424e-08,9.002621e-09,1.0302246e-11,0.9998523,2.0400582e-06,7.6166766e-06,5.5877128e-05,4.9324513e-05
id_ibj5crkxsfwk.wav,1.343922e-05,5.98703e-07,4.0104267e-09,0.99990237,5.6555717e-05,9.5383896e-08,9.339639e-06,1.04931205e-05,4.7492384e-07,1.205781e-08,5.645077e-06,9.103015e-07
id_nei5husv4unt.wav,5.5604e-08,4.921131e-05,0.99991107,4.8999652e-08,4.821996e-07,2.8818931e-06,3.137508e-05,8.6826996e-10,1.5006088e-06,1.8845274e-08,1.427617e-07,3.3025349e-06
id_6421zw0t0aq6.wav,1.8104871e-06,3.2875735e-06,9.801944e-08,1.7989461e-07,4.2940073e-06,6.033642e-09,2.4446642e-10,1.6102815e-05,3.7945856e-07,8.596984e-06,0.9999653,8.795019e-09
id_cw566zi9ut9x.wav,1.2680702e-06,4.8328364e-08,3.2949572e-06,2.8788902e-05,6.878495e-08,2.0741177e-06,2.727441e-07,1.6333512e-06,0.9998894,1.1329105e-08,5.241946e-07,7.270944e-05
id_ym1bdxr888nr.wav,1.5766396e-06,4.6058761e-07,6.531002e-08,2.0937708e-07,1.8884415e-06,2.571845e-09,1.4536503e-10,9.966998e-06,7.3833615e-07,1.9234303e-06,0.9999832,4.722225e-09
id_9hejg0blciu3.wav,1.9613082e-05,0.033718187,0.0013903003,0.00013473954,0.95640206,3.1804145e-06,0.00828335,1.3831924e-07,6.372973e-07,4.4803323e-06,4.0199662e-05,3.0248966e-06
id_5pe0ig9camtz.wav,1.1586458e-08,3.5086916e-06,3.7069562e-06,5.308496e-06,2.4783742e-05,1.17075015e-05,0.9999496,1.1012469e-10,1.0685454e-08,2.3935867e-10,2.9989852e-10,1.3965679e-06
id_arn2z1tgxeit.wav,1.8054196e-06,3.8947707e-08,7.7811424e-11,0.99999297,6.346383e-07,9.9856756e-08,2.2677561e-06,1.4063506e-06,3.573526e-07,7.792449e-10,1.3598053e-07,3.979104e-07
id_rph3s7ugehp9.wav,1.2789612e-06,3.067261e-08,9.2157734e-07,3.1881107e-05,7.324917e-08,1.2323568e-06,1.8920228e-07,1.5831398e-06,0.9999337,8.738025e-09,7.276725e-07,2.836235e-05
id_wjt2c3pk86tf.wav,0.41325176,0.0019743717,2.9984745e-05,0.5493737,0.023387613,0.0003448405,0.0014640731,0.0025383406,0.0009164146,0.0012138482,0.005036209,0.00046884888
id_u7efdu3pf8m0.wav,8.0610995e-08,4.232585e-05,0.9999206,4.337694e-08,3.1820937e-07,3.899086e-06,2.8114304e-05,9.158295e-10,1.6060278e-06,2.976245e-08,2.4153852e-07,2.7316044e-06
id_m1yd88qmqlfu.wav,0.00021705443,1.9812148e-08,7.1921193e-09,6.8431923e-06,5.198259e-07,8.719449e-08,1.3009877e-10,0.99956375,3.7331467e-06,8.7152155e-05,8.088354e-05,3.9948798e-05
id_4y7dncvvsbo3.wav,1.8137904e-05,1.3624648e-05,6.171811e-06,2.3223733e-06,0.00014887007,5.867703e-07,4.0015305e-08,3.032488e-05,3.4389948e-06,7.537895e-05,0.999701,1.5800693e-07
id_k5hzdycm1w8j.wav,1.9622114e-07,5.023143e-08,8.51608e-07,1.0361188e-06,2.3224109e-08,1.5095084e-07,2.8284342e-07,5.61055e-06,1.4039926e-05,5.178956e-09,1.6242268e-07,0.9999776
id_dycws2jxbnaw.wav,0.9999298,7.5426044e-07,3.033983e-09,1.2497136e-05,9.061235e-06,5.0432907e-09,5.687286e-09,2.0256553e-05,1.6308458e-06,2.432565e-05,1.5855184e-07,1.5185317e-06
id_6bjhars22gjw.wav,2.1189519e-05,2.92072e-05,2.4025712e-05,1.3626599e-06,5.1041836e-05,2.144097e-07,3.4140374e-08,2.0003641e-05,3.99367e-05,3.5545687e-05,0.9997769,5.5765116e-07
id_06bwknarur5e.wav,3.0538765e-06,5.7702186e-06,1.5524364e-08,4.172715e-07,0.99998736,4.3245957e-10,1.6125798e-06,3.5461665e-09,5.538104e-10,9.879769e-07,6.700657e-07,2.3779245e-09
id_h6s4al80nd3y.wav,1.1938368e-05,0.0005397367,0.9987746,4.028648e-06,3.0364812e-05,0.00012334454,0.00022271363,5.142716e-07,0.00013252298,9.470452e-06,4.7389218e-05,0.00010335517
id_8ed8cx3maikq.wav,3.5290416e-06,4.078904e-06,7.759228e-07,3.5420885e-07,9.753386e-06,6.875967e-09,1.2597287e-09,6.9301573e-06,2.7594826e-06,5.1470315e-06,0.99996674,3.3787483e-08
id_hroo1ri8bfv5.wav,3.4953555e-06,3.6486028e-05,4.357152e-08,1.0286907e-06,0.9999523,5.03455e-10,1.1336832e-06,5.380783e-09,7.90321e-10,6.698192e-07,4.8258685e-06,5.280857e-09
id_kpwferr98xvm.wav,0.00029258797,1.1383893e-05,8.175091e-07,1.6914943e-07,3.413737e-05,2.4280174e-05,1.1300022e-07,0.00029985202,9.766609e-07,0.99931574,1.8214238e-05,1.8358887e-06
id_2x9ki31ohouo.wav,6.1166446e-08,0.9999522,1.1912443e-05,6.582219e-07,3.2394044e-05,1.326608e-07,9.699866e-07,1.5648421e-10,5.7985927e-09,1.7701059e-07,1.4427596e-06,2.531586e-08
id_giz3tlgpqr4k.wav,1.6041966e-07,6.334627e-08,1.5966225e-06,1.4582805e-06,1.27016255e-08,2.4100083e-07,4.5735058e-07,3.2250998e-06,2.3278502e-05,4.686216e-09,1.354517e-07,0.99996936
id_h5974rcsqjoh.wav,2.0004259e-06,2.1318987e-08,9.5119e-07,1.9188572e-05,7.5983046e-08,3.5364477e-07,4.9979487e-08,5.47724e-06,0.9999465,8.125568e-09,1.5821531e-06,2.3824832e-05
id_t9wazifl58jw.wav,3.8688203e-08,5.221642e-07,2.2938952e-06,5.7652182e-06,6.3896194e-10,0.99995875,2.1207505e-05,7.900183e-07,8.542237e-06,9.0551174e-07,2.369298e-07,9.071159e-07
id_9boy3279md48.wav,1.6919224e-06,2.2552713e-08,1.0421167e-06,2.4135925e-05,4.931625e-08,1.5135647e-06,8.064507e-08,4.954871e-06,0.9999237,1.9123892e-08,2.1639128e-06,4.06078e-05
id_kz9yow4d11lh.wav,0.0025201428,0.00057288125,0.0009370439,0.0033324535,0.00038134455,7.896327e-05,0.00025494667,0.0005197334,0.9740747,5.0642488e-05,0.00046099766,0.016816078
id_2c8zo2ytl8dc.wav,3.2831156e-06,5.4194456e-06,3.8542063e-07,1.9399842e-07,1.2751881e-05,3.4814105e-09,7.225965e-10,6.8425024e-06,1.1286992e-06,6.3656576e-06,0.99996364,2.168687e-08
id_5qj69902gext.wav,7.9359177e-07,6.1861004e-07,6.6207015e-08,6.977905e-08,1.5360414e-06,1.8286356e-09,8.382199e-11,4.176098e-06,4.0915128e-07,1.8649596e-06,0.99999046,2.6655258e-09
id_kjsatd6p7394.wav,9.012187e-08,3.2900846e-06,6.864918e-06,4.0761943e-06,6.842071e-05,3.3957873e-05,0.999882,5.2718785e-10,3.1946396e-08,6.4062653e-09,7.0301204e-10,1.3080463e-06
id_09salta40fqu.wav,2.0364737e-06,4.3631616e-08,1.5201352e-06,1.6238579e-05,1.4870223e-07,8.026081e-07,1.7382382e-07,1.63469e-06,0.9999324,1.5720524e-08,8.9321117e-07,4.408869e-05
id_s21qmi27sjyr.wav,0.9999074,1.2038457e-07,1.2431205e-09,3.3076718e-05,1.8741066e-05,5.4190292e-09,6.21424e-09,1.5655656e-05,5.317922e-07,2.3860508e-05,1.9207612e-07,3.4533565e-07
id_xkfpbo2wo4ma.wav,0.00025536283,3.083043e-08,9.905575e-09,5.6866966e-06,1.2073959e-06,7.206635e-08,1.6837019e-10,0.99937844,4.14558e-06,0.00017789732,9.625218e-05,8.077482e-05
id_dto4107nn7uo.wav,7.3485744e-06,8.8561286e-08,4.5537776e-10,0.99997485,6.1413834e-07,2.8778703e-07,1.8967445e-06,9.390932e-06,3.7435932e-06,2.9086937e-09,4.5316554e-07,1.3783012e-06
id_amenj9l3ayyu.wav,8.0872275e-07,7.2564194e-07,4.940293e-08,8.9082384e-08,1.6060213e-06,8.9028956e-10,8.470411e-11,4.5950287e-06,2.8369487e-07,1.9595118e-06,0.99998987,2.8093465e-09
id_046k2bj5x87z.wav,7.755847e-08,4.4633867e-05,0.9999224,4.371064e-08,2.2231102e-07,5.4118573e-06,2.1818378e-05,9.444523e-10,1.8443462e-06,3.9881286e-08,3.0156173e-07,3.3560298e-06
id_d25u6o1j60pv.wav,9.887096e-05,9.835155e-09,3.5731233e-08,3.1501222e-05,1.1513072e-07,4.240964e-08,2.0061665e-10,0.9994117,7.395396e-05,6.444344e-06,0.0003409804,3.6400736e-05
id_d2mpp2vbv7nk.wav,1.332345e-07,5.082103e-08,5.883281e-07,7.606891e-07,9.461187e-09,1.5079128e-07,3.8888896e-07,1.8067838e-06,4.944829e-06,1.8164804e-09,9.3937274e-08,0.99999106
id_z5eqiru0by7a.wav,1.0199485e-06,0.9998368,0.00010542519,1.5372716e-05,1.7606944e-05,1.1178465e-06,2.1497324e-06,5.6168608e-09,3.2763018e-07,1.4799716e-06,1.8531702e-05,1.0748908e-07
id_u8adh4pf3n1m.wav,1.6765192e-07,6.4973545e-05,0.99986327,9.41351e-08,8.107183e-07,4.53404e-06,5.8284248e-05,2.0586401e-09,2.6792222e-06,3.6544325e-08,3.9786525e-07,4.6469117e-06
id_nls0quhv7yg1.wav,3.3923108e-08,1.8017184e-06,1.4610464e-06,8.7301105e-06,2.4542274e-05,1.3220486e-05,0.99994826,1.2228121e-10,2.1820219e-08,6.9238715e-10,3.2547984e-10,1.9109102e-06
id_ln9340r4eec8.wav,1.3277503e-07,4.5066707e-05,0.99990785,7.9587146e-08,6.8125183e-07,3.6262657e-06,3.0783307e-05,1.7722956e-09,4.0884315e-06,3.5826858e-08,3.4488656e-07,7.277769e-06
id_91vze8m49hcs.wav,1.1563289e-05,2.6675323e-06,5.842685e-08,2.6742608e-09,1.4544552e-06,6.780142e-06,5.1715925e-09,1.3816579e-05,3.6790222e-08,0.99996245,9.732954e-07,1.7977096e-07
id_ar60qo60bco2.wav,1.9966224e-08,5.806065e-07,2.6867647e-06,3.5304392e-06,2.5671405e-05,9.627648e-06,0.99995744,1.07762396e-10,1.2193915e-08,5.4396265e-10,2.2387929e-10,4.957049e-07
id_s6tzfyrrdji4.wav,0.0006023671,0.00049086864,2.4323155e-05,7.937483e-05,6.145685e-05,0.00017892069,2.1345198e-07,0.25983936,0.00042811103,0.01401235,0.7240863,0.0001963956
id_sp9ejkpo6jsu.wav,6.499964e-08,9.935436e-07,6.4698334e-06,4.2907927e-06,2.2852022e-09,0.9999516,1.2050018e-05,9.737072e-07,1.7291366e-05,3.978976e-06,4.5465885e-07,1.9219758e-06
id_xff2oqsjji90.wav,2.8780587e-05,1.2145376e-06,2.5268992e-05,9.6285694e-05,2.7482185e-06,4.3910627e-06,1.8741293e-06,1.77531e-05,0.99958724,3.223368e-07,1.8247894e-05,0.00021584617
id_d29nll886520.wav,4.533031e-05,3.0611138e-06,5.7335928e-08,6.0335106e-09,2.0813975e-06,1.233783e-05,1.1314279e-08,2.4816847e-05,8.870763e-08,0.9999112,7.298774e-07,2.2917142e-07
id_b7ogapuzjlz7.wav,0.0023369025,0.0070138033,0.13300166,0.0023643295,0.0006241845,0.099213645,0.0016098636,0.0034496887,0.6074902,0.010020654,0.013408815,0.11946627
id_vrsc6hlkfik6.wav,1.0566494e-06,0.9999627,1.1270186e-05,2.2645795e-06,1.1549504e-05,5.207982e-07,3.998536e-07,3.3482792e-09,4.7374485e-08,3.0270382e-06,6.9110815e-06,1.4160278e-07
id_2k4wo9up6r9n.wav,1.3475049e-05,1.3051344e-06,3.6095937e-08,2.3909832e-09,3.06389e-06,2.4114477e-06,4.5496464e-09,1.5417269e-05,1.9051033e-08,0.99996316,9.648315e-07,1.3592098e-07
id_loyt0onxf6dv.wav,1.5755695e-07,0.99995136,2.7847067e-05,1.3433657e-06,6.271637e-06,6.797285e-07,5.152833e-07,1.4060256e-09,4.3158337e-08,1.0506387e-06,1.061065e-05,4.1939384e-08
id_t18f74l6vmbp.wav,7.98163e-08,0.9999716,1.269666e-05,4.647404e-07,1.1665442e-05,1.804788e-07,5.2683185e-07,3.348742e-10,8.481986e-09,3.4232238e-07,2.409321e-06,4.0431576e-08
id_u889nzpu8857.wav,0.99979895,4.159691e-06,8.626484e-09,1.6812497e-05,2.2635384e-05,3.0543724e-08,5.130941e-08,1.0647589e-05,1.160163e-06,0.00014217896,1.6767231e-07,3.1628274e-06
id_2026cz7qe8rt.wav,1.0417233e-06,0.999777,0.00018871126,5.991543e-06,9.465955e-06,3.3574527e-06,2.5647992e-06,5.2078084e-09,3.051786e-07,3.4163959e-06,7.767154e-06,2.7044413e-07
id_jjb1v315me3z.wav,2.9978306e-08,2.7589806e-06,9.16961e-06,2.161152e-06,1.9458217e-05,2.0062145e-05,0.9999449,1.8628961e-10,1.9073553e-08,7.2060924e-10,4.4601609e-10,1.3880622e-06
id_2ia11palltqy.wav,2.663126e-06,1.0498861e-07,1.167535e-10,0.9999925,8.3614106e-07,9.6120864e-08,1.688275e-06,1.3633605e-06,4.0651165e-07,1.0616753e-09,1.8130822e-07,2.7535086e-07
id_o9o5lt1x1ak5.wav,1.733607e-06,0.9997836,6.934636e-05,1.0024935e-05,1.2606756e-05,8.4595104e-07,5.3541146e-07,2.2550156e-08,7.324783e-07,4.1177423e-06,0.000116225034,1.6372695e-07
id_gasvodh0egsu.wav,1.7834111e-06,4.154739e-07,3.1190152e-06,4.5647353e-06,8.486938e-08,7.523949e-07,1.0262758e-06,1.4805718e-05,2.8445105e-05,3.883573e-08,6.3297244e-07,0.9999443
id_ju5cqfzl8586.wav,4.279624e-05,3.3096858e-06,3.869509e-07,3.057828e-08,0.0001794763,5.5447113e-06,9.57199e-08,3.7818765e-05,9.022615e-08,0.99970514,2.5018644e-05,3.0039783e-07
id_nxnhmkp8903z.wav,2.1831436e-05,2.5513884e-06,4.820541e-08,5.6350067e-09,2.682245e-06,9.117411e-06,1.067252e-08,4.9204235e-05,6.566993e-08,0.9999132,8.4344657e-07,3.4382538e-07
id_o2569sbuxrlu.wav,0.99996793,4.3900712e-08,2.1163321e-10,3.6163851e-06,3.3843864e-06,9.998183e-10,7.582823e-10,7.805487e-06,1.167006e-07,1.6996088e-05,4.1367347e-08,1.7529415e-07
id_3rk92s4rcgd4.wav,4.516878e-07,0.99991393,2.660705e-05,5.9469807e-07,1.7870077e-05,4.13852e-06,1.1946101e-06,6.2669625e-09,3.90099e-08,2.1965949e-05,1.2907756e-05,2.5370397e-07
id_kdigr9fmz5pi.wav,0.9997346,1.3591721e-06,5.4609206e-09,9.109333e-06,1.0800128e-05,3.0805616e-08,2.332753e-08,2.0975587e-05,8.4879457e-07,0.00022022,1.0966962e-07,2.0209582e-06
id_92pd0g53n3c9.wav,9.652669e-05,0.000111918045,3.2033116e-05,9.50708e-05,5.7378675e-06,5.987183e-05,3.0331934e-05,0.0002818037,5.3482017e-05,8.908078e-06,1.8065637e-05,0.99920624
id_0wvftak173os.wav,0.99995625,1.3153786e-07,5.973422e-10,8.331724e-06,4.365834e-06,2.66168e-09,1.7193096e-09,1.0663269e-05,4.6982365e-07,1.9370933e-05,8.129759e-08,3.2572237e-07
id_st6776aatgol.wav,1.0272781e-06,1.3040469e-06,5.9848674e-08,1.0931967e-07,1.8862778e-06,2.9002971e-09,1.2376516e-10,6.5126655e-06,2.6348036e-07,3.9178594e-06,0.999985,3.3250358e-09
id_ieo1nynohd9s.wav,0.0006366524,0.008948707,4.6981468e-06,0.92162585,0.0019311917,0.0002839917,0.06629754,2.137953e-06,3.0741827e-05,2.37783e-06,1.5385878e-05,0.00022066776
id_6k2m2e85zkr7.wav,2.3195152e-07,9.196927e-05,0.999749,2.0697219e-07,2.15045e-06,8.688251e-06,0.00013229916,5.0695923e-09,5.2053024e-06,5.334824e-08,4.7372785e-07,9.649751e-06
id_14lz38onupm6.wav,4.889549e-06,3.2515988e-08,5.4518176e-07,9.506113e-06,7.7744836e-08,1.2293052e-07,2.8142388e-08,6.342765e-06,0.99996495,1.03282725e-08,1.0165356e-06,1.2482413e-05
id_h53tg8ngcvn1.wav,1.8090387e-06,2.6596726e-06,2.3012204e-07,1.4103495e-07,2.1801204e-06,5.5525113e-09,2.821016e-10,9.018364e-06,1.2699926e-06,5.0948947e-06,0.9999776,1.061974e-08
id_sf2g4k6d2k7c.wav,1.8224498e-06,1.5087302e-06,2.2195229e-07,1.7095492e-07,2.4615877e-06,3.6001784e-09,3.9091846e-10,6.9900757e-06,1.2357117e-06,3.3672875e-06,0.9999821,9.4624015e-09
id_9i9azhs6u6dj.wav,0.9999584,7.861906e-08,4.1596754e-10,3.19889e-06,1.2491298e-05,9.0076085e-10,2.1122597e-09,4.0547316e-06,1.6010166e-07,2.1272355e-05,5.9551258e-08,2.420028e-07
id_340o949reb8z.wav,1.7330148e-06,1.919275e-06,3.874246e-07,1.0626495e-07,4.68873e-06,7.578145e-09,4.739423e-10,5.8882356e-06,1.0645873e-06,6.283262e-06,0.9999778,1.02581605e-08
id_7c1rifwlr08j.wav,1.2713719e-05,5.629392e-10,3.5164327e-10,2.385479e-06,9.916956e-09,2.5607283e-09,1.8299312e-12,0.9999372,9.797262e-07,1.5541909e-06,4.0337276e-05,4.769418e-06
id_ggnk24fsgmcm.wav,8.801475e-05,0.014658959,1.1349667e-05,1.1135772e-05,0.9848231,1.1039896e-07,9.991556e-06,2.868388e-07,8.160113e-08,9.85071e-05,0.00029807028,2.5610578e-07
id_je1lzuhwo7ug.wav,0.99990547,6.1345034e-08,6.9589506e-10,2.2955674e-06,8.301226e-06,1.6815378e-09,1.8719093e-09,1.556915e-05,1.8997619e-07,6.7676796e-05,6.384608e-08,3.24333e-07
id_rlk2q99qj786.wav,0.9999547,3.1469494e-07,7.8501955e-10,6.557928e-06,8.763944e-06,2.3928244e-09,3.46464e-09,4.6457453e-06,2.913691e-07,2.4017661e-05,7.949499e-08,4.715493e-07
id_660is7g565c3.wav,1.1313117e-06,3.237211e-08,1.3750566e-06,1.3353708e-05,6.921089e-08,6.275393e-07,1.2083413e-07,7.9739806e-07,0.9999535,6.334293e-09,5.003141e-07,2.8493043e-05
id_ao6sqm031m70.wav,1.5907573e-05,7.181893e-05,0.003796909,0.0001567949,1.1421984e-06,0.99340373,0.001026151,1.7280556e-05,0.0012270133,0.00011598591,5.79963e-05,0.00010919835
id_dietxzcwpeut.wav,3.8285343e-06,7.079577e-07,9.793693e-10,0.9999329,5.8734513e-06,4.614283e-07,5.24573e-05,5.5962846e-07,2.164552e-06,1.7536573e-09,1.6339416e-07,9.2597185e-07
id_8tusxl6mau8m.wav,1.6048398e-07,3.7962036e-06,3.032441e-05,4.7988833e-06,0.00034057084,1.0577624e-05,0.99960834,6.004121e-10,5.780118e-08,5.125246e-09,1.1314321e-09,1.3939214e-06
id_4x7u0i132hsy.wav,0.99996567,4.1852083e-08,3.0711905e-10,2.650096e-06,4.394577e-06,8.4803947e-10,9.675941e-10,8.446262e-06,1.5378272e-07,1.8445184e-05,4.670612e-08,1.8933666e-07
id_t0i0gqcro6fd.wav,3.023667e-06,1.632381e-05,1.1915869e-07,6.599268e-07,0.99997365,9.822677e-10,3.7152213e-06,6.198078e-09,1.4228755e-09,1.6278111e-06,8.656988e-07,3.773779e-09
id_kpyuqxodvomt.wav,6.040589e-08,2.47767e-06,8.964712e-06,1.5937812e-05,2.5039077e-05,7.1918e-05,0.99987197,1.6265241e-09,6.8652284e-08,2.2309303e-09,2.6288787e-09,3.6737638e-06
id_jsdrswtj3udn.wav,6.676619e-06,1.9093322e-07,4.1576032e-10,0.9999789,9.0000617e-07,6.000865e-07,4.2154593e-06,4.447804e-06,2.336648e-06,4.9013518e-09,3.486604e-07,1.3722081e-06
id_daou7rpax24t.wav,2.4680126e-08,1.4819583e-06,1.7624563e-05,9.189981e-07,1.3744309e-09,0.9999348,3.7057864e-05,1.6520768e-07,3.4912532e-06,3.7220736e-06,1.4479001e-07,6.341035e-07
id_meaomzzggp3b.wav,9.926744e-07,9.396885e-05,0.9994885,6.5284837e-07,1.4396612e-06,0.00012944423,0.00021650721,2.6419489e-08,2.2805118e-05,3.9607906e-07,1.866836e-06,4.3472995e-05
id_oec7fzpa444h.wav,2.5759135e-05,3.6562647e-05,4.48946e-06,1.1149685e-06,4.6213263e-05,6.019384e-07,1.3165697e-08,8.5563464e-05,4.0402e-06,0.00028198608,0.9995135,1.3410761e-07
id_4qz9309xnmut.wav,2.5176103e-06,9.1094066e-08,3.6397532e-06,1.2667909e-05,1.7254038e-07,4.402852e-07,1.4631573e-07,2.5854945e-06,0.9998504,1.7667913e-08,5.2334e-07,0.0001268109
id_0hbpuk3vsbh7.wav,8.7859505e-08,6.212252e-05,0.99989057,5.7331356e-08,5.9412696e-07,4.829014e-06,3.6274363e-05,1.2048051e-09,1.9836914e-06,3.3683502e-08,2.8902934e-07,3.1578816e-06
id_w5y5kqevftf0.wav,1.3429349e-07,3.9512947e-06,2.2177795e-05,6.2689833e-06,9.208137e-05,2.1087095e-05,0.99985135,8.7539326e-10,8.484239e-08,2.7864921e-09,2.6701767e-09,2.9446849e-06
id_et9ywncc14ze.wav,2.9226024e-07,4.7605912e-08,5.7473244e-07,1.2311108e-06,2.2028994e-08,1.3477289e-07,1.6019843e-07,1.8282622e-05,1.0727985e-05,1.0924004e-08,2.3997288e-07,0.9999683
id_n96zp5kqmiso.wav,1.0321736e-08,2.6959498e-07,1.3105303e-06,1.910888e-06,2.219592e-10,0.99998426,7.1253685e-06,2.3308104e-07,3.8531007e-06,5.501154e-07,1.094788e-07,3.9074845e-07
id_p97ok5mxzcps.wav,5.027667e-05,2.13525e-06,3.172484e-08,1.25962325e-08,3.536571e-06,1.02909335e-05,1.3976014e-08,0.00012934727,8.487515e-08,0.99980253,7.3017816e-07,9.748683e-07
id_t4xbvwqx3qdu.wav,2.298065e-06,2.5956314e-08,1.1801312e-06,1.4405172e-05,7.7613855e-08,7.9976434e-07,8.156653e-08,3.2011658e-06,0.9999535,1.5037468e-08,2.3014557e-06,2.2099783e-05
id_mrwa9fv0qu0s.wav,6.7272836e-08,6.412095e-05,0.9998702,5.190318e-08,6.7238744e-07,4.9287423e-06,5.4661432e-05,9.908478e-10,1.6072663e-06,2.2288432e-08,1.9010322e-07,3.4594498e-06
id_vb2o1oewmngb.wav,1.553091e-06,1.0329727e-06,9.9555905e-08,1.250947e-07,8.7905596e-07,1.4899622e-08,1.6892067e-10,1.5972186e-05,6.5813015e-07,9.471243e-06,0.9999702,5.596691e-09
id_z4ju3oaexhpl.wav,1.9449346e-06,0.00015588112,0.99936956,1.4685072e-06,4.981721e-06,0.00012849791,0.00027133132,7.064514e-08,3.5378707e-05,8.151179e-07,4.4908775e-06,2.5602101e-05
id_chc9ydmytq5i.wav,8.858579e-09,5.4567927e-06,8.018641e-06,1.561231e-06,1.3602302e-05,1.43538e-05,0.99995244,1.0815722e-10,8.673844e-09,1.8124122e-10,3.1275324e-10,4.5684656e-06
id_2r4129830v9p.wav,6.524363e-06,5.2323085e-06,6.3291196e-08,2.206994e-06,0.9999713,2.1526052e-09,1.2872858e-05,8.53248e-09,2.2553301e-09,1.2681741e-06,5.6083775e-07,5.8261858e-09
id_rmmdv487kr37.wav,6.0917675e-09,1.128116e-06,6.2553895e-06,5.9529602e-06,1.5222844e-05,2.1113624e-06,0.9999685,5.2910603e-11,1.5580431e-08,6.1994125e-11,1.7945403e-10,8.127049e-07
id_jnfwif96wx9p.wav,1.328567e-07,5.5602378e-08,6.3100254e-07,1.3570626e-06,1.01612345e-08,1.8883141e-07,3.76266e-07,4.44526e-06,7.839466e-06,3.4496113e-09,1.3362533e-07,0.99998486
id_qxytmbyg50t0.wav,2.2962599e-08,4.611585e-07,2.2259e-06,3.6986016e-06,6.5516303e-10,0.9999678,1.6899772e-05,3.3800234e-07,6.7872243e-06,9.973601e-07,2.0206095e-07,5.287884e-07
id_6uzw3xtmxl51.wav,4.3721725e-06,4.6159707e-06,7.299098e-07,3.8644257e-07,1.7339004e-06,2.2605427e-07,1.4312277e-09,7.3027266e-05,4.4812373e-06,5.2066145e-05,0.9998584,4.1653845e-08
id_8mjw8pfqfpz7.wav,1.7513754e-06,1.9846494e-08,1.3285036e-06,2.1898362e-05,6.0475685e-08,5.939107e-07,1.1295954e-07,7.3153883e-06,0.9999434,8.980151e-09,1.9933773e-06,2.1516158e-05
id_cnhza1dbtb7j.wav,8.2724443e-07,1.4856797e-08,6.5878055e-07,1.1063902e-05,5.2874334e-08,5.515195e-07,7.8075566e-08,7.224547e-07,0.99996614,5.1516067e-09,6.455638e-07,1.9264602e-05
id_w187d8zbuq4k.wav,2.6229696e-08,4.9289036e-07,9.386518e-06,1.5288638e-06,9.0591873e-10,0.9999596,2.0026404e-05,2.2585002e-07,6.619866e-06,1.4185708e-06,1.5253022e-07,4.9918805e-07
id_7tteeikfcebl.wav,3.779652e-08,1.0400697e-06,1.0032284e-05,4.272492e-06,3.0314497e-05,1.1472612e-05,0.99994123,2.9927835e-10,3.8415536e-08,1.341856e-09,4.2858359e-10,1.4772816e-06
id_lvxwr3nxmd66.wav,2.3553239e-05,3.0948104e-05,9.138698e-07,1.7377248e-08,2.727111e-05,8.520953e-06,4.7966942e-08,1.6556229e-05,1.3236964e-07,0.9998616,2.9685281e-05,6.732357e-07
id_ki0p49d51f3j.wav,0.9999752,2.1049365e-08,1.3205524e-10,1.5653635e-06,3.4302705e-06,3.732828e-10,4.064858e-10,6.125806e-06,9.603711e-08,1.3472873e-05,3.8382414e-08,1.1724684e-07
id_vdiuxb9j3ucx.wav,3.7673635e-07,7.5851446e-08,2.1053145e-06,1.3732835e-06,2.9764083e-08,3.0213732e-07,4.252181e-07,6.2209215e-06,3.4301e-05,1.2682869e-08,2.55985e-07,0.99995446
id_inb2lg66ekbf.wav,5.4941455e-07,6.7213754e-05,0.99979013,2.5883224e-07,1.1408022e-06,3.736951e-05,6.3957086e-05,9.2974055e-09,1.3990758e-05,2.7998183e-07,1.9474796e-06,2.3127612e-05
id_yvpt6g2adoh1.wav,1.0456164e-06,1.6190654e-08,4.8859823e-07,2.022226e-05,4.3906795e-08,3.9582687e-07,9.7335516e-08,2.075999e-06,0.9999577,5.8407488e-09,6.670523e-07,1.7257438e-05
id_o9vh7mjxkjhw.wav,4.5195216e-06,3.5412343e-06,2.733703e-07,6.131429e-07,9.8399705e-06,6.006245e-09,1.1904717e-09,9.872022e-06,1.7099517e-06,4.3365767e-06,0.9999653,2.0797263e-08
id_hgsoabjwcfiq.wav,1.1356132e-07,2.9291368e-06,1.9028337e-05,2.193885e-06,5.082136e-09,0.99990463,3.4554094e-05,8.5090045e-07,1.0962388e-05,2.2694067e-05,5.2768905e-07,1.5054642e-06
id_pcitc6soxgo7.wav,4.9245614e-07,1.15765296e-07,9.5257593e-07,3.163435e-06,2.7118277e-08,2.8259538e-07,3.2167793e-07,1.4444754e-05,1.8514404e-05,1.0968233e-08,2.4033403e-07,0.9999615
id_we6bkbqc8v11.wav,1.3893506e-07,3.8228267e-05,0.99990916,7.360449e-08,4.5287746e-07,9.912685e-06,3.332787e-05,2.0694313e-09,3.653499e-06,6.360431e-08,5.5881634e-07,4.3214427e-06
id_s7fu0t33l3d1.wav,0.9998932,9.708469e-08,1.0357315e-09,4.019824e-06,1.25999895e-05,3.013387e-09,3.7605856e-09,1.3198557e-05,1.9459638e-07,7.629191e-05,9.689507e-08,3.425555e-07
id_tirelk3pxtsq.wav,3.1622648e-07,0.99996305,1.9845174e-05,1.279083e-06,6.5910313e-06,6.0320747e-07,5.36357e-07,1.3536715e-09,3.576786e-08,1.6230101e-06,6.0309217e-06,7.3357704e-08
id_shqk4g5vqti4.wav,3.022964e-07,8.934016e-08,6.954028e-07,1.4928603e-06,1.8027176e-08,2.2521952e-07,4.5205604e-07,4.653065e-06,6.011192e-06,4.4587303e-09,1.7620792e-07,0.99998593
id_7g2w06r26ue9.wav,9.896935e-08,5.8483707e-08,9.5026024e-07,1.0552392e-06,9.335795e-09,2.475113e-07,4.8896874e-07,2.218606e-06,1.1442826e-05,2.8518927e-09,1.1212708e-07,0.9999833
id_5h7jzc0zij00.wav,2.6361084e-07,6.435453e-08,1.1394023e-06,7.0312444e-07,1.7488963e-08,2.178203e-07,3.3468638e-07,4.955171e-06,8.798034e-06,7.413305e-09,1.9049679e-07,0.9999832
id_gkzgdiaubypq.wav,7.899766e-06,1.1231345e-07,5.018136e-10,0.99996936,9.939782e-07,2.922918e-07,1.9345662e-06,1.4176724e-05,3.1083944e-06,5.2051163e-09,9.181179e-07,1.195864e-06
id_egv3mx0ygdlc.wav,7.4893774e-07,2.454566e-07,2.480457e-06,2.6150371e-06,4.271058e-08,6.753666e-07,1.2539429e-06,6.3711577e-06,1.6219623e-05,1.531404e-08,3.995931e-07,0.999969
id_drc8ugieob3g.wav,1.5549582e-05,1.2562849e-06,2.4341455e-08,2.9002771e-09,1.9307035e-06,4.7050453e-06,6.3068297e-09,1.302295e-05,2.311294e-08,0.9999629,4.868375e-07,1.245815e-07
id_ypicpq5bl8yq.wav,0.23637362,1.3651193e-06,1.7865051e-07,1.1143351e-06,2.9982e-05,4.008373e-06,9.462263e-09,0.023482902,1.0201202e-05,0.74002635,5.3640386e-05,1.6597236e-05
id_ie3qlq09l27v.wav,8.7053395e-06,4.1753615e-06,4.869543e-08,8.764755e-07,0.9999753,1.6170008e-09,3.6840624e-06,2.1174884e-08,3.1412002e-09,5.4944853e-06,1.6136819e-06,5.0286224e-09
id_5y7zx54bzvd7.wav,6.02476e-07,1.6290316e-07,1.1348975e-05,3.054777e-06,4.5804658e-08,8.345587e-07,1.8134477e-06,5.059984e-06,0.00014088977,2.2904807e-08,3.96566e-07,0.99983585
id_4egl7kxvhe2m.wav,0.9999467,2.4601331e-07,9.868572e-10,6.061296e-06,6.636202e-06,3.3883207e-09,4.433082e-09,6.879073e-06,4.3260516e-07,3.2528846e-05,5.6948103e-08,5.0042286e-07
id_bm799pnqq0t9.wav,3.4951856e-05,0.019262588,0.90634537,0.00014777116,0.00010015054,0.062539004,0.009402814,3.6545434e-06,0.0012122984,0.00021077339,0.00025843934,0.00048209142
id_po7cgm93ozwk.wav,1.4356623e-07,5.5309905e-05,0.9998888,6.3210095e-08,6.0012627e-07,4.5135503e-06,4.2458687e-05,1.4582289e-09,2.5931254e-06,3.9192084e-08,3.9045452e-07,5.101443e-06
id_mtpqg4tjsitl.wav,4.6816335e-06,2.8318443e-06,2.0014363e-08,4.7665708e-07,0.9999871,5.8425553e-10,2.5904437e-06,6.7233845e-09,1.1364706e-09,1.7248838e-06,5.6753834e-07,3.2416745e-09
id_az4y55khhnz3.wav,1.4290251e-06,1.930499e-08,6.21004e-07,1.1990875e-05,5.3571352e-08,4.2307258e-07,6.5235106e-08,1.3505658e-06,0.9999685,6.7943424e-09,6.6246207e-07,1.481342e-05
id_l0jb1w58rrf4.wav,2.5499683e-05,6.725374e-07,2.0144977e-05,4.462416e-05,1.6192495e-06,7.727814e-06,7.8599624e-07,1.9746898e-05,0.9996183,5.706826e-07,5.033947e-05,0.00020995252
id_4qztrf2u64i4.wav,5.724777e-06,5.54852e-07,1.8534205e-05,8.291159e-06,5.10093e-07,1.6496418e-06,2.040372e-06,4.504312e-05,0.00032515716,2.477316e-07,1.8188716e-06,0.99959046
id_briuen99dlq7.wav,5.117416e-07,1.7372509e-08,9.864011e-07,1.2047394e-05,3.3246586e-08,4.1575538e-07,9.281225e-08,5.5724223e-07,0.9999474,3.1790361e-09,1.883242e-07,3.765965e-05
id_nf8xmqfq4rwk.wav,1.6034925e-06,0.00016964303,0.0015560568,1.5264117e-05,2.5878713e-05,0.26592854,0.73221457,5.753781e-07,8.8411125e-06,1.8925868e-05,3.1233225e-07,5.9727357e-05
id_o3dzudeeq28b.wav,1.4010653e-06,9.748934e-08,4.2262536e-06,2.3004536e-06,9.049906e-08,2.883367e-07,4.9033093e-07,1.857944e-05,5.247581e-05,3.5266705e-08,5.4964914e-07,0.9999194
id_1j02n5ymm8lz.wav,7.439464e-06,3.8322846e-06,5.407465e-08,2.0420232e-09,1.1551904e-06,8.712084e-06,5.36751e-09,8.333251e-06,2.4405777e-08,0.9999697,5.975916e-07,1.5032587e-07
id_c8pphgfn613h.wav,7.7971855e-08,0.99996436,2.0958769e-05,5.085776e-07,8.7728e-06,2.599121e-07,4.3864918e-07,3.626854e-10,1.4748578e-08,4.7062343e-07,4.0937107e-06,2.3009035e-08
id_he49180905f1.wav,2.2652496e-06,1.215697e-07,1.536768e-10,0.99997616,2.8301663e-06,1.77391e-07,1.740469e-05,4.1264278e-07,1.8316537e-07,1.0792656e-09,1.151091e-07,2.8134667e-07
id_7jnq4b1eqquq.wav,4.7204935e-07,0.00041097074,0.9994098,3.5686193e-07,2.0931718e-06,3.6965783e-05,0.00012361191,1.249449e-08,5.532716e-06,5.355406e-07,1.6797693e-06,8.072171e-06
id_y5x3le7iyggo.wav,3.1159132e-08,8.772927e-07,2.6152509e-06,2.437789e-06,1.351266e-09,0.9999697,1.0851415e-05,7.1188833e-07,7.2099156e-06,4.433622e-06,2.6209122e-07,8.776349e-07
id_rc3m9tpazj6g.wav,1.006928e-07,0.99996114,1.247457e-05,7.423882e-07,2.0958563e-05,1.5344304e-07,6.116651e-07,3.1618197e-10,9.427634e-09,3.1811757e-07,3.4152235e-06,2.5339178e-08
id_dd532clfsj8s.wav,0.00017545444,1.573755e-06,2.7933993e-09,0.99975604,7.636904e-06,2.8668575e-07,3.0327399e-06,3.2181437e-05,1.6425167e-05,2.163519e-08,4.628409e-06,2.7600145e-06
id_1e1d7ahr4xly.wav,3.6263755e-06,4.152282e-08,2.828148e-10,0.99998105,7.3880443e-07,1.3027297e-07,1.4770602e-06,1.005087e-05,1.4567144e-06,2.3416598e-09,9.2267277e-07,4.7837375e-07
id_d9vu7rxa8x63.wav,1.7864727e-08,5.003127e-07,2.1683197e-06,1.8960421e-06,7.54329e-10,0.9999764,1.1030387e-05,3.1175585e-07,5.432182e-06,1.5368257e-06,1.3872105e-07,5.8997983e-07
id_q7fxbd8dgh5o.wav,4.7601984e-07,8.762137e-05,0.99968123,2.716022e-07,2.6099601e-06,2.5836413e-05,0.00017397941,1.2321994e-08,9.941957e-06,1.7550028e-07,1.2800829e-06,1.6637154e-05
id_r51k50vi8lug.wav,4.318403e-05,1.2374225e-09,4.716547e-10,2.029671e-06,4.718703e-08,2.848552e-09,3.6567286e-12,0.9999118,6.5177716e-07,4.348578e-06,1.7086923e-05,2.095713e-05
id_4d41hpl43uqz.wav,2.3332233e-07,0.9999461,1.8223694e-05,1.4559384e-06,2.7061813e-05,1.7647655e-07,1.0311004e-06,6.143213e-10,1.9497312e-08,3.565315e-07,5.323545e-06,4.7564836e-08
id_unysxjodb5fw.wav,0.99978834,1.3929649e-07,3.1593705e-09,7.961749e-06,5.9592174e-05,3.5084353e-09,4.5648174e-09,4.739974e-05,4.4011892e-07,9.465696e-05,9.433919e-07,5.413617e-07
id_bcs18vwvn52w.wav,2.4916806e-06,1.7508096e-07,5.8574234e-10,0.9999708,2.1753747e-06,4.9923364e-07,2.0026477e-05,1.6404233e-06,1.0046649e-06,3.3831906e-09,4.018397e-07,8.7830483e-07
id_oxsp2rt7vsln.wav,5.501213e-06,5.8195106e-08,2.4027857e-10,0.9999821,4.218688e-07,2.0788401e-07,1.5025229e-06,7.390649e-06,1.6749534e-06,2.1353759e-09,4.3475464e-07,6.7789597e-07
id_py6wxzyflrik.wav,8.8279876e-08,5.7866746e-05,0.99989355,5.453776e-08,3.5087845e-07,6.3896123e-06,3.6463327e-05,1.2242602e-09,1.8397748e-06,4.1204732e-08,3.303143e-07,3.1883822e-06
id_txhe9emant40.wav,7.3415514e-08,1.3417937e-06,3.955243e-06,9.100595e-06,9.397483e-05,7.4960176e-06,0.99988294,3.231452e-10,2.2727283e-08,1.6317593e-09,6.539713e-10,1.1446757e-06
id_78qj5lgkf8xs.wav,9.806587e-08,7.388993e-06,0.00020600685,1.0628937e-06,1.0083891e-08,0.9996493,0.000105916806,2.9234624e-07,7.579389e-06,1.9030065e-05,4.849978e-07,2.9063538e-06
id_v9h9sojyzwpc.wav,4.836584e-06,2.5747752e-06,2.2995021e-08,1.1992776e-06,0.9999826,1.0702059e-09,7.309559e-06,6.5235866e-09,1.3371286e-09,1.162537e-06,4.0620495e-07,4.304358e-09
id_vfdqneesmr7q.wav,2.7262485e-07,4.400389e-07,1.1780516e-05,3.195984e-06,5.0577285e-08,1.2286672e-06,5.388722e-06,1.3133928e-06,8.134799e-05,7.9450455e-09,3.0642948e-07,0.9998945
id_cz5vtgjmhxk3.wav,1.4460097e-05,4.6526548e-06,8.963327e-08,9.151848e-09,2.0933812e-06,4.0846e-05,2.4716734e-08,3.201163e-05,8.507327e-08,0.9999044,1.0541843e-06,2.824572e-07
id_d98uxce6yjlj.wav,2.1812062e-05,3.3909194e-07,7.2737627e-10,0.9999496,6.9703077e-07,5.919258e-07,2.3991588e-06,1.2759256e-05,5.125117e-06,6.952601e-09,4.1174496e-07,6.2470563e-06
id_yl6g02h3mmcq.wav,1.1097791e-06,3.3715376e-06,1.0038231e-07,1.3256255e-07,6.327792e-06,1.787122e-09,2.1646698e-10,3.4647092e-06,2.7417738e-07,3.4105258e-06,0.99998176,6.0166747e-09
id_dd7sdcfau55z.wav,1.4305626e-06,1.1761211e-07,2.3612523e-10,0.99997485,2.158413e-06,2.404934e-07,1.9981955e-05,4.6140195e-07,3.3818463e-07,8.9627017e-10,9.829409e-08,2.9803164e-07
id_mq8or9kwdlg9.wav,4.811376e-05,1.5781214e-05,0.014068702,0.00021446725,6.17706e-06,0.00058863056,0.00011548562,9.363497e-06,0.9754925,1.3431222e-06,1.601271e-05,0.00942343
id_kbjg5j79vore.wav,3.0724324e-05,9.04279e-07,3.981788e-08,2.3827316e-09,4.7713656e-06,1.6644677e-06,4.353587e-09,1.7937788e-05,2.7564106e-08,0.999943,7.756928e-07,1.331379e-07
id_5degcjdtdfwz.wav,0.10304394,1.0043251e-05,7.4992627e-06,0.0009941899,0.000102262136,1.7682889e-05,2.3938162e-07,0.8868334,0.0006251591,0.0068862564,0.0009647545,0.0005144346
id_uvgbm4vxm0x0.wav,1.5746021e-08,5.0877594e-07,1.7022295e-06,1.6836516e-06,5.711058e-10,0.9999814,7.1114455e-06,3.3530685e-07,4.7041544e-06,1.7985438e-06,1.4017743e-07,5.698178e-07
id_xj8f46q9vgwu.wav,2.7251956e-06,2.2278955e-06,3.020646e-07,1.7129837e-07,7.23615e-06,5.7166907e-09,6.453413e-10,6.4262867e-06,1.0995485e-06,4.8450643e-06,0.99997497,1.36387115e-08
id_y0z1g77ond3a.wav,1.5020108e-05,5.584392e-10,4.0687764e-10,3.908075e-06,1.4031163e-08,1.8186987e-09,2.2883462e-12,0.9999317,7.8726157e-07,1.5637467e-06,4.1981322e-05,5.0502767e-06
id_llak9vwyp3sq.wav,1.3988026e-05,0.0010751305,0.04376736,4.565963e-05,4.6852183e-06,0.9416888,0.012035111,7.1181257e-06,0.0003634772,0.00034020867,2.620982e-05,0.00063223194
id_5m8pgr9lvxr2.wav,3.6748864e-07,0.9999645,1.3708496e-05,1.0079262e-06,1.07908945e-05,1.0295344e-06,6.5836434e-07,2.088146e-09,2.6851643e-08,3.6529311e-06,4.1722515e-06,1.304603e-07
id_l5x12wq8u6mb.wav,2.3285889e-08,1.9918618e-06,7.3968467e-06,3.7351401e-06,1.6049622e-05,3.555339e-05,0.9999335,3.0131853e-10,3.0535194e-08,8.698061e-10,5.898765e-10,1.8014977e-06
id_rysagj0hh4eo.wav,2.328047e-08,7.773189e-07,2.4998199e-06,1.060798e-05,2.2988115e-05,1.1010323e-05,0.9999505,2.1401715e-10,3.296494e-08,6.233308e-10,4.6314855e-10,1.4585938e-06
id_1gk7jev99p3q.wav,4.286192e-06,2.1955684e-06,4.4003804e-07,5.994296e-07,5.3941258e-06,7.467416e-09,1.2102719e-09,1.2204824e-05,2.0141676e-06,4.9460677e-06,0.99996793,2.0415492e-08
id_xuu3360pcyhx.wav,5.2124284e-07,1.8826977e-07,2.1150738e-06,2.0640105e-06,3.9388965e-08,5.0601784e-07,7.375517e-07,9.091464e-06,2.4688852e-05,2.0555598e-08,3.9881198e-07,0.9999597
id_f89js7r6m2ma.wav,1.13027916e-07,4.021213e-08,8.656227e-07,8.6558396e-07,1.04995275e-08,1.6983755e-07,3.5645627e-07,2.505319e-06,1.282017e-05,2.805298e-09,1.1668145e-07,0.9999821
id_n6qzox1en7ly.wav,0.00033226243,0.010058241,6.05719e-05,8.816268e-07,0.00055026804,8.151703e-05,6.024938e-07,6.752819e-05,2.5959773e-06,0.9856895,0.0031504466,5.6274916e-06
id_jcmo4jlbpgzh.wav,9.033862e-06,1.5762978e-06,2.4858835e-08,2.7902225e-09,1.6460564e-06,7.371775e-06,9.695222e-09,1.1378171e-05,2.431621e-08,0.9999685,3.4892423e-07,1.2101054e-07
id_ie4zythyuu4z.wav,5.0215385e-06,4.055242e-06,2.1931022e-07,5.0029894e-07,8.948445e-06,2.8872411e-09,8.460534e-10,9.611815e-06,9.88527e-07,5.5958008e-06,0.9999651,2.1624654e-08
id_r60nwjlx8bhg.wav,1.5897944e-06,0.0001079538,0.9996643,7.037098e-07,4.605868e-06,1.5398246e-05,9.831667e-05,3.0530117e-08,5.051588e-05,3.1484038e-07,4.287732e-06,5.2052015e-05
id_379p8brdcgie.wav,0.121671475,0.010715897,3.278051e-05,0.027953502,0.8010677,6.20989e-05,0.035021745,7.9931546e-05,2.093867e-05,0.0007882114,0.00016369917,0.0024220503
id_3ib1e94te3o3.wav,1.0788318e-08,5.47717e-07,2.5345555e-06,9.1459185e-07,3.3976794e-10,0.9999857,4.8379e-06,2.0282273e-07,3.1470968e-06,1.5274287e-06,1.261307e-07,4.2084199e-07
id_2r3acdpe8k4g.wav,1.2330643e-08,3.5488145e-07,1.3384633e-06,2.3220252e-06,4.787752e-10,0.9999765,1.3753342e-05,2.6945867e-07,4.191685e-06,5.566869e-07,1.1253693e-07,5.025991e-07
id_m9boyq5f10j5.wav,1.6616586e-06,0.9998418,0.00010278906,9.357617e-06,8.472725e-06,3.2333912e-06,1.295982e-06,1.1888732e-08,5.008459e-07,5.348254e-06,2.5366076e-05,1.9113712e-07
id_nh2s1tlgvy8h.wav,1.1169402e-05,1.762707e-07,5.4432037e-10,0.9999645,8.6715414e-07,9.671774e-07,3.4279772e-06,1.2702116e-05,2.8642994e-06,7.292643e-09,5.109452e-07,2.7640328e-06
id_tpyw4om945kr.wav,8.2652164e-08,7.933582e-07,6.5687236e-06,4.9104e-06,1.7749512e-09,0.9999441,2.5714555e-05,9.1513397e-07,1.1873082e-05,3.9132888e-06,4.429094e-07,7.3949894e-07
id_cgbv2sygmoo8.wav,0.00047310852,0.020604929,0.5164002,0.0014883982,0.013208881,0.004248234,0.43724474,7.643204e-05,0.0012333618,0.00016191979,0.00024033111,0.004619463
id_5utdy6iz7xbs.wav,4.288035e-05,3.8696584e-09,3.0007474e-09,2.363128e-05,3.5078898e-08,1.5624707e-08,3.19212e-11,0.9998498,4.6403125e-06,2.9525736e-06,5.626526e-05,1.9786406e-05
id_wtxzjlyczxc0.wav,7.31871e-07,0.9999286,1.5290636e-05,3.4106533e-06,3.3017473e-05,3.6142205e-07,8.1758617e-07,2.787175e-09,5.8332123e-08,1.062458e-06,1.6530454e-05,8.2469626e-08
id_cp2whd7hjw0n.wav,1.0422063e-05,2.8916247e-06,4.3143757e-08,4.918174e-09,2.8170703e-06,1.2709287e-05,1.40889025e-08,2.3188715e-05,4.8481652e-08,0.9999472,5.522532e-07,1.6420694e-07
id_57erwnaniilp.wav,6.2498526e-07,1.28018085e-08,5.954445e-07,8.959979e-06,3.0583564e-08,3.4433856e-07,5.8548075e-08,6.096017e-07,0.9999695,3.4386272e-09,2.7173311e-07,1.9076233e-05
id_dkltbstp37m9.wav,6.572351e-08,0.9999659,2.1353659e-05,3.1627235e-07,6.1616947e-06,5.6342134e-07,4.157048e-07,5.0311527e-10,1.4526204e-08,1.325543e-06,3.7996267e-06,3.467662e-08
id_trh0x5j2fn3w.wav,9.635918e-07,3.0476595e-08,9.62921e-11,0.9999943,7.535182e-07,7.765226e-08,2.1451249e-06,1.157389e-06,2.6518467e-07,6.886022e-10,1.727422e-07,1.5765632e-07
id_er4txz6j7jws.wav,1.3375551e-06,5.6242758e-08,1.402402e-10,0.999992,3.963663e-07,1.7575199e-07,2.062926e-06,2.0861883e-06,1.0308784e-06,9.571294e-10,1.7409133e-07,6.1839336e-07
id_pn209e2s47tj.wav,8.650166e-08,0.99996114,2.444903e-05,5.8242773e-07,5.554356e-06,5.97839e-07,4.3961856e-07,6.3200617e-10,1.828318e-08,9.89806e-07,6.147203e-06,2.9406074e-08
id_iz17jnkp15p1.wav,6.469385e-05,7.123935e-07,1.6604836e-09,0.9998903,2.3321022e-06,4.90039e-07,2.756229e-06,2.3717515e-05,7.935324e-06,1.6887288e-08,1.3989765e-06,5.607103e-06
id_2vy3652xifaa.wav,5.3470086e-07,1.9254462e-07,2.8447419e-06,3.270489e-06,3.517296e-08,9.167937e-07,7.9498204e-07,1.2740691e-05,4.8417674e-05,2.8022384e-08,4.3795396e-07,0.9999298
id_ar2uymtuiv4u.wav,0.0015821012,6.279348e-07,5.7248966e-09,0.9982181,0.00010000093,1.4165554e-06,9.370824e-06,7.3054245e-05,2.1606627e-06,4.13494e-07,1.0712814e-05,2.0007901e-06
id_6scjjb5u1hy4.wav,1.0200745e-05,7.5656003e-06,2.0539717e-07,3.5447298e-09,4.664442e-06,5.915258e-06,6.272297e-09,1.10297515e-05,3.17549e-08,0.9999541,6.1818982e-06,1.151999e-07
id_vi7bx98zjuk9.wav,8.269576e-06,7.375412e-06,3.0096874e-08,6.5810855e-07,0.9999745,1.4091726e-09,3.7922273e-06,1.1492983e-08,1.4434434e-09,4.4453623e-06,8.8244474e-07,7.0251978e-09
id_hpt79h7fqly0.wav,1.4653361e-06,2.2430322e-08,7.192549e-07,1.3089727e-05,5.1394668e-08,9.420649e-07,7.696352e-08,1.2612908e-06,0.99995995,9.354774e-09,6.374336e-07,2.178485e-05
id_ifl3980chb7m.wav,1.643291e-08,9.743665e-07,5.3463054e-06,2.6134126e-06,1.3601884e-05,9.462208e-06,0.9999666,1.1167725e-10,1.9649024e-08,3.5357578e-10,2.722541e-10,1.4077132e-06
id_5rg8pcffeoxa.wav,0.9991425,1.0246646e-05,2.5753465e-08,3.21113e-05,0.00013314615,1.0900134e-07,3.168463e-07,1.5320886e-05,1.186632e-06,0.0006590455,3.8217465e-07,5.6051645e-06
id_15o767bgrusd.wav,1.1205793e-07,4.6894704e-05,0.9999063,5.9294166e-08,5.786008e-07,3.8941735e-06,3.416517e-05,1.3217799e-09,2.5190916e-06,3.2604685e-08,3.2141853e-07,5.260201e-06
id_am0b297vlo83.wav,4.082172e-05,0.0003560481,1.0979853e-05,4.920716e-05,0.9993654,1.3944275e-07,0.00013174649,3.297792e-07,1.2061665e-07,2.7964947e-05,1.6941696e-05,2.3367947e-07
id_xlzq4q0eebpw.wav,3.6800044e-05,1.944411e-09,4.728038e-10,2.6707203e-06,7.2731446e-08,4.836693e-09,8.0286775e-12,0.9999075,5.774885e-07,6.3988846e-06,1.7388484e-05,2.8596127e-05
id_9hvd1sdlifhh.wav,0.2037852,0.0011117295,2.2409329e-06,0.00035001905,0.792363,1.8283707e-07,3.3991077e-05,1.44383275e-05,1.5867241e-06,0.0022232002,0.000106897045,7.564353e-06
id_2hzcwnuz998g.wav,3.2713776e-06,9.626423e-07,1.3473247e-07,4.9993446e-07,2.207098e-06,1.02524815e-08,2.377142e-10,7.758208e-05,1.5846105e-06,5.1076004e-06,0.9999087,9.835355e-09
id_vbgu1j3o4djk.wav,2.5590234e-06,8.798921e-06,3.2174757e-08,3.4436948e-07,0.9999839,5.59287e-10,2.5777e-06,3.6985464e-09,9.040748e-10,1.184994e-06,6.490148e-07,3.5100252e-09
id_ietts9gu2018.wav,3.871939e-06,1.5499072e-05,3.1831876e-06,1.7538767e-07,2.7128563e-05,2.961423e-08,2.6271443e-09,3.7856341e-06,1.9934419e-06,1.9102587e-05,0.99992526,4.7371987e-08
id_wvevs98thkl7.wav,2.2676398e-08,5.844412e-07,2.3547475e-06,4.180042e-06,2.4070088e-05,1.0992389e-05,0.99995697,1.4006421e-10,1.7211033e-08,8.492947e-10,2.551913e-10,7.762105e-07
id_xeau1v1f4kkl.wav,4.251084e-05,6.1222556e-07,5.2436155e-10,0.9999348,3.8267053e-06,5.2667787e-07,1.3588059e-05,1.5445386e-06,1.2884764e-06,6.3573533e-09,1.2589294e-07,1.2028648e-06
id_bi87jp84idw8.wav,3.0637539e-06,3.4145703e-08,9.94052e-11,0.9999902,1.9636036e-06,6.287428e-08,2.913746e-06,1.2844586e-06,1.66061e-07,1.2007887e-09,1.978975e-07,1.6438041e-07
id_vg8f0abczeu6.wav,0.9999423,4.6489323e-08,6.978693e-10,2.912745e-06,9.3341005e-06,1.4350683e-09,2.2813662e-09,9.688643e-06,3.8986667e-07,3.5071593e-05,1.0009539e-07,1.9785803e-07
id_feajgnmo46f4.wav,5.3642594e-05,6.8767654e-09,3.1533165e-09,6.918857e-06,7.6527364e-08,2.0444963e-08,2.9525615e-11,0.99981207,2.9778896e-06,1.0796629e-05,7.46046e-05,3.8905157e-05
id_01rtyjt9oqie.wav,3.0340438e-05,1.873961e-05,8.9476686e-08,7.2068783e-06,0.99992406,5.512948e-09,7.0824835e-06,5.565035e-08,5.898172e-09,7.4809573e-06,4.841252e-06,2.7541354e-08
id_pqt5x5fl4mp2.wav,2.781276e-07,4.2464922e-07,1.670384e-05,6.2710055e-06,6.956579e-08,1.8237175e-06,7.586086e-06,1.7460284e-06,0.00012638945,7.617416e-09,5.0346455e-07,0.99983823
id_pgt6cxxfn9w2.wav,2.9625148e-06,4.5234112e-05,1.26441e-06,1.42999e-07,3.3100012e-05,4.8677553e-08,1.6387425e-09,1.1882538e-05,7.6087156e-07,6.946604e-05,0.99983513,4.0943572e-08
id_u4zt6g9mmaeb.wav,1.6222658e-07,0.9999608,2.2240374e-05,6.893601e-07,4.694641e-06,9.024333e-07,3.5010248e-07,1.2677935e-09,3.1188346e-08,2.4680814e-06,7.734377e-06,3.6491674e-08
id_q0sw4098a3bs.wav,1.748808e-05,1.2366843e-09,5.2257054e-10,1.7873805e-06,2.5405976e-08,3.1209246e-09,2.8717389e-12,0.99991214,9.847497e-07,3.2676785e-06,5.50242e-05,9.239982e-06
id_lw161m5t8tss.wav,1.0067444e-06,1.755264e-08,9.764077e-07,1.0102533e-05,5.0873922e-08,5.7523346e-07,8.17193e-08,9.663979e-07,0.99995935,6.9067787e-09,5.6676157e-07,2.6295927e-05
id_h338bhtb5g3l.wav,2.6183218e-06,0.9995165,0.00040520393,2.060574e-05,2.1858643e-05,2.3655878e-06,2.0293735e-06,1.5157369e-08,9.745569e-07,3.386206e-06,2.4238823e-05,1.9713708e-07
id_woziesc87qet.wav,2.0781387e-07,5.326236e-08,1.0685172e-06,1.3658753e-06,1.6105671e-08,1.758361e-07,3.7792034e-07,3.9685888e-06,1.9929044e-05,4.8192077e-09,1.4569682e-07,0.9999727
id_pdh3vah5z5iy.wav,2.1506785e-06,6.423165e-08,1.4164276e-06,1.5967595e-05,1.8691576e-07,6.4865606e-07,1.6917703e-07,1.4130317e-06,0.99992776,1.7841487e-08,1.0342783e-06,4.9106366e-05
id_xt6grkxj72el.wav,4.1048533e-08,8.080053e-07,1.3787848e-05,2.3961973e-06,2.3956999e-09,0.9999236,4.8104634e-05,2.817158e-07,7.9315705e-06,2.1064545e-06,2.2364587e-07,6.85984e-07
id_hzetgk3fgbkg.wav,1.4703583e-06,0.9999052,3.4752073e-05,6.8707036e-06,3.7322523e-05,1.7729091e-06,3.8392254e-06,5.061167e-09,8.3207766e-08,3.8400713e-06,4.4705534e-06,4.485092e-07
id_ye61r92p4sby.wav,5.362378e-07,0.98889285,0.010992388,3.3667964e-06,5.697171e-05,1.2437791e-05,1.1851958e-05,1.5441813e-08,6.2011935e-07,1.0359134e-05,1.8216513e-05,4.1712724e-07
id_6pjxwq4uu08r.wav,7.0464066e-09,6.991625e-07,3.9099264e-06,2.4786234e-06,1.1782671e-05,7.0646324e-06,0.9999734,5.7355266e-11,1.0892539e-08,1.9785425e-10,1.2430312e-10,5.779646e-07
id_l5ykh0nqy6wb.wav,2.3522774e-05,2.3204576e-09,7.254903e-10,1.5658051e-06,6.0646535e-08,4.2531036e-09,4.689682e-12,0.9998958,8.151071e-07,6.1609862e-06,4.4129945e-05,2.7815266e-05
id_hg24k0g3jkj4.wav,3.496045e-05,6.7654478e-09,1.4208711e-09,4.1820495e-06,5.115e-08,1.7185698e-08,1.5775515e-11,0.999861,1.814244e-06,6.9495827e-06,5.005771e-05,4.097727e-05
id_0stlqxg50ium.wav,7.276778e-07,0.999879,2.6889595e-05,1.2932497e-06,5.44632e-05,3.4581344e-06,2.6619784e-06,4.3265795e-09,4.9240263e-08,1.849992e-05,1.281611e-05,1.8624668e-07
id_dyos7pnij1zc.wav,2.5001365e-05,3.914272e-09,8.218025e-10,2.6331475e-06,7.3332195e-08,1.1249824e-08,1.0774579e-11,0.9998783,8.129285e-07,8.183154e-06,4.4076594e-05,4.090836e-05
id_fx0rop6bu55g.wav,0.00023487871,0.0003920713,0.59441185,0.00046448724,6.88929e-05,0.008463339,0.0009971622,2.4432375e-05,0.34884652,3.5822177e-05,0.00027905323,0.045781467
id_e4sp157dvyk3.wav,6.014128e-07,0.9998969,2.2901631e-05,4.7431718e-06,6.284087e-05,7.2121173e-07,8.392816e-06,8.391944e-10,3.3978868e-08,6.5927793e-07,1.9333286e-06,2.7593464e-07
id_75bof7otgmfn.wav,6.0575408e-06,7.151635e-07,1.6417022e-09,0.9999573,1.1921579e-06,1.7590545e-06,8.763833e-06,9.298638e-06,9.723511e-06,7.962778e-09,1.2396329e-06,3.927799e-06
id_v2iaailb1ts9.wav,1.5392254e-06,1.5689224e-06,1.2792775e-07,1.1822923e-07,4.000164e-06,2.7168112e-09,2.3840827e-10,4.7023227e-06,5.8101864e-07,3.3515123e-06,0.999984,6.8529107e-09
id_q1xo5s271t3p.wav,5.0225976e-06,1.3471628e-06,2.6908617e-07,7.2121975e-07,8.077621e-06,1.2777789e-08,1.056728e-09,3.8516224e-05,1.4462682e-06,8.81612e-06,0.99993575,2.117457e-08
id_o8b2d8uq315e.wav,7.073483e-07,1.8171103e-06,5.0798284e-05,2.0274801e-05,3.08082e-08,0.9995515,0.00029260927,2.3955065e-06,6.4036714e-05,1.1386884e-05,1.5096548e-06,2.8771585e-06
id_rpyvy5qz1nem.wav,4.3086335e-08,1.5861284e-06,1.9804004e-06,6.7898577e-06,3.7588583e-05,1.5574917e-05,0.99993527,2.5974037e-10,2.2514465e-08,1.9488056e-09,4.3466977e-10,1.1665746e-06
id_vnv2lleaom6t.wav,0.1925186,3.1664215e-06,6.7347213e-07,2.9246876e-06,0.00040704352,6.5224663e-06,6.422407e-07,0.0019133235,1.2097963e-05,0.80510277,1.0454927e-05,2.1831502e-05
id_2dm5pi97k5pb.wav,2.905494e-05,8.493871e-07,3.6107192e-08,5.0486033e-09,5.387545e-06,3.5476655e-06,9.750481e-09,3.0482466e-05,3.552409e-08,0.9999298,7.0584343e-07,1.4430859e-07
id_okjcdazrxt1m.wav,1.4928464e-05,3.0142095e-05,2.7165595e-05,1.3310926e-06,2.4666879e-05,4.4270826e-07,3.8539955e-08,2.4831435e-05,4.8228754e-05,5.1623312e-05,0.99977595,6.3713884e-07
id_y8u2ssu5h9qn.wav,4.7460088e-07,0.9998678,8.3177576e-05,1.2929577e-06,1.8858076e-05,3.3655124e-06,1.7101648e-06,5.2807234e-09,6.5123864e-08,1.0365135e-05,1.2696624e-05,1.6165957e-07
id_2xcqg0qthxze.wav,1.7736642e-05,5.5953995e-05,1.5822697e-07,6.477395e-07,0.99989283,4.032825e-09,3.517035e-06,2.6261286e-08,5.28663e-09,2.215417e-05,6.925582e-06,2.1432406e-08
id_v2m29r5lft8c.wav,0.00027211168,5.34993e-09,4.1796704e-09,4.6880778e-05,1.0833351e-07,2.6339656e-08,8.286109e-11,0.99961495,7.4992063e-06,5.3680246e-06,3.605047e-05,1.6955224e-05
id_mjupolouwuwn.wav,9.454551e-06,4.4759052e-10,2.5698405e-10,2.2378451e-06,1.1324474e-08,1.1845235e-09,1.3091344e-12,0.9999459,5.3961185e-07,1.2572391e-06,3.512249e-05,5.4815428e-06
id_wywliv4601uc.wav,3.8263693e-06,4.3777717e-08,2.8096194e-06,2.0440699e-05,1.651111e-07,2.2739061e-06,1.4088882e-07,6.0022626e-06,0.9999223,3.871735e-08,6.899601e-06,3.5040368e-05
id_6ihvh5zv68gf.wav,5.1516214e-08,0.0001255765,0.99984443,7.036839e-08,7.080923e-07,3.8125763e-06,1.9783338e-05,1.2094372e-09,1.9615413e-06,4.1367525e-08,2.191853e-07,3.2794076e-06
id_yuvloc47l42m.wav,0.067993864,0.009821145,0.0036823011,0.30733874,0.0025805717,0.0012155666,0.0027879465,0.21127923,0.2893074,0.0021058826,0.07337111,0.028516227
id_nq7p9c1veb00.wav,5.0607863e-08,1.0532019e-06,3.6404613e-06,1.0764329e-05,2.3548571e-05,2.854289e-05,0.9999305,5.008322e-10,4.1927954e-08,1.9791229e-09,8.4169127e-10,1.8286195e-06
id_rchtgjtjygmj.wav,2.1197862e-05,1.3089799e-09,8.9556457e-10,7.17682e-06,1.7454795e-08,6.6219474e-09,8.856552e-12,0.9999217,1.9139911e-06,1.7571291e-06,3.2735472e-05,1.358104e-05
id_acqhi6st8drh.wav,3.920558e-08,3.8266357e-06,2.259211e-05,3.3984693e-06,4.92537e-05,1.6251364e-05,0.9999013,3.4138076e-10,4.904733e-08,1.141883e-09,7.599519e-10,3.2795313e-06
id_mdsis8l4hlgt.wav,5.902879e-07,1.4980773e-07,1.7100433e-06,3.3344543e-06,5.758097e-08,4.2133786e-07,7.0458873e-07,1.6299731e-05,2.319814e-05,1.8875456e-08,4.5069385e-07,0.99995303
id_nstwipf7a8it.wav,7.331925e-06,3.5976166e-06,3.893718e-08,3.4614915e-09,1.2899598e-06,1.392033e-05,1.1168463e-08,1.3842437e-05,2.9274116e-08,0.99995923,5.0039046e-07,2.2255911e-07
id_7hvgs4js0h1r.wav,7.124658e-07,1.3475461e-07,3.8532626e-06,2.9523173e-06,5.1604804e-08,5.9006544e-07,8.080991e-07,1.0167613e-05,4.845796e-05,2.0138163e-08,3.833124e-07,0.9999318
id_5r84zn34qrat.wav,1.4451358e-05,8.8195275e-06,5.1576873e-08,2.933068e-07,0.99995315,1.6231542e-09,1.9538415e-06,1.9245245e-08,2.283559e-09,1.9260846e-05,1.9082026e-06,6.29409e-09
id_l1y1hr5b1iaq.wav,2.9464098e-07,3.93798e-06,5.4870893e-06,0.0022261997,3.6062185e-05,0.0002807183,0.9974111,4.173091e-08,1.7518383e-06,1.1945394e-08,7.2065916e-08,3.438112e-05
id_ord6ylm8ns32.wav,0.9997687,9.868419e-07,2.1246627e-09,0.00018768148,2.1499067e-05,1.7215475e-08,2.3730246e-08,7.701973e-06,5.59272e-07,1.1810451e-05,2.9842377e-07,7.9919715e-07
id_goqla5esyrp3.wav,9.92083e-08,0.9999095,6.322838e-05,7.0868833e-07,2.1080095e-05,3.183039e-07,1.7489527e-06,3.432614e-10,1.8260769e-08,4.851805e-07,2.8352022e-06,5.3268135e-08
id_y3a4la9dakw2.wav,3.0779532e-07,1.5925797e-07,3.7835705e-06,1.5468269e-06,3.1891496e-08,3.704529e-07,1.0360767e-06,2.214071e-06,3.9068527e-05,7.991395e-09,2.2405533e-07,0.99995124
id_z2blz8e4wew3.wav,5.3478116e-06,7.7465054e-05,3.2886214e-07,4.5577588e-07,0.99989164,6.687394e-09,6.389783e-06,1.5259266e-08,5.1206985e-09,1.6025277e-05,2.3434018e-06,1.6834633e-08
id_ng2t8nqvi3cu.wav,0.99992514,6.8325784e-07,2.3966176e-09,1.5036003e-05,6.04574e-06,1.1716959e-08,8.367858e-09,1.6243632e-05,1.4563218e-06,3.4117427e-05,1.2824256e-07,1.1309227e-06
id_ldllg7b963k8.wav,1.4577543e-08,8.73441e-07,2.8071122e-06,1.5985888e-06,1.3843575e-05,1.4602025e-05,0.9999652,8.0989125e-11,1.28454145e-08,6.662699e-10,1.7582212e-10,1.01028e-06
id_w5e7dgkl0v0f.wav,1.3127376e-08,7.835905e-07,4.1091753e-06,9.44603e-07,7.941419e-10,0.99996495,2.4063094e-05,1.8969365e-07,2.6084908e-06,1.7673545e-06,8.9373394e-08,5.278573e-07
id_595am4enqevu.wav,0.00035546595,7.0759643e-09,7.5090005e-09,5.918576e-05,1.5956954e-07,2.5941912e-08,1.47738e-10,0.9995017,9.932022e-06,6.643885e-06,3.2177057e-05,3.4626253e-05
id_08yb1zjkmsqb.wav,7.2432945e-06,5.4449943e-06,1.262381e-07,2.6177602e-09,1.8979206e-06,8.62854e-06,7.35798e-09,8.451576e-06,3.7913743e-08,0.9999671,9.845343e-07,1.4115834e-07
id_swcr0lylg97j.wav,1.6412459e-07,8.59839e-05,0.9996458,1.2918788e-07,2.0859277e-06,1.3802104e-05,0.00023440842,3.4431578e-09,3.7351945e-06,4.5825658e-08,3.4434498e-07,1.3474653e-05
id_xsik018qv9ad.wav,3.009088e-07,1.2715873e-07,1.6948841e-06,2.7497176e-06,2.5268054e-08,4.1930002e-07,6.2122604e-07,5.2227165e-06,3.449591e-05,8.522802e-09,2.0733668e-07,0.9999541
id_o9o4n4o8cohs.wav,0.0012916549,6.307294e-05,1.6314778e-05,8.207131e-06,0.00058966817,0.00037340733,6.0294947e-06,0.0044805547,1.9440167e-05,0.9925654,0.0005482585,3.8085673e-05
id_s4f0xo0g6ghz.wav,2.3828776e-05,7.193038e-09,1.6519753e-09,3.4529812e-06,4.7018613e-08,1.1581082e-08,1.402563e-11,0.9998554,2.2301947e-06,3.1957188e-06,4.357468e-05,6.829276e-05
id_s1gvk3o622oj.wav,1.0724153e-08,6.669093e-07,2.0902633e-06,3.064464e-06,3.4379056e-05,3.3835454e-06,0.9999559,4.355258e-11,6.4535395e-09,2.0354494e-10,1.3581637e-10,4.3489172e-07
id_oe52lu0l5wpw.wav,3.5246595e-07,7.892519e-05,0.9997358,2.0000431e-07,1.7057013e-06,9.514753e-06,0.0001546728,5.9472938e-09,6.480607e-06,6.600306e-08,8.13305e-07,1.1413479e-05
id_d1bqyytmfp3n.wav,0.9999794,3.0897024e-08,1.4710042e-10,2.5707554e-06,4.4499816e-06,3.1586042e-10,3.9259937e-10,5.169765e-06,1.6054202e-07,7.982417e-06,7.303376e-08,1.1479396e-07
id_1bx8drgzvmoi.wav,3.2070006e-05,9.2476057e-07,1.9591804e-08,4.279568e-09,4.114516e-06,4.1142603e-06,1.3747377e-08,1.262655e-05,3.2035445e-08,0.99994576,2.92484e-07,9.992596e-08
id_f05ho6hsqxlr.wav,7.6656615e-05,1.8968523e-05,0.0003790322,0.00022564865,2.8271454e-05,2.5349886e-05,1.7118256e-05,1.7410397e-05,0.9977544,2.542575e-06,9.2916795e-05,0.0013617241
id_rqd86np3u6um.wav,1.4423503e-07,4.9585316e-05,0.99964607,1.3823949e-07,1.674138e-06,2.5216987e-05,0.0002626257,3.5830372e-09,4.343477e-06,3.222775e-08,2.6025197e-07,9.872269e-06
id_jlk9yk0xz8n5.wav,0.9999615,2.0296525e-07,5.919375e-10,7.2304997e-06,4.729783e-06,2.704316e-09,2.0790072e-09,7.8310395e-06,3.1289287e-07,1.7659424e-05,6.95883e-08,4.222759e-07
id_al7cg69ix5hs.wav,2.9067257e-06,2.0159001e-05,5.8379534e-05,6.619363e-05,0.00046082563,0.00013704853,0.99922824,2.347793e-08,9.0594597e-07,1.4913017e-07,3.2699056e-08,2.5236583e-05
id_3lf0rl2vuvo2.wav,1.5604605e-06,7.577295e-08,2.6042457e-10,0.99998724,2.2104543e-06,1.10595664e-07,6.7934493e-06,1.1468265e-06,2.9635603e-07,1.2948983e-09,3.3122726e-07,2.478659e-07
id_nmwysb9aih92.wav,1.6069849e-07,2.1207043e-05,4.6175115e-05,3.3627948e-05,1.8321303e-05,0.0017448065,0.99802196,1.7728551e-08,1.291164e-06,2.654294e-08,2.9742619e-08,0.00011239418
id_nskmomr8ydih.wav,9.44001e-05,1.3393161e-07,2.2041046e-07,5.0951076e-05,6.5333995e-07,5.5260045e-07,2.7953995e-09,0.9866044,0.0009534419,1.3740931e-05,0.000119507844,0.012161962
id_uoo4l0vi6x3p.wav,3.9746126e-09,1.2043281e-06,1.8328976e-06,1.8614703e-06,1.3297564e-05,2.5363647e-06,0.9999784,2.5324408e-11,4.6261435e-09,7.342494e-11,9.293864e-11,7.992856e-07
id_x0x5dr3tydnl.wav,3.119968e-06,4.2597144e-06,2.4902034e-08,8.391475e-07,0.9999883,2.6381952e-10,2.6483444e-06,3.681235e-09,6.467287e-10,3.3433813e-07,4.443959e-07,2.445188e-09
id_67xgoony3xgk.wav,2.237028e-05,1.382763e-06,4.711531e-08,2.3923454e-09,4.444499e-06,2.2070228e-06,4.1065693e-09,1.541067e-05,2.7427918e-08,0.9999529,1.1210576e-06,1.01418046e-07
id_lljp6mbk2sn2.wav,8.457799e-06,6.1852325e-06,2.0066066e-07,1.5615453e-06,1.21129615e-05,7.2090587e-09,1.2018995e-09,2.409736e-05,1.3601427e-06,5.9034764e-06,0.99994016,2.381231e-08
id_q3gojxxiyc23.wav,1.691403e-05,1.5352255e-09,3.9149461e-10,1.7953889e-06,2.3931747e-08,4.116454e-09,3.0004022e-12,0.99992704,5.78273e-07,3.873091e-06,3.5337933e-05,1.4502312e-05
id_iwh7url63l7t.wav,0.9998863,1.2927381e-07,1.1021337e-09,3.861411e-06,7.4548725e-06,4.5582604e-09,4.597342e-09,1.38757105e-05,2.7497762e-07,8.775467e-05,6.3862274e-08,4.088177e-07
id_tyn1zy9apmut.wav,6.594037e-06,3.011405e-06,1.1590661e-08,7.445089e-07,0.99998605,4.9112947e-10,1.6769786e-06,6.017091e-09,8.3325913e-10,1.1482806e-06,7.7971123e-07,2.5959124e-09
id_pqfotax90ao0.wav,3.567456e-08,1.4403383e-06,8.946254e-06,1.8663608e-06,4.351418e-05,1.653754e-05,0.9999261,2.3883046e-10,2.7238565e-08,2.2545703e-09,5.178864e-10,1.5784633e-06
id_o3kdutdq4o8d.wav,1.2095162e-06,3.0899056e-07,1.6594846e-05,7.5436687e-06,1.1374729e-07,1.3606027e-06,1.7123215e-06,1.4185865e-05,0.00034917035,6.212613e-08,7.286102e-07,0.999607
id_0m4t6a955rgs.wav,3.3506885e-07,2.7769327e-06,2.0349125e-06,4.9626153e-05,2.2050628e-08,0.9998093,5.0035556e-05,6.6833663e-06,5.7541984e-05,6.4394785e-06,1.630007e-06,1.3518511e-05
id_r4aanqsjvykk.wav,1.1264304e-06,0.0021912872,0.7821599,8.696079e-06,0.00016718284,0.00077829877,0.21450503,3.170428e-08,9.871329e-06,2.2469665e-07,2.7697791e-07,0.00017813295
id_l94ipa927mqm.wav,0.99996567,6.258427e-08,2.4317368e-10,5.5321307e-06,8.5942e-06,6.966807e-10,8.0977774e-10,5.85344e-06,8.5028354e-08,1.3961289e-05,8.59752e-08,1.5096774e-07
id_mx5zxx8px3vo.wav,4.1213698e-05,5.2923497e-06,1.5488571e-07,9.7029e-09,3.448165e-06,8.854637e-06,1.1354208e-08,4.95918e-05,1.1483146e-07,0.9998864,4.17197e-06,7.449531e-07
id_5rt2ny1fbe4l.wav,2.1277746e-07,2.6016206e-08,1.4871562e-06,8.461237e-07,1.7807757e-08,7.900008e-08,2.2410363e-07,3.696552e-06,3.1516218e-05,4.920554e-09,1.4178686e-07,0.99996185
id_qclg3tx84l03.wav,1.1206135e-06,3.6972722e-06,6.8867145e-08,1.9047933e-07,6.909799e-06,1.1322144e-09,2.2548782e-10,2.263596e-06,1.632628e-07,2.4355672e-06,0.9999831,3.534564e-09
id_aixllwkqtf7b.wav,1.7222793e-07,0.99990904,4.10262e-05,7.8114863e-07,7.2449393e-06,6.220031e-07,1.4822103e-07,3.3890912e-09,7.368497e-08,3.1073296e-06,3.7766502e-05,2.6537139e-08
id_3lju1pofwqti.wav,0.00022000384,7.1532086e-05,6.3374704e-05,6.539174e-05,9.607389e-05,1.6413459e-06,2.5016737e-07,0.0007775121,0.009442763,4.6902136e-05,0.98919827,1.642861e-05
id_mq47qi9b5ysm.wav,2.0819056e-05,1.8698826e-06,3.207186e-08,4.3201034e-09,1.7022537e-06,6.7725796e-06,7.3773787e-09,2.686046e-05,3.818702e-08,0.99994123,3.7563825e-07,3.5804229e-07
id_qddavgioqjpx.wav,1.25595325e-05,0.9738824,0.0113130165,1.2935903e-05,2.3190662e-05,0.0011141906,5.48779e-06,4.4097696e-06,7.22171e-05,0.002936764,0.010595495,2.7354561e-05
id_19uj3f5rbnmj.wav,1.0514456e-07,0.999928,4.7182915e-05,8.1581305e-07,1.8348139e-05,4.1749192e-07,1.2602201e-06,5.489652e-10,1.9867667e-08,5.165786e-07,3.1782279e-06,5.9141158e-08
id_5sjgq2ox8chd.wav,1.3238315e-05,7.820586e-06,2.4297327e-07,7.830201e-09,8.744203e-06,8.471625e-06,1.2880993e-08,2.8973132e-05,7.086641e-08,0.9999255,6.5671616e-06,2.9115589e-07
id_v0kjwee7y5iq.wav,6.5937144e-08,3.76125e-05,0.0005414535,2.3408238e-06,8.766879e-05,7.202627e-05,0.99924797,9.831214e-10,1.7532922e-07,7.738633e-09,2.8615117e-09,1.0607039e-05
id_7myk9df4dby7.wav,0.99994826,3.791397e-08,3.2166764e-10,1.8435902e-06,4.275318e-06,1.0087594e-09,9.766123e-10,9.690595e-06,1.6907613e-07,3.5577385e-05,4.8193957e-08,1.9626384e-07
id_17wi2lvd3op2.wav,3.1924951e-06,4.7311337e-06,1.5762039e-07,5.353114e-07,1.0779399e-05,3.1922802e-09,9.169424e-10,6.2169706e-06,5.214299e-07,4.284638e-06,0.9999696,1.3006635e-08
id_ftqms3vt7g93.wav,1.4814759e-05,1.1910635e-05,2.884534e-07,8.521183e-09,8.280407e-06,9.886099e-06,1.1295777e-08,3.3107703e-05,7.9877566e-08,0.999913,8.227016e-06,3.0142633e-07
id_jzqrzysokkzu.wav,2.2624608e-06,6.173924e-06,1.5041766e-07,3.539199e-07,6.977536e-06,4.23042e-09,6.7443995e-10,4.8558177e-06,3.0612452e-07,6.234672e-06,0.9999727,7.857801e-09
id_vjn365se6gq3.wav,4.0319415e-07,1.6466534e-07,1.7620221e-06,2.2157878e-06,2.4986532e-08,3.245579e-07,9.919715e-07,2.665638e-06,8.7198605e-06,4.830501e-09,1.744896e-07,0.9999826
id_3p6rr6oqrtny.wav,0.00012242621,1.5215335e-08,1.87084e-08,1.8692092e-05,2.8330413e-07,2.261162e-08,8.7286116e-11,0.99941194,1.1703942e-05,1.6738617e-05,0.00039295372,2.5188127e-05
id_dd2je2dyt78i.wav,4.2579295e-06,4.5335064e-06,4.180367e-08,9.0057677e-07,0.9999851,5.6607574e-10,3.2094995e-06,6.4513284e-09,1.6034629e-09,1.2536283e-06,6.503124e-07,3.2001268e-09
id_a2m86sy73aav.wav,1.5944254e-08,8.102843e-07,2.9494377e-06,1.1448918e-06,5.60945e-10,0.999982,5.556962e-06,3.034457e-07,3.8123665e-06,2.8399813e-06,2.2226745e-07,3.7700804e-07
id_t72s1d3u18v2.wav,2.7442226e-08,3.9017127e-07,3.7309865e-06,2.2944348e-06,6.436043e-10,0.9999633,2.2010712e-05,3.514455e-07,6.0082357e-06,1.3810287e-06,1.3140675e-07,4.022519e-07
id_uqfoh084iga4.wav,1.1978337e-05,3.1846709e-10,1.1811331e-10,1.0362143e-06,6.3991203e-09,1.1208265e-09,5.9112795e-13,0.9999639,5.1003155e-07,1.1101287e-06,1.7845221e-05,3.6819622e-06
id_69mncytnorks.wav,1.3986827e-05,4.0546126e-07,8.081602e-06,0.00031480135,8.0643906e-07,4.088129e-05,5.380649e-06,1.17621275e-05,0.9995178,1.9705183e-07,1.5362317e-05,7.055278e-05
id_ro3epvxvmpp9.wav,7.78458e-08,0.99996006,1.1930944e-05,4.4377222e-07,2.4226187e-05,1.1252854e-07,5.85096e-07,1.8334685e-10,5.9236958e-09,3.351817e-07,2.1450126e-06,2.068413e-08
id_99rn2sqfnfp1.wav,1.332278e-05,7.9851577e-07,1.1828706e-09,0.9999571,2.5371453e-06,1.0856448e-06,1.8043833e-05,3.528799e-06,1.5319891e-06,1.1741609e-08,5.121571e-07,1.6760905e-06
id_nmjpl6ibm3ps.wav,0.17950591,0.06775406,0.006544935,0.09692358,0.015831063,0.117137484,0.028770741,0.10133261,0.08597417,0.10213187,0.012723894,0.18536964
id_gla1fe7ozhy5.wav,1.1939564e-08,4.7980694e-07,2.526897e-06,1.0083447e-06,3.3919909e-10,0.9999827,8.236791e-06,1.7401966e-07,3.0637746e-06,1.3655333e-06,1.01304494e-07,2.8880686e-07
id_0vr00r74m0ii.wav,6.409302e-05,0.06233346,0.00034640412,3.386696e-05,0.93325365,4.101517e-06,0.00037980976,2.0509335e-06,1.2903522e-06,0.00035410404,0.0032148,1.250542e-05
id_pgn88360xo66.wav,3.793432e-06,1.0718071e-05,4.8039574e-08,6.602932e-07,0.9999746,1.8957718e-09,6.687781e-06,4.7647886e-09,1.4028331e-09,2.9925955e-06,4.5755712e-07,5.9006875e-09
id_2zq6xffb3far.wav,1.4425953e-07,0.99988353,7.298162e-05,1.5417106e-06,3.662963e-05,1.7727632e-07,2.9563757e-06,2.3999566e-10,1.9373319e-08,2.2436492e-07,1.7158541e-06,5.597832e-08
id_proq1yvo0824.wav,2.855344e-08,7.953163e-07,3.92465e-06,1.944709e-06,1.056371e-09,0.9999734,7.573478e-06,4.896284e-07,7.205e-06,3.6153083e-06,2.740379e-07,6.6662335e-07
id_lgpvx3a1ujuo.wav,5.8887523e-05,4.461743e-10,3.7387562e-10,2.817754e-06,2.2372983e-08,1.2907846e-09,2.4247089e-12,0.9999143,1.1326352e-06,1.972523e-06,1.3200988e-05,7.6031924e-06
id_eiv8zdskep1i.wav,1.2439898e-07,4.1284464e-05,0.99990547,6.526671e-08,4.2755119e-07,8.2731385e-06,3.6412053e-05,1.6919388e-09,2.9009034e-06,5.496952e-08,4.0132673e-07,4.640239e-06
id_2ufmqy10mswf.wav,0.9999752,3.291367e-08,1.7157903e-10,2.28235e-06,4.302962e-06,5.974025e-10,8.904446e-10,3.6998426e-06,1.283503e-07,1.4216218e-05,3.7151025e-08,1.296001e-07
id_4auex3fr26n2.wav,9.830875e-06,5.0138938e-06,2.6699254e-08,1.0652171e-06,0.99997985,5.053594e-10,2.015694e-06,8.7243395e-09,1.0075991e-09,1.3384767e-06,7.495489e-07,3.4333543e-09
id_35rrjvybswe3.wav,8.005462e-06,9.057166e-06,1.5417193e-07,1.5564912e-05,0.9998573,9.097016e-09,0.00010831643,1.6047121e-08,9.740945e-09,6.4866356e-07,8.746462e-07,3.2670755e-08
id_j1z81utc0o30.wav,7.67122e-07,8.3352326e-08,6.1363585e-06,4.0335817e-06,7.211425e-08,1.768764e-07,5.0445243e-07,1.698258e-05,0.0004828664,2.5172397e-08,5.654078e-07,0.99948776
id_gqaxta8521sd.wav,0.31515265,0.01968251,0.019242639,0.06538785,0.011322744,0.009332619,0.015213567,0.049475536,0.26308033,0.018584583,0.025299616,0.18822542
id_t44ld1ervfh2.wav,1.6378237e-05,3.0084527e-06,1.6701929e-08,7.3779006e-06,0.99994457,4.534393e-09,2.6843521e-05,9.149563e-09,2.3520037e-09,1.3575103e-06,4.608954e-07,9.845262e-09
id_j18u6n9vbi9l.wav,0.0001242116,0.017763982,0.0008646339,2.1505124e-05,0.00024175063,2.6165055e-05,1.9257452e-06,8.657832e-05,0.00015087235,0.0017336451,0.97897685,7.869372e-06
id_cvxrs12htjgv.wav,1.0107736e-07,0.9999449,4.184182e-05,6.617241e-07,4.873256e-06,5.3903733e-07,4.343195e-07,7.1364714e-10,3.1142317e-08,1.1172991e-06,5.4237184e-06,3.7929034e-08
id_qi2mcar0hg4t.wav,1.3146216e-07,0.0002472663,0.9996057,1.8476264e-07,5.7424886e-06,1.2119586e-05,0.00011594853,4.423472e-09,3.8418834e-06,6.337204e-08,3.8353033e-07,8.599681e-06
id_jl295he2ep7i.wav,0.99996877,2.2737906e-08,1.2977246e-10,2.1146132e-06,1.002313e-05,2.7765887e-10,6.3678207e-10,4.478143e-06,6.616568e-08,1.4280358e-05,7.183354e-08,1.0158014e-07
id_ilg3wtq2p6g5.wav,0.9973544,4.0572913e-06,5.070704e-08,6.133149e-06,0.00019474748,6.501358e-08,5.9277568e-08,0.00011901598,1.941609e-06,0.002311463,2.493955e-06,5.620316e-06
id_vzp0ch3apdyg.wav,4.1905214e-08,1.286271e-06,2.2584427e-06,6.1474907e-06,2.8644145e-09,0.99988973,9.068649e-05,7.232321e-07,5.5292526e-06,1.5179685e-06,1.9303772e-07,1.8359083e-06
id_2h75a3mrb5or.wav,1.1657857e-07,0.99985826,0.00011777502,8.9579277e-07,1.23996e-05,5.772178e-07,8.631745e-07,9.931501e-10,4.3922196e-08,8.444046e-07,8.081627e-06,5.758243e-08
id_ttj5w6fexn5b.wav,1.4574813e-05,0.00034967434,0.97307736,1.3595394e-05,7.75201e-06,0.021815144,0.0023863143,9.948438e-07,0.0009332459,1.5951251e-05,2.6137172e-05,0.0013592311
id_7ig3h67336nd.wav,1.3862082e-05,5.151113e-06,4.1948834e-08,4.3086115e-07,0.99996686,1.1861603e-09,2.6710218e-06,1.4575704e-08,1.7529879e-09,1.001476e-05,9.314663e-07,5.460346e-09
id_22ohnk9xo0g3.wav,1.6665462e-06,5.1217338e-08,1.5775181e-10,0.9999883,4.1566256e-07,3.9009214e-07,3.8610838e-06,3.0913159e-06,1.1256761e-06,1.4962368e-09,2.1945571e-07,9.768403e-07
id_f4gac30b2c1e.wav,2.5103667e-08,7.662826e-07,1.2533347e-06,2.3677705e-06,9.575442e-10,0.9999732,1.406377e-05,6.814191e-07,4.1128237e-06,2.4263234e-06,1.6083402e-07,9.19769e-07
id_nvb8mk8mypcr.wav,2.2572243e-07,7.134392e-05,0.99986184,1.2814557e-07,9.307558e-07,5.5071855e-06,4.5627028e-05,3.182368e-09,5.0579683e-06,5.8557077e-08,6.2852143e-07,8.676075e-06
id_xqe1nqa1t4ip.wav,5.069611e-07,1.0601313e-08,6.840774e-07,1.6026455e-05,2.38344e-08,5.331666e-07,6.290917e-08,9.740975e-07,0.99995184,3.1972875e-09,3.763569e-07,2.8993465e-05
id_4nf1wq74g81b.wav,4.3290247e-06,2.3985521e-08,1.6142002e-10,0.9999666,1.4869604e-06,5.131939e-08,1.0359751e-06,2.2938248e-05,7.189785e-07,1.8731345e-09,1.7594232e-06,1.005091e-06
id_hsjtbtlmkl8i.wav,0.99995065,3.154864e-07,1.212705e-09,1.0608628e-05,4.4652643e-06,3.643662e-09,2.5056257e-09,1.6898048e-05,9.868437e-07,1.5302685e-05,1.1335814e-07,6.856965e-07
id_m0bfpb44o6k8.wav,2.9883433e-06,3.536394e-06,1.5359564e-07,3.3410217e-07,6.2659306e-06,3.3504692e-09,4.6485063e-10,9.141654e-06,5.332424e-07,5.193069e-06,0.99997187,1.10457306e-08
id_dpdlnv7d5kkr.wav,1.1670609e-05,3.7541133e-05,3.851022e-06,1.1048683e-06,2.101399e-05,9.733255e-08,1.4234832e-08,1.6795055e-05,5.937689e-06,3.9514798e-05,0.9998623,1.223397e-07
id_af2gwe4yn6x3.wav,1.2856544e-08,5.072495e-07,2.441082e-06,4.2995935e-06,8.865528e-06,1.5776366e-05,0.99996734,1.2970869e-10,1.3345507e-08,4.2174086e-10,2.3679725e-10,7.4242325e-07
id_73wydpkv6m6e.wav,4.5019402e-07,0.0023139222,0.9970681,7.859756e-07,4.3028784e-05,1.4249298e-05,0.00049127184,2.025389e-08,1.3632612e-05,3.0695762e-07,1.6600827e-06,5.266756e-05
id_mg98epkgth3k.wav,1.0637332e-05,6.1520274e-07,2.241792e-05,0.00010271892,1.345446e-06,2.2505712e-06,2.7448718e-06,2.0449685e-05,0.9942008,2.4549098e-07,3.868111e-06,0.005631851
id_eiyawykk5f98.wav,1.3192529e-06,1.2657878e-07,1.7784241e-10,0.9999919,6.205993e-07,1.9582275e-07,2.607688e-06,1.7584697e-06,7.1137544e-07,1.0887895e-09,2.6592198e-07,5.146913e-07
id_s620lduhlt9b.wav,8.350361e-08,1.05351084e-07,1.630783e-06,2.398157e-06,1.4619596e-08,3.2723898e-07,1.7202899e-06,1.3451364e-06,1.6902639e-05,1.4579518e-09,1.3291842e-07,0.9999753
id_qaqta9fv7he7.wav,0.078656845,0.19129886,0.0024579694,0.05994425,0.0038050828,0.001359969,0.00049357675,0.003234741,0.5531513,0.0022030566,0.10205436,0.0013399493
id_gm9uvmjnujze.wav,5.0326e-08,9.84665e-07,4.618381e-06,5.6457993e-06,3.1607862e-05,2.0195588e-05,0.99993587,3.364185e-10,2.6961008e-08,1.8801678e-09,5.0212523e-10,9.692938e-07
id_eyf3qqzixkgf.wav,1.0560239e-05,2.31654e-06,1.3484091e-08,2.0784767e-06,0.9999622,2.675541e-09,2.0872814e-05,4.912979e-09,1.3820105e-09,1.5999873e-06,2.5744737e-07,7.2904704e-09
id_qeuz75qqdets.wav,1.740697e-05,3.130756e-06,7.7402717e-07,1.1560833e-06,3.7983766e-06,1.630826e-07,3.2354903e-09,0.00011817226,6.3447437e-06,4.8992042e-05,0.9998,6.360586e-08
id_y8gf6hywcxak.wav,8.012466e-07,0.99993217,2.3897468e-05,7.1370414e-06,1.841135e-05,6.411012e-07,1.393372e-06,3.3727772e-09,1.0735938e-07,9.813735e-07,1.4235509e-05,1.227709e-07
id_n82wf8vtu8kx.wav,0.031410962,0.021693043,0.01921417,0.042929612,0.0074108285,0.218678,0.011974828,0.04115948,0.45448875,0.039031528,0.06732869,0.044680122
id_9jdwrw7u14nk.wav,0.99994195,1.14642845e-07,7.995891e-10,6.6471985e-06,6.3762127e-06,2.6351172e-09,2.139175e-09,1.3843544e-05,2.4145317e-07,3.033352e-05,6.7318226e-08,3.4172544e-07
id_aq3su88twjv2.wav,2.1738415e-06,4.2878426e-08,1.4575258e-10,0.9999906,8.800771e-07,1.4140296e-07,3.4864838e-06,1.5445938e-06,4.798112e-07,1.1184327e-09,1.4963729e-07,4.2335273e-07
id_8h1l8z3z7qwl.wav,1.2144529e-08,1.447835e-06,5.0218046e-06,1.972905e-06,1.9286214e-05,7.499827e-06,0.99996376,8.6021155e-11,1.2469124e-08,3.9019693e-10,2.0885538e-10,9.669923e-07
id_shwwu8vp7frb.wav,0.0016624663,2.3151779e-05,3.721612e-05,0.011037148,9.874207e-05,7.703876e-05,8.084013e-06,0.9528954,0.003717604,0.00019109949,0.0042811073,0.025970923
id_o6p3t1s8iyci.wav,4.4555443e-07,5.362951e-08,1.2951351e-06,1.8198334e-06,4.4148692e-08,1.2078763e-07,2.7335548e-07,9.842327e-06,3.6610767e-05,1.0994635e-08,2.3379214e-07,0.9999492
id_rep7e46betbe.wav,5.497238e-06,0.00014139405,1.0092674e-05,3.0076546e-07,4.6060257e-05,4.6146081e-07,1.3085267e-08,6.5885747e-06,1.9200634e-06,0.0002486136,0.9995389,8.054012e-08
id_4bsednm7vyyc.wav,2.4541228e-06,3.9182658e-05,3.9973457e-07,3.548267e-07,5.5513214e-05,1.1195426e-08,2.1009399e-09,5.812374e-06,4.789076e-07,1.2473801e-05,0.9998833,3.0013304e-08
id_366jn9zuf9wt.wav,2.591679e-05,1.935534e-07,1.3809453e-05,4.429185e-05,7.639068e-07,9.293204e-07,6.6302437e-07,6.0950977e-05,0.9997614,1.5356565e-07,1.6361873e-05,7.452907e-05
id_2czf5hv3j4tp.wav,1.9877536e-05,3.0989633e-10,1.3834411e-10,1.6675174e-06,1.1989264e-08,1.1318274e-09,9.350863e-13,0.9999597,3.4952694e-07,1.3376841e-06,1.1902893e-05,5.1439033e-06
id_20w1gxv3xqja.wav,0.0059633222,0.5160796,0.032003894,0.0066910614,0.005825321,0.002081003,0.0034986741,0.0007649696,0.005144837,0.0024495958,0.4181103,0.0013873492
id_ayzmscol0z5b.wav,1.2922184e-06,1.7652308e-08,5.873045e-07,1.8499702e-05,4.830821e-08,1.243409e-06,7.8320035e-08,1.8513405e-06,0.999951,1.1435402e-08,1.3092974e-06,2.4041474e-05
id_lrhr1fp5ydpv.wav,9.53225e-05,0.0051074894,4.9762162e-05,0.002772049,0.91647166,5.4194147e-06,0.07545124,2.7420722e-07,6.178435e-07,2.2736208e-06,1.8058154e-05,2.5815456e-05
id_6szv219ilrvt.wav,5.347801e-07,4.667634e-05,0.99982244,2.300881e-07,8.649745e-07,1.7590864e-05,7.704543e-05,9.34197e-09,1.1045339e-05,1.5989042e-07,1.2718765e-06,2.2243088e-05
id_1c4o14emghy8.wav,1.3645889e-08,1.7299378e-06,3.166385e-05,3.3671776e-07,9.0178465e-10,0.99992704,3.316894e-05,6.730862e-08,1.9710517e-06,3.4594946e-06,9.10967e-08,3.8435934e-07
id_lq7llv1kte96.wav,3.5019722e-05,1.1439278e-09,9.670503e-10,9.643842e-06,2.306545e-08,5.3373848e-09,8.335596e-12,0.9999089,1.9281265e-06,1.9568097e-06,3.4431283e-05,8.064212e-06
id_x9snls0muxkh.wav,2.0917246e-07,6.558829e-05,0.99986947,1.064163e-07,9.836705e-07,7.1118297e-06,4.3825097e-05,2.9315221e-09,4.477071e-06,7.694804e-08,6.265292e-07,7.4957734e-06
id_ad7rmxekezzf.wav,2.0889906e-06,4.4782587e-06,4.3230128e-07,2.5431353e-07,7.2636713e-06,1.7502025e-08,1.1386109e-09,6.78523e-06,5.5119176e-07,1.3106931e-05,0.99996495,1.2314846e-08
id_bk2j015i7zk5.wav,4.4919076e-07,4.552931e-05,0.9998597,2.0138198e-07,1.1461499e-06,1.744582e-05,4.7873196e-05,7.459079e-09,1.2999038e-05,1.5410379e-07,1.7277622e-06,1.2660721e-05
id_uxsbxn4r0kl6.wav,2.6526893e-08,1.5657287e-06,2.9392308e-05,6.6310594e-07,1.6840136e-09,0.9999062,5.333504e-05,1.5004878e-07,2.9536948e-06,5.083281e-06,1.3904426e-07,4.1189088e-07
id_r1icin2t52qx.wav,8.2061815e-06,2.8657073e-06,4.8143892e-08,2.1592257e-09,1.2829369e-06,7.927993e-06,6.24415e-09,9.738355e-06,3.0460086e-08,0.99996936,5.038774e-07,1.3505482e-07
id_jm6h8gqin33x.wav,2.3625043e-05,1.815753e-09,5.776814e-10,2.4295227e-06,2.855852e-08,4.449349e-09,4.9540467e-12,0.9999187,8.242459e-07,3.2521336e-06,2.0802514e-05,3.0278623e-05
id_rwqgevnobrkc.wav,7.164735e-08,0.99996924,2.0376083e-05,4.5656915e-07,5.5410205e-06,1.815826e-07,3.000382e-07,2.416833e-10,1.1465729e-08,5.0031963e-07,3.1959332e-06,1.4660975e-08
id_ybx36jct7wpm.wav,0.99995613,6.8514815e-08,5.133671e-10,5.621291e-06,5.3907706e-06,1.9249662e-09,2.049194e-09,9.828655e-06,3.5278646e-07,2.2163751e-05,7.656424e-08,2.9179915e-07
id_ynit7cd7f4jp.wav,2.1509395e-05,2.7521667e-09,8.262856e-10,2.0843e-06,5.5885142e-08,3.8825467e-09,6.6639723e-12,0.9998789,9.849499e-07,3.5626979e-06,4.9596536e-05,4.322208e-05
id_tzzh4jowrytj.wav,0.00023442617,0.000340264,0.01799572,0.0005914749,0.00012832503,0.00063174585,0.00347912,0.00011532617,0.030074254,2.178138e-05,0.00024930036,0.9461383
id_p9rscpr0fzrp.wav,2.482858e-07,3.30572e-06,1.1817133e-05,3.6158912e-05,0.00015315326,3.4424454e-05,0.9997516,4.6359045e-09,2.2316705e-07,9.783111e-09,8.107484e-09,9.059594e-06
id_44ooj502usaq.wav,1.5951986e-05,1.0222313e-09,3.497018e-10,1.6641462e-06,2.246142e-08,2.5872704e-09,2.452796e-12,0.99993587,6.20519e-07,2.5929137e-06,2.888154e-05,1.4399891e-05
id_8yceuwbm7ack.wav,0.0073043187,9.6662625e-08,1.0865667e-07,0.00015471701,6.8120585e-07,1.3664754e-07,1.0893212e-09,0.99216264,0.00020945232,3.109999e-05,5.041431e-05,8.6347354e-05
id_tyyudt6ey3eq.wav,1.8529775e-07,6.905018e-05,0.99986446,1.2370913e-07,7.919941e-07,4.5628694e-06,4.2846597e-05,2.7842653e-09,4.859726e-06,4.9880445e-08,4.3003834e-07,1.2611024e-05
id_f7d6gcq8dacq.wav,8.857981e-05,2.4329429e-05,7.227108e-07,3.3515857e-08,1.8629133e-05,8.596391e-06,2.6209085e-08,5.2130326e-05,2.965561e-07,0.9997991,6.5968043e-06,9.990107e-07
id_t07xo591vdto.wav,1.4554868e-06,9.142034e-08,2.6164005e-06,3.0349114e-05,1.6283425e-07,7.318549e-07,2.6797406e-07,1.6227903e-06,0.99984944,1.1070404e-08,6.3935084e-07,0.000112578295
id_5o9h1sfbwou9.wav,4.746815e-05,4.16039e-06,6.53455e-05,2.8298124e-05,2.03832e-06,1.0655799e-05,1.1922178e-05,0.00023205664,0.00021152126,1.3708708e-06,1.0281756e-05,0.9993749
id_5k085p4a2llq.wav,1.7044484e-06,3.1467712e-06,7.8976505e-09,4.3749276e-07,0.99999,5.1262716e-10,4.09605e-06,1.4515276e-09,4.1886758e-10,5.178971e-07,2.3426055e-07,2.0675628e-09
id_h7dnl3e7ihrc.wav,3.8519033e-06,3.3026947e-06,1.1733486e-08,4.7190696e-07,0.9999862,7.145674e-10,4.489506e-06,2.4851152e-09,7.2897927e-10,1.3850145e-06,2.545082e-07,3.2783258e-09
id_6h7hslslhz6a.wav,1.6869857e-06,3.196397e-08,1.0796789e-06,1.2693871e-05,6.918764e-08,6.0364124e-07,7.672791e-08,1.6396452e-06,0.9999571,9.299208e-09,7.047831e-07,2.4317733e-05
id_i5qzqf3fw71s.wav,1.5206674e-05,2.808801e-09,2.4260158e-09,9.864089e-06,5.7844545e-08,4.1429837e-09,2.4596767e-11,0.9998242,3.2396433e-06,1.4668947e-06,5.9371825e-05,8.659418e-05
id_87ozmo8vxeay.wav,5.042325e-05,3.684253e-06,4.08094e-08,1.5836846e-06,0.999925,2.564759e-09,6.5250942e-06,3.0228332e-08,4.5592543e-09,1.1537721e-05,1.0421776e-06,1.1423922e-08
id_w9yhpaq7r6wy.wav,1.4987459e-05,1.3781487e-06,3.457206e-08,2.4880702e-09,1.85639e-06,4.08295e-06,5.521015e-09,1.1604286e-05,2.7863326e-08,0.9999653,6.307519e-07,1.1905229e-07
id_9d0xuj83rvhz.wav,5.3462118e-05,3.874932e-06,8.689106e-08,1.1130841e-08,2.8725754e-06,9.235068e-06,9.246273e-09,8.42208e-05,1.251711e-07,0.99984264,2.5955787e-06,8.1312436e-07
id_h8nzexy9icie.wav,3.4894776e-06,4.3130802e-07,1.8283571e-09,0.99992585,6.81409e-07,1.700699e-06,1.6838816e-05,8.773852e-06,9.261556e-06,4.6253534e-09,5.604904e-07,3.2329182e-05
id_c2fb4tbe8j8i.wav,5.1870582e-08,2.760799e-06,2.1634522e-05,3.0537087e-06,5.5670113e-09,0.99974364,0.00021915621,3.2565438e-07,5.5301534e-06,1.9026644e-06,1.9581579e-07,1.6918323e-06
id_mhwb3h0ymqwd.wav,1.8601081e-06,0.00027451452,0.998836,1.2612627e-06,3.903744e-06,0.00024880885,0.0005714181,7.1795974e-08,2.3226077e-05,1.321671e-06,4.793118e-06,3.2765172e-05
id_j3x7wv8s6jib.wav,1.00338955e-08,4.712117e-07,3.2138307e-06,7.1457936e-07,3.626169e-10,0.9999833,7.648131e-06,1.3203963e-07,2.843904e-06,1.2841543e-06,8.329779e-08,3.3219334e-07
id_l9blzoau8rkr.wav,1.1781063e-08,4.8652913e-07,3.4060752e-06,3.91696e-06,1.5110813e-05,8.191752e-06,0.9999682,1.1371705e-10,1.2882108e-08,3.0997108e-10,2.6542835e-10,6.9135484e-07
id_s2zd3l8flb6r.wav,5.149775e-06,4.208659e-06,1.8176249e-07,1.2642726e-06,0.9998703,3.613784e-08,0.00011194929,2.1350607e-08,8.031056e-09,6.0458933e-06,8.63371e-07,1.5924694e-08
id_h4azpwzowgxy.wav,0.0035869707,5.907232e-05,0.0020573896,0.0043082354,0.00020845857,5.3675692e-05,0.0001639334,0.021266961,0.95703524,7.329296e-05,0.0058604074,0.0053263856
id_ci697itfcqh1.wav,0.00014728696,0.010044387,0.98292875,5.41747e-05,0.0003132559,0.0018624002,0.0018175435,1.4015812e-05,0.0009216886,0.000513214,0.00048335604,0.00089986523
id_s257bjdc2s5y.wav,1.577672e-05,7.814204e-07,1.634051e-08,1.8781707e-09,1.3748955e-06,3.747514e-06,5.500407e-09,1.190005e-05,2.1895149e-08,0.999966,2.4400484e-07,1.031323e-07
id_ak1smox18epv.wav,2.715259e-07,7.056144e-05,0.99986064,1.210097e-07,8.2148995e-07,1.2826073e-05,4.0178784e-05,4.307677e-09,5.7159855e-06,1.6083403e-07,9.547863e-07,7.691773e-06
id_galxjnlftahx.wav,1.0449033e-06,1.682561e-08,9.0266605e-07,7.7362465e-06,5.480115e-08,2.6111323e-07,5.0406673e-08,1.0265661e-06,0.9999659,5.192604e-09,5.9854756e-07,2.2355918e-05
id_261a281m6rs1.wav,5.6239384e-07,1.3435152e-07,4.2343618e-06,2.0610019e-06,3.449995e-08,6.721351e-07,9.0341183e-07,5.171401e-06,3.704679e-05,1.5800895e-08,3.080089e-07,0.99994874
id_uhw37ku1gw9v.wav,1.8493027e-07,5.0165676e-05,0.999902,7.778043e-08,6.271899e-07,5.03411e-06,3.18539e-05,2.0684143e-09,3.7961677e-06,5.769445e-08,5.77774e-07,5.522106e-06
id_pm0v2z2jpfc6.wav,0.15381809,0.010367508,0.00016505363,0.7417943,0.0013936957,0.00020671941,0.0030038296,0.0067173927,0.0066031627,0.00020184816,0.0009038877,0.07482452
id_m9o9tioryms2.wav,0.00078388327,4.5525676e-06,1.3152885e-08,4.343712e-05,0.9991429,3.730961e-09,1.9966988e-05,9.039532e-08,1.2984237e-08,3.8346557e-06,1.3219409e-06,9.791921e-08
id_clht4bh2f9wd.wav,1.6986824e-07,4.7780497e-05,0.9999014,7.743387e-08,5.297587e-07,7.178619e-06,3.1748554e-05,2.0621143e-09,3.7171214e-06,6.8644226e-08,6.167002e-07,6.7249025e-06
id_chbn34foqfz6.wav,5.185583e-06,5.7192653e-07,1.3854318e-05,8.552975e-06,2.556097e-07,9.607728e-07,1.9236015e-06,2.6825763e-05,0.00018760173,1.4333948e-07,1.1523775e-06,0.99975294
id_i42vwjlh438g.wav,0.99970716,8.1130665e-08,2.8404665e-09,9.509601e-06,1.0343012e-05,4.676898e-09,1.9805462e-09,0.00016531482,6.155305e-07,0.000105764666,3.168987e-07,7.5052105e-07
id_5h970i2vq7y9.wav,2.6487029e-05,1.8683107e-07,4.797487e-10,0.9999553,7.7860915e-07,2.96383e-07,2.1533112e-06,7.792811e-06,4.8958805e-06,4.1976578e-09,3.3956317e-07,1.7695351e-06
id_9w70j5c1ebkz.wav,2.8724646e-05,1.32732e-06,4.7618364e-08,3.771018e-09,4.218625e-06,3.3507924e-06,8.5148e-09,1.9534182e-05,4.554318e-08,0.9999418,7.9535863e-07,1.8801234e-07
id_rivr3qtmdrfi.wav,1.9014401e-06,4.6348624e-08,1.5303e-06,1.40470065e-05,9.800071e-08,9.83528e-07,1.1689674e-07,1.0038469e-06,0.99996114,9.720371e-09,1.5259643e-06,1.7654384e-05
id_9wh9ef7tcsoq.wav,2.4622366e-07,4.2300042e-05,0.99987805,1.4848301e-07,6.2395804e-07,1.12011185e-05,4.4393102e-05,4.2744976e-09,9.344874e-06,9.168996e-08,5.965643e-07,1.2959962e-05
id_823rulz7dyg5.wav,2.8351478e-06,3.857903e-07,1.0219267e-05,6.2906565e-06,1.6024416e-07,2.2799634e-06,1.1074637e-06,6.116732e-05,0.00020277934,2.2174363e-07,1.4239347e-06,0.9997111
id_i4ko5owz9uko.wav,0.4352362,0.015607028,0.004579383,0.09609574,0.01767477,0.028470036,0.0096027395,0.19317812,0.024085967,0.09721466,0.013794085,0.06446129
id_6eo1yxcezu5y.wav,3.5598616e-05,1.0116398e-05,9.372672e-09,0.9999107,1.0486326e-05,3.0939734e-07,9.521656e-06,8.946892e-06,2.0728035e-06,2.0477813e-08,4.08154e-06,8.051102e-06
id_ppyucw2y1afd.wav,1.4560845e-08,3.9780232e-07,2.2100646e-06,3.2412443e-06,2.6141139e-05,5.796002e-06,0.9999616,7.786213e-11,1.1686051e-08,5.200786e-10,1.6765617e-10,6.100453e-07
id_iipcchonorm2.wav,1.5275113e-08,3.2724577e-07,1.7679254e-06,2.159917e-06,3.137315e-10,0.99998176,7.0297433e-06,3.3517745e-07,5.075909e-06,9.681687e-07,1.5801122e-07,3.3112187e-07
id_nhunsq3lf4nz.wav,2.5900788e-05,6.9077223e-06,5.613066e-07,1.5996635e-06,2.6658441e-05,3.0334192e-08,4.889294e-09,5.264029e-05,2.092835e-06,2.9231865e-05,0.9998542,6.416215e-08
id_ekbsdsm1j5k2.wav,5.781696e-06,5.555165e-07,2.4125464e-05,2.9055025e-05,6.5041166e-07,3.6806573e-06,1.321198e-06,2.308592e-06,0.99954283,7.328913e-08,1.0973914e-06,0.00038858812
id_6515i93uhpj7.wav,1.526505e-07,5.407767e-05,0.9998934,8.668524e-08,5.649004e-07,9.526197e-06,3.2645512e-05,2.3371265e-09,3.66963e-06,7.881588e-08,6.0639707e-07,5.082523e-06
id_x6gdi6y6gmli.wav,1.569447e-07,5.5774337e-05,0.99985254,1.107566e-07,8.488688e-07,1.0878948e-05,6.963699e-05,3.1928078e-09,3.4671602e-06,6.1264856e-08,4.5753313e-07,6.014364e-06
id_u201xgh6wl65.wav,1.2816975e-07,4.6601908e-08,8.7223356e-07,1.1904e-06,1.2239803e-08,1.6926103e-07,3.2408317e-07,4.559224e-06,1.7524912e-05,4.471976e-09,1.4403146e-07,0.9999751
id_ba57opmtt2kb.wav,5.195366e-07,1.4874699e-07,2.7844524e-06,1.7934317e-06,4.8333977e-08,3.918576e-07,7.908121e-07,5.196444e-06,2.4572555e-05,1.0054963e-08,2.5076736e-07,0.9999635
id_e2ww8ffnbj6r.wav,2.156227e-06,2.6171612e-08,7.0943064e-11,0.9999933,9.1991734e-07,3.7403826e-08,1.1237072e-06,1.8739271e-06,2.0550516e-07,8.1655316e-10,2.2834985e-07,2.0062005e-07
id_sxrx6ekmuk7t.wav,8.8955785e-05,0.00016353736,1.257715e-05,1.984661e-06,5.770633e-05,2.557874e-07,3.858565e-08,3.925319e-05,1.9543584e-05,0.00016904331,0.9994466,5.3423605e-07
id_9dhrv0vgwhij.wav,1.2656983e-07,1.4970612e-05,0.00016054882,4.526055e-06,0.000117104464,2.0466638e-05,0.99967515,1.0769875e-09,1.2026037e-07,5.2532676e-09,2.504754e-09,7.0683736e-06
id_q3r45ppcwmdv.wav,1.3389299e-08,4.5707282e-07,1.7348223e-06,1.5594345e-06,3.9432416e-10,0.99998367,5.854093e-06,3.411194e-07,3.990321e-06,1.764984e-06,1.5144403e-07,4.1406184e-07
id_c02vgvnfyxxe.wav,0.99992657,6.1744394e-08,6.0974725e-10,1.997595e-06,8.869809e-06,1.7632251e-09,2.8987062e-09,9.115028e-06,2.0420306e-07,5.277007e-05,7.414063e-08,2.691355e-07
id_kc81qphk3oc1.wav,2.1679369e-05,1.6308931e-09,7.4653916e-10,2.777739e-06,2.4298952e-08,4.2108144e-09,5.797536e-12,0.99992037,1.3313966e-06,2.173123e-06,2.1497675e-05,3.0233112e-05
id_xxmzi256jrtl.wav,2.5691753e-07,0.99991536,6.263542e-05,2.7567476e-06,9.127035e-06,2.2363614e-07,4.9620905e-07,1.3814608e-09,6.988023e-08,5.062913e-07,8.46641e-06,4.708722e-08
id_300k76hkwos8.wav,4.8938254e-08,8.688149e-07,5.0034287e-06,4.042776e-06,2.192125e-09,0.99993324,4.416566e-05,6.374737e-07,7.067199e-06,3.8060668e-06,2.2686251e-07,8.611564e-07
id_6vqfo2fcyhr5.wav,2.1012127e-07,0.999913,5.9509468e-05,1.1775068e-06,1.5622976e-05,6.557194e-07,1.3185853e-06,9.999809e-10,5.4178017e-08,1.3086784e-06,7.0283277e-06,5.01298e-08
id_ctr35dvbvp5r.wav,2.7982967e-05,2.1190805e-09,5.309693e-10,1.8167191e-06,4.2642018e-08,6.049896e-09,4.929822e-12,0.99991107,7.101088e-07,6.277829e-06,2.6552374e-05,2.555222e-05
id_ntz8g3f8xvhk.wav,1.7400449e-05,2.8989687e-06,1.3390768e-07,5.6486864e-09,2.3747356e-05,2.1463777e-06,1.34574085e-08,1.3157553e-05,3.2823188e-08,0.99993455,5.8097353e-06,1.7017982e-07
id_pl700q0bb27a.wav,6.5347235e-06,4.923347e-05,3.804734e-06,7.2233674e-06,0.9997271,6.033668e-08,0.00019876541,3.8526828e-08,3.243288e-08,1.4353857e-06,5.7141815e-06,5.5670597e-08
id_o9s5yumsgbtu.wav,2.3965208e-07,6.4909806e-08,1.0440305e-06,1.2295247e-06,1.7187414e-08,2.4770316e-07,2.6501377e-07,7.7199265e-06,2.0392556e-05,1.0749395e-08,2.05979e-07,0.9999685
id_d5f9fr569wrb.wav,1.197736e-08,2.7917629e-06,1.1922778e-05,1.2858892e-06,2.2967624e-05,8.721394e-06,0.9999505,8.1650846e-11,1.2758956e-08,3.7454154e-10,2.109919e-10,1.7152165e-06
id_y86egnshxs21.wav,0.9999654,3.9323883e-08,3.155977e-10,4.926312e-06,6.3077755e-06,8.0307283e-10,6.907094e-10,1.0781873e-05,2.1114874e-07,1.2133605e-05,1.00391006e-07,1.5892536e-07
id_e1rgk0c4kifw.wav,1.1520864e-05,4.285481e-06,1.2154354e-07,3.16346e-09,4.624946e-06,3.9199485e-06,6.8926904e-09,8.850572e-06,2.9198919e-08,0.9999641,2.3250655e-06,1.546676e-07
id_yn8wcaporh2v.wav,0.0026749212,0.00013979113,3.6386136e-05,9.1034335e-06,0.0006533208,0.000102418235,1.8171262e-07,0.021012288,4.6076733e-05,0.6847406,0.2905698,1.5144699e-05
id_co8pajamwgvk.wav,0.99991155,2.9095443e-07,1.9547193e-09,2.6234231e-05,2.3299544e-05,5.4339355e-09,5.1150018e-09,1.566761e-05,5.3628946e-07,2.1796805e-05,3.3160927e-07,3.9163254e-07
id_kkxr5l6hj6ab.wav,1.1623277e-06,5.800199e-08,1.3696548e-06,3.902872e-05,1.2749629e-07,1.1000343e-06,2.7729212e-07,1.5038928e-06,0.9999045,1.1829782e-08,8.1086847e-07,5.0042043e-05
id_how31nso2xo5.wav,8.97037e-08,4.265573e-05,0.9999136,4.579782e-08,5.3035814e-07,3.935017e-06,3.3439446e-05,9.750671e-10,1.9110082e-06,2.9891954e-08,2.67166e-07,3.5415035e-06
id_4wz8yh8w8d72.wav,1.8107521e-06,6.9846305e-06,1.942785e-08,2.9988382e-07,0.9999877,4.233e-10,1.9228355e-06,2.197913e-09,5.718124e-10,7.7992604e-07,5.854471e-07,2.2281266e-09
id_cnhztqv0936z.wav,2.2191388e-07,0.9998939,8.1792095e-06,8.1854006e-07,9.199453e-05,1.7086712e-07,1.2014652e-06,5.730514e-10,7.846564e-09,8.3931076e-07,2.6697978e-06,8.067744e-08
id_a8ehzbfonu66.wav,8.750339e-06,9.586922e-10,5.499313e-10,2.7148317e-06,2.2178272e-08,1.7179955e-09,2.5213755e-12,0.999905,8.083333e-07,1.7579496e-06,7.165371e-05,9.391906e-06
id_dihamc9u39ww.wav,7.3083797e-06,0.9990177,6.911319e-05,2.1845638e-06,3.7944297e-05,5.761702e-05,2.6767293e-06,3.7296357e-07,7.5140093e-07,0.0006813816,0.0001179281,4.955029e-06
id_h1a84dsaneua.wav,2.1277613e-06,1.4998923e-06,3.9815397e-08,2.0657525e-07,2.3862956e-06,3.136192e-09,1.4545636e-10,1.404068e-05,5.268121e-07,3.225903e-06,0.99997604,7.249595e-09
id_cbgyigy1pqzz.wav,2.7926957e-05,3.2631306e-07,8.839147e-06,0.0008228525,3.6956445e-07,0.00079768617,5.2326877e-06,8.7350236e-05,0.99811447,1.4769035e-06,4.0498777e-05,9.298277e-05
id_pmfftku2wn4t.wav,0.99998116,2.069088e-08,8.638603e-11,2.1896612e-06,3.2248242e-06,3.5082803e-10,3.6496692e-10,4.204155e-06,7.9172665e-08,9.074837e-06,3.310028e-08,9.505414e-08
id_kv9i7cott9yv.wav,1.4347469e-05,1.5026672e-05,1.3880405e-07,6.810791e-09,1.2868944e-06,6.299019e-05,3.7404025e-08,9.086349e-06,6.4036676e-08,0.9998956,1.1534887e-06,2.288217e-07
id_7jzwoaacfbpo.wav,0.99982953,2.9879095e-06,9.226631e-09,4.5572506e-05,1.6650958e-05,7.5216605e-08,6.2101925e-08,1.8917553e-05,2.5353659e-06,8.1471815e-05,2.6128737e-07,1.91641e-06
id_axoylmnwo3s9.wav,1.0438566e-05,2.873128e-06,4.179129e-08,3.6014717e-07,0.9999521,3.9756904e-09,1.6051972e-05,1.1460176e-08,2.379601e-09,1.7757513e-05,3.727642e-07,8.809543e-09
id_xp89pwxj17yh.wav,6.6311173e-07,0.99981683,0.000107543485,2.8571903e-06,1.0596764e-05,9.2876763e-07,7.8327713e-07,8.403e-09,2.6661075e-07,3.3760004e-06,5.6119305e-05,1.2507311e-07
id_j281trj9e2ef.wav,1.9355575e-06,1.0819069e-07,1.6555843e-10,0.9999895,8.5859546e-07,1.9812114e-07,5.56995e-06,9.3258245e-07,3.614303e-07,1.0344471e-09,1.3890991e-07,4.9420936e-07
id_v32bwosos4mu.wav,1.8389429e-06,5.3987046e-06,2.1145915e-07,7.615696e-08,9.490504e-06,2.6083944e-09,2.4362984e-10,3.2725134e-06,3.0871672e-07,6.984957e-06,0.99997246,6.976192e-09
id_xr5ocxnrjfz6.wav,4.9086916e-06,4.3339625e-08,2.1432566e-06,2.3425877e-05,2.0391317e-07,6.129323e-07,1.9789121e-07,8.569642e-06,0.999926,2.7393144e-08,3.7636387e-06,3.0155332e-05
id_gvbq8ymkhxqv.wav,7.306894e-06,2.3316607e-06,1.6257786e-08,1.4368767e-06,0.9999813,1.3392912e-09,5.120223e-06,1.10291625e-08,1.8075422e-09,1.5373404e-06,9.4588046e-07,4.0642334e-09
id_y6hxa8qd4vp5.wav,1.1883742e-05,1.0063416e-09,2.520698e-10,1.9044802e-06,1.1857268e-08,2.7309688e-09,2.0310528e-12,0.9999536,4.998291e-07,1.554971e-06,1.907644e-05,1.1452147e-05
id_aw8rew98kxmq.wav,3.078795e-05,8.053814e-06,0.0010873489,0.00011262806,5.5238406e-06,0.00010813799,4.4765588e-05,1.4324254e-05,0.9063507,2.2986424e-06,1.1173926e-05,0.092224315
id_bw6s9g7adpza.wav,3.308784e-08,7.87368e-07,8.928897e-06,7.711627e-06,1.8638317e-05,1.3445919e-05,0.9999486,4.1511067e-10,4.6945303e-08,9.05306e-10,6.324468e-10,1.8603288e-06
id_655opz83f256.wav,0.9999579,8.5138055e-08,4.0189488e-10,9.162867e-06,9.907781e-06,1.3488041e-09,2.3256708e-09,5.0818526e-06,1.1077145e-07,1.7402963e-05,7.675651e-08,1.92985e-07
id_43xn9tcjddi2.wav,1.5897588e-06,1.5353082e-08,6.49371e-11,0.9999938,1.2306045e-06,3.5058395e-08,2.0058026e-06,1.0388842e-06,7.5349156e-08,6.166421e-10,1.4829328e-07,8.390861e-08
id_aclq86lnta44.wav,4.9858343e-08,0.99994016,3.864329e-05,3.4165964e-07,1.4596718e-05,1.0538922e-06,2.2635547e-06,3.4761186e-10,9.289016e-09,9.285811e-07,1.9291153e-06,8.006889e-08
id_8lnqg1xucd1k.wav,0.99973804,3.4554267e-07,2.4127251e-09,1.3839388e-05,0.00016412024,7.427579e-09,2.5541764e-08,6.8332e-06,2.502844e-07,7.5597294e-05,3.0220681e-07,5.596507e-07
id_ozm898c4vmjz.wav,2.3384185e-07,0.99982136,0.00014308003,2.0372343e-06,2.2104325e-05,1.242443e-06,5.0010035e-06,1.0250388e-09,4.2356923e-08,9.723917e-07,3.7567906e-06,1.2809907e-07
id_wj205l8cotsc.wav,3.1064374e-05,2.5553584e-09,1.4869409e-09,8.058618e-06,3.935724e-08,6.5293078e-09,1.5930762e-11,0.9998864,2.1264611e-06,2.7347692e-06,3.312609e-05,3.654923e-05
id_trstfzmv954d.wav,5.947337e-05,7.975493e-06,3.725262e-06,1.4765121e-05,2.3874973e-05,1.593989e-07,3.8481943e-08,0.00022708051,6.0845665e-05,2.6990341e-05,0.99957424,8.204217e-07
id_0uxx7uona5k3.wav,6.535448e-07,1.33951685e-08,8.154272e-07,1.1614071e-05,3.2187323e-08,3.8193454e-07,6.8441054e-08,1.0897271e-06,0.9999547,4.154809e-09,3.9927806e-07,3.0264353e-05
id_fxf1va9pckl6.wav,1.4169166e-06,2.6079531e-08,1.0221201e-10,0.99999154,1.610696e-06,5.7736933e-08,2.8168781e-06,1.8193325e-06,1.515186e-07,1.26082e-09,3.876905e-07,1.7104132e-07
id_qe3b7vcv1yw3.wav,3.1278793e-07,4.545249e-08,2.1568665e-06,1.1117249e-06,1.9944556e-08,2.0340421e-07,3.4354215e-07,5.005275e-06,2.8040164e-05,7.641123e-09,1.7202869e-07,0.9999627
id_ssh7xcoaaxsk.wav,1.7954393e-05,8.9599045e-10,5.759363e-10,3.7152706e-06,1.4194391e-08,2.1499844e-09,3.184243e-12,0.9999336,1.5029643e-06,1.2581364e-06,3.201568e-05,9.893982e-06
id_rchwiklhp4a2.wav,2.1707692e-06,9.6916985e-08,3.5858263e-06,1.4823201e-05,2.2615079e-07,7.6802405e-07,2.0961916e-07,1.844896e-06,0.9998771,1.8882051e-08,1.0029436e-06,9.817494e-05
id_wkf6b80ez2y2.wav,0.99994993,1.6314736e-07,9.261787e-10,5.923594e-06,4.889625e-06,2.6292641e-09,2.149351e-09,1.43063835e-05,5.9534204e-07,2.359435e-05,1.0868071e-07,5.09686e-07
id_lmvrjlvtk8gr.wav,3.7323475e-06,3.7564798e-06,5.0536045e-08,1.5216538e-06,0.9999809,1.1685869e-09,8.808861e-06,6.002216e-09,1.4086173e-09,7.3471847e-07,4.7757055e-07,2.936018e-09
id_p7ecbqbeaho9.wav,3.411653e-05,7.8170354e-10,3.921075e-10,2.972292e-06,2.0151866e-08,3.800388e-09,3.1048176e-12,0.9999331,7.1026665e-07,2.9217238e-06,1.8861756e-05,7.3277906e-06
id_0kbkytu57yvs.wav,1.1092905e-06,2.4706253e-08,1.2387463e-06,1.8926574e-05,5.534648e-08,1.3716092e-06,1.2799924e-07,1.2709869e-06,0.9999286,1.1196937e-08,3.9941847e-07,4.69315e-05
id_3i7rr3mua8mq.wav,1.5687003e-07,9.163829e-05,0.99979156,1.3927489e-07,8.112804e-07,1.373731e-05,9.351844e-05,3.1805483e-09,2.5618467e-06,6.8305226e-08,3.8037186e-07,5.4457623e-06
id_os88ex3c3u49.wav,1.9264913e-05,2.1639858e-06,2.4102567e-08,2.4374474e-06,0.99995744,3.656999e-09,1.24558e-05,1.5182318e-08,3.2689718e-09,5.469251e-06,6.612277e-07,6.7405836e-09
id_l1lcm1k62tgg.wav,0.00050462363,8.961698e-06,1.23785285e-05,0.0008765341,8.9317626e-05,4.6921896e-06,3.7221903e-07,0.014753187,0.0008385291,6.768364e-05,0.98283607,7.6531915e-06
id_jv2ramr884vx.wav,1.4288545e-05,1.6406237e-09,5.90846e-10,2.5543736e-06,3.297538e-08,2.937906e-09,4.692435e-12,0.9999105,9.5177916e-07,1.9738068e-06,4.4354423e-05,2.5377061e-05
id_gqqkikmkx8yp.wav,3.5194091e-06,2.2902933e-08,6.951288e-11,0.9999906,4.301221e-07,9.466622e-08,1.3023703e-06,2.8740967e-06,7.418899e-07,1.0109787e-09,1.6418227e-07,3.4168178e-07
id_e6bctddrcdwl.wav,2.0259995e-07,8.8262304e-08,7.2707815e-07,9.751284e-07,1.728223e-08,2.3353451e-07,3.886602e-07,3.9047413e-06,6.8667932e-06,5.2688023e-09,1.8206741e-07,0.9999863
id_4ll3yf4fcq6e.wav,1.4555075e-08,8.6318005e-07,4.593779e-06,2.5844367e-06,1.1414005e-05,9.907745e-06,0.9999696,9.733857e-11,1.420281e-08,4.0088743e-10,2.0313236e-10,9.91553e-07
id_cqh1v89t7m1t.wav,2.6979492e-06,0.00016644284,0.9994398,8.6827765e-07,3.4379716e-06,7.5513504e-05,0.00018682767,5.6214702e-08,4.0054387e-05,1.2474018e-06,7.700393e-06,7.536393e-05
id_8wc1j41bu4p2.wav,2.5817446e-05,4.9619975e-09,9.427749e-10,3.4833413e-06,4.3676636e-08,1.1690409e-08,1.2581084e-11,0.9998728,1.1028544e-06,4.381778e-06,2.972448e-05,6.2678766e-05
id_m4pmyoplloq9.wav,2.2006432e-05,1.4036927e-09,7.089593e-10,4.261648e-06,3.1233135e-08,3.9218695e-09,4.9888605e-12,0.9999138,8.364309e-07,2.8372783e-06,4.3714168e-05,1.2545944e-05
id_uq7fd55jmric.wav,5.236541e-06,2.6792482e-06,2.2178682e-08,1.01635e-06,0.99996924,2.513211e-09,1.9845485e-05,4.1536334e-09,1.481182e-09,1.7638059e-06,1.9505788e-07,4.8749933e-09
id_1fl8vl27b0ri.wav,1.705697e-06,2.8831588e-08,1.439846e-10,0.99999166,1.520482e-06,3.983714e-08,1.6385578e-06,2.5797412e-06,1.9713904e-07,1.160054e-09,4.723733e-07,1.7177973e-07
id_r3lvet993su7.wav,0.00019482845,0.9758798,0.014352427,0.0009785902,0.0012182279,0.0010903849,0.0055352794,3.3864133e-06,4.2260406e-05,0.00021079785,0.0002541316,0.00023974161
id_hme25doaw4n4.wav,1.022439e-05,0.00035585402,7.1937325e-07,1.2052826e-05,0.99937797,4.6707855e-09,2.5007914e-06,1.624484e-07,1.6966913e-08,2.7076205e-06,0.00023778054,4.7135398e-08
id_awb9zz35exud.wav,0.00015288191,4.9607575e-08,1.1198036e-08,5.427464e-06,1.847453e-07,1.255762e-07,8.03566e-11,0.9995977,6.8647073e-06,3.8936345e-05,7.824464e-05,0.000119536715
id_z4a8jm21uhmt.wav,1.517059e-06,0.0002454805,0.9993831,8.2226205e-07,9.85297e-06,1.237409e-05,0.00023661701,3.446748e-08,3.0340023e-05,2.9306526e-07,3.3921176e-06,7.612968e-05
id_1oaqtr0qfagr.wav,2.0451684e-05,3.418308e-06,2.3253648e-07,0.9964604,2.3353914e-06,3.104734e-05,0.000108221386,0.00012104556,0.0005181745,6.9066004e-08,7.727543e-06,0.0027268662
id_y9ew39kchshr.wav,1.1550063e-05,4.3292692e-07,5.8058697e-10,0.99997103,1.4756317e-06,5.779781e-07,5.651374e-06,3.9978277e-06,3.4136326e-06,4.73102e-09,4.6805957e-07,1.3370972e-06
id_an1s6i3uc5r7.wav,3.2750464e-07,1.2855775e-08,8.3849335e-07,1.2118389e-05,2.80386e-08,2.3676584e-07,6.556592e-08,5.883424e-07,0.9999361,1.8484256e-09,1.8377197e-07,4.95058e-05
id_g5oo1drko5rn.wav,3.1544047e-08,1.2605827e-06,5.999748e-06,1.4822446e-06,2.0104565e-09,0.999941,4.131071e-05,3.4107197e-07,3.8214484e-06,4.012604e-06,1.3145333e-07,6.032362e-07
id_d1g495f1j6ea.wav,1.2037162e-05,1.1813792e-05,1.7425651e-07,5.245036e-09,3.0119006e-06,1.4558468e-05,2.3213271e-08,9.405223e-06,6.9216554e-08,0.99994755,8.7723384e-07,3.9429733e-07
id_s110qvr3smzm.wav,5.285308e-07,4.924664e-05,0.99975044,2.9099635e-07,2.587298e-06,1.2180265e-05,0.00013731512,1.0792654e-08,1.3600656e-05,8.181764e-08,1.0211431e-06,3.273321e-05
id_ckdx4qyac694.wav,2.645201e-05,3.4711356e-06,8.247798e-09,0.99983203,9.808418e-06,4.9503365e-06,7.230264e-05,4.730456e-06,4.152419e-05,2.3778876e-08,1.4103198e-06,3.2284665e-06
id_ug9366c9nnov.wav,0.0029466138,0.00051404076,0.0004480036,0.002194885,0.0007755439,6.130936e-06,1.7854289e-05,0.00071296876,0.8167265,4.0813098e-05,0.17504391,0.0005727844
id_1bxrd1cmac6f.wav,0.07756419,0.0033634142,0.015075185,0.2670322,0.0039925827,0.06473406,0.011770736,0.18194443,0.30479398,0.0064405296,0.049744148,0.013544493
id_gn1ngkljof8s.wav,1.8353624e-07,0.9997923,1.6129028e-05,1.2187855e-06,0.00018443579,2.5229787e-07,2.56987e-06,4.5255005e-10,8.601388e-09,5.5542097e-07,2.2126214e-06,5.339055e-08
id_kd6i4g770kdy.wav,6.4333544e-05,5.332052e-06,8.136093e-08,1.2506923e-06,0.9998367,1.2286147e-08,2.8265069e-05,4.021241e-08,1.0309e-08,6.331344e-05,7.088354e-07,2.8190133e-08
id_7vspd6lf1hdt.wav,3.0009492e-06,1.12241864e-07,1.9645448e-10,0.99998796,3.9995527e-07,3.4837703e-07,2.694023e-06,2.5041868e-06,1.8059462e-06,1.5571516e-09,1.7812408e-07,9.4142035e-07
id_n9jhnmikkyts.wav,0.99997795,8.6227516e-08,2.8891056e-10,4.2818024e-06,4.8007173e-06,6.626512e-10,8.7732444e-10,4.5179236e-06,3.3788007e-07,7.720633e-06,8.183844e-08,1.9918107e-07
id_gcmpl6zpq0wx.wav,5.6892826e-05,5.2742154e-05,6.2839933e-07,0.97798836,1.6261654e-05,2.9521043e-05,7.7214434e-05,0.0011099278,5.3740518e-05,3.6753616e-07,0.00010550519,0.02050895
id_uxz0zjj69hy5.wav,4.5217475e-06,5.4635198e-06,4.6687724e-08,1.9139663e-09,6.9397885e-07,1.5617527e-05,7.460176e-09,6.517162e-06,2.4126935e-08,0.9999666,3.2193216e-07,1.5241801e-07
id_xlh4nadhrwa1.wav,5.175584e-07,0.99992526,1.723017e-05,2.453952e-06,4.719651e-05,2.2720648e-07,1.4608581e-06,9.333254e-10,2.2148452e-08,6.676512e-07,4.967521e-06,8.645485e-08
id_6nw7a125aewx.wav,2.6276716e-06,7.121116e-06,4.7608808e-08,1.0480993e-06,0.9999814,1.1682398e-09,6.5250447e-06,3.9671564e-09,7.7265444e-10,7.8220484e-07,4.230687e-07,2.7014777e-09
id_00hqhzl5653c.wav,1.6064399e-07,7.116053e-07,2.2887414e-06,4.2942665e-05,5.6137193e-09,0.9998534,4.182163e-05,2.8888949e-06,4.916433e-05,2.329429e-06,1.0130564e-06,3.21937e-06
id_yv0wugfsg1ao.wav,1.0392945e-06,0.00014106273,0.009799127,1.9858582e-05,0.00011196535,0.007419603,0.9824813,3.535298e-08,3.0275135e-06,1.9617698e-07,3.743389e-08,2.2688495e-05
id_twp8kzflzc9b.wav,1.2472367e-06,6.2269905e-06,2.0521385e-07,1.0077997e-07,7.727267e-06,8.325218e-09,3.6980138e-10,5.7142183e-06,3.6077105e-07,1.4067523e-05,0.99996436,8.179141e-09
id_buqzbwerrj7l.wav,2.627012e-05,1.2714477e-09,4.3472723e-10,2.9530054e-06,2.3282036e-08,4.8900755e-09,3.9897946e-12,0.99993014,7.8478143e-07,2.994672e-06,2.5052714e-05,1.1833465e-05
id_qmsgjp9f7uxb.wav,9.488128e-08,0.9999691,1.072562e-05,7.177841e-07,1.5201962e-05,2.783885e-07,7.396909e-07,3.5386408e-10,8.896265e-09,4.5412466e-07,2.5456054e-06,3.5285616e-08
id_9fy4way7pj8c.wav,5.190656e-08,2.0174894e-06,2.500576e-06,4.9039836e-06,6.314552e-09,0.99987435,0.00010223992,7.8963456e-07,7.5689372e-06,2.977655e-06,2.3823453e-07,2.4157564e-06
id_aru2jpbjdfd2.wav,6.987894e-07,0.9998659,7.6512784e-05,1.0623796e-05,3.078058e-05,2.7457682e-07,2.0925581e-06,1.8479717e-09,1.2821381e-07,3.8986624e-07,1.2526059e-05,6.709802e-08
id_ypaayqws5kqq.wav,1.3746847e-05,4.3038445e-10,2.543381e-10,1.7347912e-06,6.8858887e-09,1.349544e-09,1.1894774e-12,0.9999591,1.2417482e-06,7.083045e-07,1.7081393e-05,6.4061214e-06
id_1a8vrokrnq9z.wav,0.0034465317,0.0032256187,0.0016776859,0.0013809095,0.00454481,0.00022794232,0.00012006116,0.0012269982,0.0007923176,0.0031350264,0.9801154,0.000106641004
id_qhlc0l62ld75.wav,5.5107776e-05,0.00010700867,2.1506928e-06,1.2821259e-05,0.0009551797,4.9491274e-07,2.229614e-08,0.0032258814,4.107734e-06,0.0014413241,0.9941941,1.7813351e-06
id_a89eugiorq3s.wav,1.1720705e-05,4.3126493e-06,2.720701e-08,4.341927e-07,0.99997425,9.031974e-10,2.4532392e-06,1.1548596e-08,1.4840624e-09,5.863564e-06,9.009234e-07,4.8711515e-09
id_eaor27mf31c1.wav,3.1992702e-06,2.7110764e-06,1.5704517e-08,2.2677493e-07,0.9999895,4.589526e-10,2.060752e-06,3.4690455e-09,6.1772953e-10,1.8282409e-06,3.997358e-07,1.9737885e-09
id_314adm1tgwmv.wav,5.532025e-07,9.100627e-05,0.99967444,3.3784454e-07,1.2893673e-06,7.681746e-05,0.00012965711,1.5732843e-08,1.2048367e-05,3.6793114e-07,1.9265751e-06,1.1489475e-05
id_eqs92upsm27m.wav,1.6102329e-06,2.6826888e-06,2.849082e-07,1.2774673e-07,2.061895e-06,1.2368344e-08,3.946167e-10,9.705872e-06,1.1953458e-06,8.524469e-06,0.9999738,1.1443452e-08
id_95ne6kmzq5oc.wav,0.9999341,6.682454e-08,4.932386e-10,4.0516798e-06,1.5445117e-05,1.1496195e-09,2.0890585e-09,7.632185e-06,1.07897016e-07,3.8223094e-05,8.957543e-08,2.4671695e-07
id_gb06ygf9u84i.wav,1.0239059e-07,0.99996364,1.529238e-05,4.726823e-07,1.206953e-05,4.300822e-07,5.8115137e-07,6.049992e-10,1.3237689e-08,9.823887e-07,6.3703337e-06,3.936749e-08
id_0w58argnti9a.wav,0.9999205,7.2728234e-08,8.455817e-10,7.831473e-06,5.7706798e-06,3.861571e-09,2.0544706e-09,2.7412847e-05,3.021225e-07,3.7652822e-05,9.844935e-08,3.546437e-07
id_d5r3l2rwmh4k.wav,3.3922229e-06,3.3245435e-06,8.241291e-06,0.00012339292,1.6056441e-07,0.99925023,0.00046325396,1.5211693e-05,6.460399e-05,5.6251796e-05,3.5770636e-06,8.400398e-06
id_4uribxe3rof4.wav,2.4265735e-06,3.3654665e-06,2.913517e-07,2.3744285e-07,1.2652779e-05,6.6831265e-09,8.460159e-10,6.105946e-06,6.711805e-07,5.757061e-06,0.9999685,1.2321492e-08
id_gcj0u7afbal2.wav,0.005860825,0.99127156,2.3752973e-05,0.0022225874,0.00028066197,4.1473984e-05,6.841211e-05,1.230284e-06,9.1776865e-06,0.00014619839,3.659424e-05,3.7525915e-05
id_nzb6q47aukhy.wav,2.993673e-06,1.1347383e-07,2.308632e-10,0.9999827,6.2060076e-07,5.730802e-07,9.414922e-06,1.6084023e-06,1.0486416e-06,2.0770456e-09,1.5745584e-07,7.6578806e-07
id_9bz6koh0qbnn.wav,1.3162717e-05,0.00020579861,0.00039001514,7.300095e-05,5.787592e-07,0.9975309,9.9354125e-05,0.0003303061,0.00023860994,0.00085404207,6.0565875e-05,0.00020371508
id_xxafyus12hap.wav,1.7271238e-07,0.99993217,2.1771824e-05,1.3657418e-06,4.0143084e-05,1.14880315e-07,5.8229756e-07,4.4677495e-10,2.1974149e-08,2.953235e-07,3.3774493e-06,2.040978e-08
id_6n5o9fyjrcc0.wav,1.9742203e-05,2.263614e-09,2.1661566e-09,1.24492435e-05,5.653436e-08,4.7903073e-09,2.0349913e-11,0.9998572,2.08571e-06,2.1687852e-06,6.686776e-05,3.9317965e-05
id_vbda8x3lzr2k.wav,0.41097662,0.0074947714,0.0037102378,0.11396044,0.012220827,0.025014732,0.005904142,0.24870077,0.033152584,0.09019517,0.012901292,0.035768304
id_911lynxylm7x.wav,8.5183024e-07,2.9518882e-08,1.2664134e-06,1.2301494e-05,7.455962e-08,3.7696668e-07,8.689778e-08,8.506044e-07,0.99993527,4.9431303e-09,4.843733e-07,4.8434056e-05
id_kbykqygrrlc1.wav,6.030455e-08,4.7928186e-08,5.146587e-07,1.0840176e-06,7.910991e-09,1.7987429e-07,5.319009e-07,2.4057165e-06,5.1858765e-06,1.5082184e-09,1.14168905e-07,0.99998975
id_3kz5c76ij12f.wav,1.01756555e-07,6.180255e-07,5.9586264e-06,1.0677531e-05,3.977006e-09,0.99983275,0.00013618682,1.0166523e-06,9.386331e-06,2.0242683e-06,2.9073126e-07,9.0811903e-07
id_1vj58svc9f5k.wav,4.4759947e-08,4.7577907e-07,1.6124588e-06,7.64484e-06,1.8923612e-09,0.9999324,4.415067e-05,6.526676e-07,1.0208115e-05,1.1658807e-06,1.8693855e-07,1.3763015e-06
id_pt66o3770eaa.wav,8.6353786e-08,0.9999497,3.0453522e-05,4.191982e-07,6.840111e-06,5.6501136e-07,1.9156289e-07,9.916773e-10,3.0564415e-08,2.3465773e-06,9.285036e-06,1.9947493e-08
id_55r05fkcat7s.wav,3.6207234e-06,1.936466e-05,1.4502941e-06,4.1011134e-07,1.7933258e-05,1.3919681e-07,3.5466292e-09,2.455278e-05,1.409038e-06,0.00011832126,0.99981266,9.034866e-08
id_qnjrd5zv0ijl.wav,1.3470148e-07,4.4886562e-08,1.152437e-06,1.02456e-06,1.2765174e-08,1.9402971e-07,4.1545024e-07,2.405388e-06,1.8307892e-05,3.412808e-09,1.3027271e-07,0.99997616
id_7s76g8y0glcs.wav,4.778993e-09,1.2564379e-06,3.274257e-06,1.0001226e-06,1.45366275e-05,3.3002616e-06,0.9999759,2.0242844e-11,5.2840647e-09,9.012539e-11,6.9932886e-11,6.546266e-07
id_vr2qhdz3trwj.wav,1.3824661e-05,4.1553516e-10,1.666179e-10,1.2748749e-06,1.0573066e-08,1.0565783e-09,9.228219e-13,0.9999598,4.2941213e-07,1.2135995e-06,1.6719261e-05,6.644801e-06
id_ml8mhgdy000a.wav,1.8915487e-07,5.9674655e-08,1.2498638e-06,1.0128252e-06,1.3068912e-08,3.1845076e-07,4.5915766e-07,4.0371806e-06,1.4591646e-05,5.5497495e-09,1.6829176e-07,0.99997795
id_t336k41v6kqx.wav,0.9999695,2.705758e-08,1.9811175e-10,2.4293358e-06,4.8437905e-06,5.92001e-10,7.3045775e-10,5.7122425e-06,1.5317866e-07,1.7171238e-05,4.367986e-08,1.3124487e-07
id_l34eftmdblak.wav,1.0661751e-05,6.1753162e-06,1.351815e-07,4.9618567e-09,3.4130376e-06,1.4765379e-05,1.7415372e-08,1.9207064e-05,5.7621513e-08,0.9999436,1.774195e-06,2.0765607e-07
id_bgbgyftdfuh7.wav,1.0496566e-05,5.669297e-06,4.0143984e-08,1.1177506e-06,0.9999703,2.3700868e-09,7.295207e-06,1.0896953e-08,2.2430886e-09,4.5959555e-06,5.770007e-07,6.9566717e-09
id_vrkbukotyb0k.wav,2.7630927e-06,3.8536004e-05,2.0644135e-05,0.001554047,0.000975331,6.0057264e-05,0.99732083,2.9385205e-08,6.9356923e-07,1.7164155e-08,9.143592e-08,2.704111e-05
id_2r0hv1ciwxsf.wav,1.5747268e-06,4.2931566e-07,4.2290692e-05,5.750423e-06,1.5706372e-07,1.124147e-06,1.9311756e-06,5.7126636e-06,0.00089669926,6.7904416e-08,8.932718e-07,0.9990433
id_o8gqo553qcr7.wav,0.99994457,4.359363e-08,2.6688712e-10,2.8740712e-06,1.3428783e-05,8.167439e-10,1.597799e-09,5.3398385e-06,7.830892e-08,3.358885e-05,5.9099744e-08,1.533539e-07
id_hd3s5nzfdcxp.wav,6.974438e-05,3.2162473e-09,1.5811995e-09,5.30546e-06,4.0861888e-08,8.049239e-09,1.2941077e-11,0.99986196,3.0824183e-06,4.6434634e-06,2.5660436e-05,2.9572439e-05
id_gkywu3tot95q.wav,1.7649976e-05,3.142178e-07,2.6682084e-10,0.9999708,1.9675094e-06,2.376797e-07,6.1993946e-06,1.1558275e-06,6.940519e-07,3.3481917e-09,1.3021202e-07,8.7871456e-07
id_rdhuhqjarmwr.wav,1.5697786e-05,1.5458407e-09,1.399668e-09,3.2301418e-06,3.1904516e-08,3.1738745e-09,7.0143795e-12,0.999894,4.530825e-06,1.2293007e-06,4.874716e-05,3.2500928e-05
id_0ofmn0pdceyk.wav,2.0754198e-06,2.0409278e-08,5.2524297e-07,2.2458016e-05,6.661865e-08,8.4299955e-07,9.468148e-08,2.281345e-06,0.999961,1.0438205e-08,1.6533347e-06,8.899373e-06
id_x2x84ew9n8dj.wav,5.1202058e-08,5.1473614e-07,1.2633566e-06,7.206312e-06,1.367931e-09,0.9999571,1.7603523e-05,1.1294821e-06,1.1283867e-05,2.6998246e-06,3.4347602e-07,8.299695e-07
id_ne64zembd7cv.wav,3.6056953e-08,5.866997e-07,2.5664876e-06,4.707815e-06,9.436254e-10,0.9999583,2.0538493e-05,4.9013016e-07,9.660455e-06,2.2413244e-06,2.1600279e-07,7.343733e-07
id_ykr571uwh9g2.wav,1.5290881e-08,4.274639e-07,2.917383e-06,1.6298108e-06,6.088732e-10,0.9999778,9.891145e-06,3.167911e-07,4.758858e-06,1.1817671e-06,1.1500977e-07,8.498865e-07
id_kwld6ki8gw59.wav,0.9821286,9.769998e-05,1.011733e-07,0.017389704,0.00013606939,3.20396e-06,3.624591e-06,0.00013778642,1.6887027e-05,4.6745892e-05,3.834093e-06,3.5834688e-05
id_j5s1s1n87gi2.wav,5.7952716e-06,5.559212e-08,1.3030066e-10,0.99998534,6.1506034e-07,6.6191525e-08,6.072509e-07,5.8879937e-06,8.86094e-07,1.5249747e-09,3.6677437e-07,4.3614932e-07
id_yh044925gjg4.wav,4.246896e-06,7.8411595e-06,1.1098201e-06,4.1065186e-07,8.30394e-06,1.6387098e-08,1.9073823e-09,1.1649848e-05,7.41667e-06,6.977045e-06,0.99995196,5.436594e-08
id_sm1xmusbsa1s.wav,0.06053411,0.85030496,0.001129469,0.0025390694,0.07515671,9.057026e-05,0.0005498223,2.4617237e-05,8.838433e-05,0.009332798,0.00010816606,0.00014131104
id_96cgw74ix4vo.wav,1.5527336e-05,6.3047054e-07,1.2137573e-09,0.9998815,4.53022e-06,2.7061938e-06,9.166436e-05,9.225317e-07,1.3345584e-06,4.4759356e-09,1.4519807e-07,9.956022e-07
id_83u0k9aadjrt.wav,1.0898234e-05,8.124427e-07,1.7325085e-08,1.3821795e-09,1.3708122e-06,2.5159604e-06,3.347346e-09,1.0151027e-05,1.7162316e-08,0.9999739,2.735495e-07,7.1382104e-08
id_92erc1f10vr5.wav,2.7851326e-07,8.408403e-08,8.3281947e-07,1.1095403e-06,1.6300401e-08,2.2652297e-07,4.8274785e-07,3.4731802e-06,5.3792232e-06,3.979528e-09,1.5969027e-07,0.99998796
id_gzz3vgwnzues.wav,4.022464e-06,3.3050894e-06,1.0874576e-08,4.631857e-07,0.9999881,4.953026e-10,2.6423293e-06,2.7165472e-09,6.3287e-10,1.1982621e-06,3.6925e-07,2.3556799e-09
id_wpm7kgqpm9vc.wav,6.486115e-07,1.2037165e-07,3.6793544e-06,1.3171947e-06,5.300898e-08,3.649414e-07,7.9831494e-07,4.7733047e-06,2.6764184e-05,1.3248037e-08,2.8950714e-07,0.99996114
id_cjhl0l8iaj31.wav,1.1171607e-06,1.8446771e-07,1.972943e-06,3.5611702e-06,8.214122e-08,4.823608e-07,6.8264484e-07,2.7517188e-05,1.7867293e-05,2.8643036e-08,6.070897e-07,0.9999459
id_qi5e6fbf32o9.wav,1.3462906e-07,0.99995244,1.2845526e-05,1.2603158e-06,3.0453866e-05,1.2010172e-07,7.9183036e-07,2.2355302e-10,9.4900825e-09,2.513061e-07,1.7476054e-06,2.0903176e-08
id_b9frf8txj79m.wav,7.472068e-06,2.6772693e-07,1.6700594e-09,0.9998938,6.344053e-07,4.8600114e-06,2.7420743e-05,7.7341765e-06,3.5421614e-05,6.877065e-09,2.068285e-07,2.218542e-05
id_c3hs7plhuxw5.wav,2.8473718e-05,7.5205947e-10,3.5465267e-10,2.2984607e-06,1.6518207e-08,3.5340093e-09,2.4869993e-12,0.9999368,7.214888e-07,2.8851985e-06,2.1487289e-05,7.3871224e-06
id_9av7kxwofkic.wav,2.4121448e-07,0.9999714,9.316788e-06,1.6200514e-06,1.1900035e-05,2.456223e-07,4.367505e-07,5.5366534e-10,1.9243394e-08,5.983465e-07,4.0844934e-06,2.6009062e-08
id_t0cm4ldlfg06.wav,6.9807555e-08,1.3114013e-06,1.805562e-06,3.991898e-06,3.015504e-09,0.99995446,1.3505062e-05,1.3912587e-06,1.1332734e-05,1.0600456e-05,3.7908296e-07,1.2271528e-06
id_pivoq0nilir7.wav,0.99997044,2.5328008e-08,1.8782927e-10,2.4828673e-06,3.5794915e-06,6.758343e-10,6.4890543e-10,6.8427316e-06,1.7706043e-07,1.6377397e-05,4.8447284e-08,1.23071e-07
id_b0mkkachwws5.wav,4.0984023e-06,1.7002585e-06,1.4436897e-08,5.6739015e-07,0.9999882,5.5999816e-10,3.8102166e-06,3.6681143e-09,7.6223616e-10,1.1733455e-06,3.1952635e-07,1.9506379e-09
id_xredagzoivgw.wav,1.8512023e-05,7.2724997e-06,1.5731162e-07,1.34171e-08,3.9851116e-06,3.747543e-05,4.3996838e-08,2.9249564e-05,9.99533e-08,0.9999007,2.004033e-06,4.838312e-07
id_0f143sjn7gvz.wav,2.2290536e-05,1.0071129e-06,3.8721765e-08,2.076151e-09,3.2973655e-06,1.9652134e-06,4.235025e-09,1.6110318e-05,2.6274474e-08,0.99995434,8.127817e-07,1.5038752e-07
id_4exzt57o1u9i.wav,3.757275e-05,2.2500392e-06,0.00046873628,0.00014859828,3.4079621e-06,7.6187745e-05,1.6230188e-05,3.610897e-05,0.9939107,1.3787202e-06,1.2224218e-05,0.005286556
id_4fp88jjoe6w6.wav,3.4751301e-06,0.00028019035,0.99936396,1.7641712e-06,9.999096e-06,4.3609332e-05,0.000126604,1.07770525e-07,9.714353e-05,1.6317643e-06,9.031139e-06,6.2387466e-05
id_78tuhlpzyz6s.wav,5.655939e-05,5.4020347e-06,1.6126927e-07,2.2685827e-08,4.8593215e-06,3.205379e-05,5.6358363e-08,8.461817e-05,2.0224749e-07,0.99981195,3.2651021e-06,8.3795436e-07
id_1rzmvzdyl0z6.wav,0.9998259,3.0141817e-07,2.7338718e-09,6.22494e-06,1.8429295e-05,8.30619e-09,7.287419e-09,2.0494666e-05,4.5498203e-07,0.00012734321,2.818874e-07,4.841125e-07
id_obzs20f08uw2.wav,2.4971264e-06,9.388228e-08,1.9146185e-06,1.7510705e-05,1.7695906e-07,4.8531587e-07,1.438693e-07,1.5631103e-06,0.9999167,1.4420508e-08,6.260236e-07,5.8264293e-05
id_omofagxhys5k.wav,0.00017242784,4.5484845e-05,5.5947122e-08,5.6710007e-05,0.99971336,1.9105495e-09,7.892827e-06,2.9980285e-08,7.351765e-09,9.619386e-07,3.052274e-06,4.1435374e-08
id_85d70ik8be29.wav,6.796075e-07,1.3809e-07,1.2717535e-06,2.1161325e-06,4.557822e-08,5.286221e-07,2.1971634e-07,5.2752574e-05,3.17351e-05,7.1767e-08,5.6524317e-07,0.99990976
id_fm8cnoes4cy6.wav,9.695414e-06,3.5787127e-06,9.677423e-05,0.0008941831,3.8083144e-06,1.2554637e-05,9.613355e-05,0.000137272,0.13734908,3.6932167e-07,1.7435606e-05,0.86137915
